customerID,Churn,customer.gender,customer.SeniorCitizen,customer.Partner,customer.Dependents,customer.tenure,phone.PhoneService,phone.MultipleLines,internet.InternetService,internet.OnlineSecurity,internet.OnlineBackup,internet.DeviceProtection,internet.TechSupport,internet.StreamingTV,internet.StreamingMovies,account.Contract,account.PaperlessBilling,account.PaymentMethod,account.Charges.Monthly,account.Charges.Total,Cuentas_Diarias
0002-ORFBO,0,Female,0,1,1,9,1,0,DSL,0,1,0,1,1,0,One year,1,Mailed check,65.6,593.3,2.156476003
0003-MKNFE,0,Male,0,0,0,9,1,1,DSL,0,0,0,0,0,1,Month-to-month,0,Mailed check,59.9,542.4,1.969099277
0004-TLHLJ,1,Male,0,0,0,4,1,0,Fiber optic,0,0,1,0,0,0,Month-to-month,1,Electronic check,73.9,280.85,2.429322814
0011-IGKFF,1,Male,1,1,0,13,1,0,Fiber optic,0,1,1,0,1,1,Month-to-month,1,Electronic check,98,1237.85,3.22156476
0013-EXCHZ,1,Female,1,1,0,3,1,0,Fiber optic,0,0,0,1,1,0,Month-to-month,1,Mailed check,83.9,267.4,2.758053912
0013-MHZWF,0,Female,0,0,1,9,1,0,DSL,0,0,0,1,1,1,Month-to-month,1,Credit card (automatic),69.4,571.45,2.28139382
0013-SMEOE,0,Female,1,1,0,71,1,0,Fiber optic,1,1,1,1,1,1,Two year,1,Bank transfer (automatic),109.7,7904.25,3.606180145
0014-BMAQU,0,Male,0,1,0,63,1,1,Fiber optic,1,0,0,1,0,0,Two year,1,Credit card (automatic),84.65,5377.8,2.782708744
0015-UOCOJ,0,Female,1,0,0,7,1,0,DSL,1,0,0,0,0,0,Month-to-month,1,Electronic check,48.2,340.35,1.584483892
0016-QLJIS,0,Female,0,1,1,65,1,1,DSL,1,1,1,1,1,1,Two year,1,Mailed check,90.45,5957.9,2.973372781
0017-DINOC,0,Male,0,0,0,54,0,0,DSL,1,0,0,1,1,0,Two year,0,Credit card (automatic),45.2,2460.55,1.485864563
0017-IUDMW,0,Female,0,1,1,72,1,1,Fiber optic,1,1,1,1,1,1,Two year,1,Credit card (automatic),116.8,8456.75,3.839579224
0018-NYROU,0,Female,0,1,0,5,1,0,Fiber optic,0,0,0,0,0,0,Month-to-month,1,Electronic check,68.95,351.5,2.26660092
0019-EFAEP,0,Female,0,0,0,72,1,1,Fiber optic,1,1,1,0,1,0,Two year,1,Bank transfer (automatic),101.3,7261.25,3.330046022
0019-GFNTW,0,Female,0,0,0,56,0,0,DSL,1,1,1,1,0,0,Two year,0,Bank transfer (automatic),45.05,2560.1,1.480933596
0020-INWCK,0,Female,0,1,1,71,1,1,Fiber optic,0,1,1,0,0,1,Two year,1,Credit card (automatic),95.75,6849.4,3.147600263
0020-JDNXP,0,Female,0,1,1,34,0,0,DSL,1,0,1,1,1,1,One year,0,Mailed check,61.25,1993.2,2.013477975
0021-IKXGC,0,Female,1,0,0,1,1,1,Fiber optic,0,0,0,0,0,0,Month-to-month,1,Electronic check,72.1,72.1,2.370151216
0022-TCJCI,1,Male,1,0,0,45,1,0,DSL,1,0,1,0,0,1,One year,0,Credit card (automatic),62.7,2791.5,2.061143984
0023-HGHWL,1,Male,1,0,0,1,0,0,DSL,0,0,0,0,0,0,Month-to-month,1,Electronic check,25.1,25.1,0.825115056
0023-UYUPN,0,Female,1,1,0,50,1,1,No,0,0,0,0,0,0,One year,0,Electronic check,25.2,1306.3,0.828402367
0023-XUOPT,1,Female,0,1,0,13,1,1,Fiber optic,0,1,1,0,1,0,Month-to-month,0,Electronic check,94.1,1215.6,3.093359632
0027-KWYKW,0,Female,0,1,1,23,1,1,Fiber optic,0,0,0,0,1,0,Month-to-month,1,Electronic check,83.75,1849.95,2.753122945
0030-FNXPP,0,Female,0,0,0,3,1,0,No,0,0,0,0,0,0,Month-to-month,0,Mailed check,19.85,57.2,0.652531229
0031-PVLZI,1,Female,0,1,1,4,1,0,No,0,0,0,0,0,0,Month-to-month,0,Mailed check,20.35,76.35,0.668967784
0032-PGELS,1,Female,0,1,1,1,0,0,DSL,1,0,0,0,0,0,Month-to-month,0,Bank transfer (automatic),30.5,30.5,1.002629849
0036-IHMOT,0,Female,0,1,1,55,1,0,Fiber optic,0,1,1,1,1,1,One year,1,Bank transfer (automatic),103.7,5656.75,3.408941486
0040-HALCW,0,Male,0,1,1,54,1,0,No,0,0,0,0,0,0,Two year,0,Credit card (automatic),20.4,1090.6,0.67061144
0042-JVWOJ,0,Male,0,0,0,26,1,0,No,0,0,0,0,0,0,One year,1,Bank transfer (automatic),19.6,471.85,0.644312952
0042-RLHYP,0,Female,0,1,1,69,1,0,No,0,0,0,0,0,0,Two year,0,Bank transfer (automatic),19.7,1396.9,0.647600263
0048-LUMLS,0,Male,0,1,1,37,1,0,Fiber optic,0,0,0,0,1,1,One year,0,Credit card (automatic),91.2,3247.55,2.998027613
0048-PIHNL,0,Female,0,1,0,49,1,0,No,0,0,0,0,0,0,One year,0,Bank transfer (automatic),20.45,900.9,0.672255095
0052-DCKON,0,Male,0,1,0,66,1,1,Fiber optic,1,1,1,1,1,1,One year,0,Bank transfer (automatic),115.8,7942.15,3.806706114
0052-YNYOT,0,Female,0,0,0,67,1,0,No,0,0,0,0,0,0,One year,0,Electronic check,20.55,1343.4,0.675542406
0056-EPFBG,0,Male,0,1,1,20,0,0,DSL,1,0,1,1,0,0,Two year,1,Credit card (automatic),39.4,825.4,1.295200526
0057-QBUQH,0,Female,0,0,1,43,1,1,No,0,0,0,0,0,0,Two year,1,Electronic check,25.1,1070.15,0.825115056
0058-EVZWM,0,Female,0,1,0,55,1,1,Fiber optic,1,0,0,0,1,0,Month-to-month,1,Bank transfer (automatic),89.8,4959.6,2.95200526
0060-FUALY,0,Female,0,1,0,59,1,1,Fiber optic,1,1,0,0,1,0,Month-to-month,1,Electronic check,94.75,5597.65,3.114727153
0064-SUDOG,0,Female,0,1,1,12,1,0,No,0,0,0,0,0,0,Two year,0,Bank transfer (automatic),20.3,224.5,0.667324129
0064-YIJGF,0,Male,0,1,1,27,1,1,Fiber optic,0,0,0,0,0,0,Month-to-month,1,Bank transfer (automatic),75.75,1929,2.490138067
0067-DKWBL,1,Male,1,0,0,2,1,0,DSL,1,0,0,0,0,0,Month-to-month,1,Electronic check,49.25,91.1,1.619000657
0068-FIGTF,0,Female,0,0,0,27,1,0,DSL,0,1,1,1,1,1,One year,0,Mailed check,78.2,2078.95,2.570677186
0071-NDAFP,0,Male,0,1,1,25,1,1,No,0,0,0,0,0,0,Two year,0,Credit card (automatic),25.5,630.6,0.8382643
0074-HDKDG,0,Male,0,1,1,25,1,0,DSL,1,1,1,0,0,0,One year,1,Bank transfer (automatic),61.6,1611,2.024983563
0076-LVEPS,0,Male,0,0,1,29,0,0,DSL,1,1,1,1,0,0,Month-to-month,1,Mailed check,45,1242.45,1.479289941
0078-XZMHT,0,Male,0,1,0,72,1,1,DSL,0,1,1,1,1,1,Two year,1,Bank transfer (automatic),85.15,6316.2,2.799145299
0080-EMYVY,0,Female,0,0,0,14,1,0,DSL,0,1,0,0,0,0,One year,0,Credit card (automatic),51.45,727.85,1.691321499
0080-OROZO,0,Female,0,0,0,35,1,0,Fiber optic,0,0,1,1,1,1,One year,1,Electronic check,99.25,3532,3.262656147
0082-LDZUE,0,Male,0,0,0,1,1,0,DSL,0,0,0,0,0,0,Month-to-month,1,Mailed check,44.3,44.3,1.456278764
0082-OQIQY,0,Male,0,0,0,29,1,0,Fiber optic,0,0,0,1,1,1,Month-to-month,1,Electronic check,94.2,2607.6,3.096646943
0083-PIVIK,0,Male,0,0,0,64,1,1,DSL,1,1,1,1,1,0,One year,0,Electronic check,81.25,5567.55,2.670940171
0089-IIQKO,0,Female,0,1,1,39,1,1,Fiber optic,0,0,0,1,1,1,Month-to-month,1,Credit card (automatic),99.95,3767.4,3.285667324
0093-EXYQL,0,Female,1,0,0,40,1,0,Fiber optic,0,0,0,0,1,1,Month-to-month,1,Electronic check,91.55,3673.6,3.009533202
0093-XWZFY,1,Male,0,0,0,40,1,1,Fiber optic,0,1,1,0,1,1,Month-to-month,1,Credit card (automatic),104.5,4036.85,3.435239974
0094-OIFMO,1,Female,1,0,0,11,1,0,Fiber optic,0,1,0,0,1,1,Month-to-month,1,Electronic check,95,1120.3,3.122945431
0096-BXERS,0,Female,0,1,0,6,1,1,DSL,0,0,0,0,0,0,Month-to-month,0,Electronic check,50.35,314.55,1.655161078
0096-FCPUF,0,Male,0,0,0,30,1,1,DSL,1,0,0,0,0,1,Month-to-month,1,Mailed check,64.5,1888.45,2.120315582
0098-BOWSO,0,Male,0,0,0,27,1,0,No,0,0,0,0,0,0,Month-to-month,1,Electronic check,19.4,529.8,0.63773833
0100-DUVFC,0,Male,1,1,0,70,1,1,Fiber optic,0,1,1,0,1,1,One year,1,Electronic check,104.8,7308.95,3.445101907
0103-CSITQ,0,Female,0,1,0,57,1,1,Fiber optic,0,1,1,1,1,1,One year,1,Bank transfer (automatic),109.4,6252.7,3.596318212
0104-PPXDV,0,Male,0,1,0,58,1,0,DSL,0,0,1,0,0,0,One year,0,Credit card (automatic),50.3,2878.55,1.653517423
0106-GHRQR,0,Male,0,0,0,16,1,1,DSL,0,1,1,0,0,1,Month-to-month,1,Bank transfer (automatic),71.4,1212.1,2.347140039
0106-UGRDO,0,Female,0,1,0,69,1,1,Fiber optic,1,1,1,1,1,1,Two year,1,Electronic check,116,8182.85,3.813280736
0107-WESLM,1,Male,0,0,0,1,1,0,No,0,0,0,0,0,0,Month-to-month,1,Electronic check,19.85,19.85,0.652531229
0107-YHINA,1,Male,0,0,1,1,1,1,Fiber optic,0,0,1,0,1,1,Month-to-month,1,Electronic check,99.75,99.75,3.279092702
0111-KLBQG,0,Male,1,1,1,32,1,0,Fiber optic,0,1,0,0,1,1,Month-to-month,1,Mailed check,93.95,2861.45,3.088428665
0112-QAWRZ,0,Male,0,1,1,16,1,1,Fiber optic,0,0,1,0,1,0,Month-to-month,1,Bank transfer (automatic),90.8,1442.2,2.984878369
0112-QWPNC,1,Male,0,1,0,49,1,1,DSL,1,0,1,1,1,1,One year,0,Electronic check,84.35,4059.35,2.772846811
0114-IGABW,0,Female,0,1,0,71,0,0,DSL,0,1,1,1,1,1,Two year,0,Bank transfer (automatic),58.25,4145.9,1.914858646
0114-PEGZZ,0,Female,0,0,0,33,1,1,Fiber optic,0,1,1,0,1,1,Month-to-month,0,Electronic check,107.55,3645.5,3.535502959
0114-RSRRW,0,Female,0,1,0,10,1,0,No,0,0,0,0,0,0,Month-to-month,1,Bank transfer (automatic),19.95,187.75,0.65581854
0115-TFERT,1,Male,0,1,0,21,1,1,Fiber optic,0,1,1,1,1,1,Month-to-month,1,Electronic check,111.2,2317.1,3.655489809
0117-LFRMW,1,Male,0,1,1,37,0,0,DSL,1,1,1,0,0,0,Month-to-month,0,Bank transfer (automatic),40.2,1448.8,1.321499014
0118-JPNOY,0,Female,1,0,0,26,1,0,Fiber optic,1,0,0,0,1,0,Month-to-month,1,Credit card (automatic),85.8,2193.65,2.820512821
0121-SNYRK,0,Male,0,0,0,50,0,0,DSL,1,0,0,1,0,0,One year,1,Mailed check,35.4,1748.9,1.163708087
0122-OAHPZ,1,Female,0,0,0,7,1,1,Fiber optic,0,0,0,0,0,0,Month-to-month,1,Electronic check,73.85,511.25,2.427679158
0123-CRBRT,0,Female,0,1,1,61,1,1,DSL,1,1,1,1,1,1,Two year,0,Mailed check,88.1,5526.75,2.896120973
0125-LZQXK,1,Male,0,0,0,15,1,0,Fiber optic,0,0,1,1,1,1,Month-to-month,1,Electronic check,101.35,1553.95,3.331689678
0128-MKWSG,0,Female,0,0,1,26,0,0,DSL,1,0,0,1,0,1,Month-to-month,0,Mailed check,45.8,1147,1.505588429
0129-KPTWJ,0,Male,0,1,0,72,1,0,Fiber optic,0,0,1,0,1,1,Month-to-month,1,Electronic check,94.65,6747.35,3.111439842
0129-QMPDR,0,Male,0,1,1,44,1,0,No,0,0,0,0,0,0,One year,1,Bank transfer (automatic),20.5,865.05,0.673898751
0130-SXOUN,0,Male,0,0,0,66,1,1,Fiber optic,0,1,0,0,0,1,Month-to-month,0,Credit card (automatic),89.4,5976.9,2.938856016
0133-BMFZO,1,Female,0,0,0,2,1,0,Fiber optic,1,1,0,1,0,0,Month-to-month,1,Electronic check,86.25,181.65,2.83530572
0134-XWXCE,0,Female,1,0,0,44,1,0,DSL,0,0,1,1,1,1,One year,0,Bank transfer (automatic),74.85,3268.05,2.460552268
0135-NMXAP,1,Female,0,0,0,12,1,1,Fiber optic,0,1,0,0,1,0,Month-to-month,1,Bank transfer (automatic),89.75,1052.4,2.950361604
0136-IFMYD,0,Male,1,1,0,69,1,1,Fiber optic,0,1,1,1,1,1,Two year,1,Electronic check,109.95,7634.25,3.614398422
0137-OCGAB,1,Female,0,0,0,1,1,1,Fiber optic,0,1,0,0,0,0,Month-to-month,1,Mailed check,80.2,80.2,2.636423406
0137-UDEUO,1,Female,0,0,0,3,1,0,No,0,0,0,0,0,0,Month-to-month,0,Mailed check,19.85,63.75,0.652531229
0139-IVFJG,0,Female,0,1,0,2,1,0,Fiber optic,1,1,0,0,1,0,Month-to-month,0,Electronic check,90.35,190.5,2.97008547
0141-YEAYS,0,Female,1,0,0,27,1,1,Fiber optic,0,1,1,0,0,0,Month-to-month,1,Bank transfer (automatic),86.45,2401.05,2.841880342
0142-GVYSN,0,Male,0,0,0,26,1,0,No,0,0,0,0,0,0,Month-to-month,1,Electronic check,20.3,511.25,0.667324129
0147-ESWWR,0,Female,1,1,0,39,1,1,Fiber optic,0,0,0,1,1,1,Month-to-month,1,Electronic check,101.25,3949.15,3.328402367
0148-DCDOS,1,Male,0,0,0,25,1,1,Fiber optic,0,0,0,0,1,1,Month-to-month,1,Bank transfer (automatic),94.7,2362.1,3.113083498
0151-ONTOV,1,Female,0,0,0,1,1,0,Fiber optic,0,0,0,0,0,0,Month-to-month,0,Mailed check,70.9,70.9,2.330703485
0156-FVPTA,1,Male,0,1,0,22,1,0,DSL,1,0,0,1,0,0,Month-to-month,1,Electronic check,54.2,1152.7,1.781722551
0164-APGRB,0,Female,0,0,0,72,1,1,Fiber optic,1,1,1,1,1,1,Two year,1,Electronic check,114.9,8496.7,3.777120316
0164-XAIRP,0,Female,0,0,0,24,1,0,No,0,0,0,0,0,0,Two year,1,Bank transfer (automatic),19.55,470.2,0.642669297
0168-XZKBB,0,Female,0,1,0,19,1,1,Fiber optic,0,0,0,0,1,0,Month-to-month,1,Electronic check,86.85,1564.4,2.855029586
0174-QRVVY,0,Male,0,1,1,71,1,1,No,0,0,0,0,0,0,Two year,0,Credit card (automatic),25.35,1847.55,0.833333333
0177-PXBAT,0,Male,1,1,0,33,1,1,Fiber optic,1,0,1,1,1,1,Month-to-month,1,Bank transfer (automatic),109.9,3694.7,3.612754767
0178-CIIKR,0,Female,0,0,0,3,1,0,No,0,0,0,0,0,0,Month-to-month,0,Mailed check,19.95,58,0.65581854
0178-SZBHO,0,Male,0,1,1,47,1,1,Fiber optic,0,1,0,0,1,0,Month-to-month,0,Electronic check,87.2,4017.45,2.866535174
0181-RITDD,0,Male,0,1,1,62,1,0,Fiber optic,1,1,1,1,1,1,Two year,0,Mailed check,108.15,6825.65,3.555226824
0186-CAERR,0,Male,0,0,0,71,1,1,Fiber optic,1,1,1,1,1,1,One year,1,Bank transfer (automatic),116.3,8309.55,3.823142669
0187-QSXOE,0,Male,1,1,0,7,1,0,Fiber optic,0,0,0,0,1,1,Month-to-month,1,Electronic check,89,605.45,2.925706772
0187-WZNAB,0,Female,0,1,1,27,1,0,Fiber optic,1,0,0,0,0,0,Month-to-month,0,Mailed check,74.4,1972.35,2.445759369
0188-GWFLE,0,Male,0,0,0,2,1,0,No,0,0,0,0,0,0,Month-to-month,0,Mailed check,20.05,33.7,0.659105851
0191-EQUUH,0,Female,0,0,1,25,0,0,DSL,1,0,0,1,0,0,Two year,0,Bank transfer (automatic),35.05,844.45,1.152202498
0191-ZHSKZ,0,Male,1,0,0,30,1,0,DSL,1,1,0,0,1,1,Month-to-month,1,Electronic check,74.75,2111.3,2.457264957
0193-ESZXP,1,Female,1,1,0,58,1,0,Fiber optic,1,1,0,1,1,1,One year,1,Credit card (automatic),105.5,6205.5,3.468113083
0195-IESCP,1,Male,0,1,0,10,1,1,Fiber optic,0,0,0,0,0,1,Month-to-month,1,Electronic check,85.25,855.3,2.80243261
0196-JTUQI,0,Female,0,0,0,9,1,1,Fiber optic,0,0,0,0,0,0,Month-to-month,1,Credit card (automatic),75.2,633.85,2.472057857
0196-VULGZ,1,Female,1,1,0,6,1,1,Fiber optic,0,0,0,0,0,1,Month-to-month,1,Electronic check,84.35,474.9,2.772846811
0197-PNKNK,0,Female,0,1,1,69,1,1,Fiber optic,1,0,1,0,0,0,One year,0,Bank transfer (automatic),84.45,5848.6,2.776134122
0201-MIBOL,0,Female,1,0,0,66,1,1,Fiber optic,1,0,0,0,1,1,Two year,1,Bank transfer (automatic),102.4,6471.85,3.366206443
0201-OAMXR,1,Female,0,0,0,70,1,1,Fiber optic,1,1,1,1,1,1,One year,0,Credit card (automatic),115.55,8127.6,3.798487837
0203-HHYIJ,1,Male,0,0,0,25,1,1,No,0,0,0,0,0,0,One year,0,Bank transfer (automatic),25.3,676.35,0.831689678
0206-OYVOC,0,Female,0,1,1,46,1,0,No,0,0,0,0,0,0,Two year,1,Mailed check,19.25,864.2,0.632807364
0206-TBWLC,0,Female,0,1,0,54,1,1,Fiber optic,1,1,1,1,1,1,One year,1,Mailed check,114.65,6049.5,3.768902038
0207-MDKNV,1,Female,0,0,0,15,1,0,Fiber optic,1,0,1,1,1,1,Month-to-month,0,Electronic check,105.1,1582.75,3.45496384
0208-BPQEJ,0,Female,0,1,1,12,1,0,No,0,0,0,0,0,0,Month-to-month,0,Bank transfer (automatic),19.4,198.1,0.63773833
0212-ISBBF,0,Female,0,0,0,22,0,0,DSL,0,1,0,0,1,1,Month-to-month,1,Electronic check,50.35,1098.85,1.655161078
0214-JHPFW,0,Female,0,1,0,70,0,0,DSL,0,1,1,1,1,1,Two year,0,Bank transfer (automatic),57.8,4039.3,1.900065746
0215-BQKGS,0,Male,0,0,0,30,1,0,Fiber optic,1,1,1,0,0,0,Month-to-month,1,Credit card (automatic),84.3,2438.6,2.771203156
0218-QNVAS,0,Male,0,1,1,71,1,1,Fiber optic,0,1,0,0,1,1,One year,0,Bank transfer (automatic),100.55,7113.75,3.30539119
0219-QAERP,0,Male,0,1,0,30,1,0,No,0,0,0,0,0,0,One year,0,Credit card (automatic),19.8,576.65,0.650887574
0219-YTZUE,1,Male,0,1,1,4,1,1,Fiber optic,0,1,1,0,0,0,Month-to-month,1,Bank transfer (automatic),84.8,371.9,2.787639711
0220-EBGCE,1,Male,0,0,0,2,1,0,Fiber optic,0,0,1,0,0,1,Month-to-month,1,Electronic check,85.85,167.3,2.822156476
0221-NAUXK,0,Male,0,0,1,10,1,0,No,0,0,0,0,0,0,One year,1,Bank transfer (automatic),19.95,219.5,0.65581854
0221-WMXNQ,0,Male,1,0,0,4,1,0,Fiber optic,1,0,0,0,0,0,Month-to-month,0,Electronic check,75.35,273.4,2.476988823
0222-CNVPT,0,Male,1,0,0,52,0,0,DSL,1,0,0,0,1,1,Month-to-month,1,Credit card (automatic),48.8,2555.05,1.604207758
0224-HJAPT,1,Male,0,0,0,5,1,1,DSL,0,0,0,0,0,0,Month-to-month,0,Electronic check,47.15,223.15,1.549967127
0224-NIJLP,0,Male,0,1,1,8,1,0,No,0,0,0,0,0,0,Two year,0,Mailed check,20.15,165.5,0.662393162
0224-RLWWD,0,Female,1,0,0,2,1,0,DSL,0,0,0,0,0,0,Month-to-month,1,Electronic check,44.3,89.3,1.456278764
0225-ZORZP,0,Male,0,0,0,3,1,0,Fiber optic,0,1,0,0,0,1,Month-to-month,0,Electronic check,84.3,235.05,2.771203156
0228-MAUWC,0,Male,0,0,0,19,1,1,DSL,0,0,1,1,0,0,Month-to-month,0,Electronic check,59.55,1144.6,1.957593688
0229-LFJAF,0,Male,0,0,0,72,1,1,DSL,1,1,1,1,0,0,Two year,0,Bank transfer (automatic),69.65,4908.25,2.289612097
0230-UBYPQ,0,Male,1,1,0,63,0,0,DSL,1,0,0,1,0,0,One year,0,Bank transfer (automatic),36.1,2298.9,1.186719264
0230-WEQUW,0,Male,0,1,0,66,0,0,DSL,1,1,1,1,1,0,Two year,1,Bank transfer (automatic),56.6,3789.2,1.860618014
0231-LXVAP,1,Male,0,0,0,1,1,0,Fiber optic,0,0,0,1,0,0,Month-to-month,1,Electronic check,75.9,75.9,2.495069034
0233-FTHAV,0,Female,0,0,0,60,1,1,Fiber optic,0,0,1,0,0,0,One year,1,Bank transfer (automatic),79.2,4765,2.603550296
0234-TEVTT,0,Female,0,1,1,48,0,0,DSL,1,0,1,0,0,1,One year,0,Credit card (automatic),45,2196.3,1.479289941
0235-KGSLC,1,Female,0,0,0,1,1,0,Fiber optic,0,0,1,0,1,0,Month-to-month,1,Credit card (automatic),85.55,85.55,2.812294543
0236-HFWSV,1,Male,0,0,0,15,1,1,Fiber optic,0,0,0,0,1,1,Month-to-month,1,Electronic check,93.35,1444.65,3.068704799
0237-YFUTL,0,Female,0,1,0,50,1,1,Fiber optic,1,1,0,1,1,1,Month-to-month,1,Bank transfer (automatic),109.65,5405.8,3.604536489
0238-WHBIQ,0,Male,0,1,1,72,1,1,DSL,1,1,1,1,1,1,Two year,0,Credit card (automatic),89.7,6339.3,2.948717949
0239-OXEXL,0,Female,0,0,0,46,1,1,Fiber optic,1,1,0,0,0,0,Month-to-month,0,Mailed check,84.25,3847.6,2.7695595
0244-LGNFY,0,Female,0,1,1,72,1,1,DSL,1,1,1,1,1,1,Two year,0,Bank transfer (automatic),92.65,6733,3.045693623
0247-SLUJI,0,Male,0,1,1,1,1,0,No,0,0,0,0,0,0,Month-to-month,0,Mailed check,19.7,19.7,0.647600263
0248-IPDFW,0,Female,0,0,0,1,1,1,DSL,0,0,0,0,0,0,Month-to-month,1,Electronic check,50.1,50.1,1.646942801
0248-PGHBZ,0,Female,1,0,0,67,1,0,Fiber optic,1,1,0,1,1,0,Two year,1,Bank transfer (automatic),92.45,6140.85,3.039119001
0253-ZTEOB,0,Female,0,1,1,48,1,1,DSL,0,1,0,1,1,1,Two year,0,Electronic check,79.65,3870.3,2.618343195
0254-FNMCI,0,Female,0,0,0,72,1,0,Fiber optic,1,1,1,1,1,1,Two year,1,Electronic check,109.9,7624.2,3.612754767
0254-KCJGT,0,Male,0,1,0,52,1,1,DSL,1,1,1,1,0,1,One year,1,Credit card (automatic),81.4,4354.45,2.675871137
0254-WWRKD,0,Female,0,1,1,67,1,0,DSL,0,1,0,0,0,0,One year,0,Credit card (automatic),50.55,3431.75,1.6617357
0256-LTHVJ,1,Female,0,1,1,28,1,0,Fiber optic,0,0,0,0,0,1,Month-to-month,1,Electronic check,81.05,2227.1,2.664365549
0257-KXZGU,0,Female,0,1,1,32,1,1,DSL,0,1,1,0,0,0,Month-to-month,0,Bank transfer (automatic),62.45,2045.55,2.052925707
0257-ZESQC,1,Female,1,1,0,27,1,0,Fiber optic,1,0,0,0,0,0,Month-to-month,1,Bank transfer (automatic),75.2,1929.35,2.472057857
0258-NOKBL,0,Male,0,0,0,3,1,0,Fiber optic,0,1,1,0,0,1,Month-to-month,0,Electronic check,90.4,268.45,2.971729126
0259-GBZSH,1,Male,0,0,0,2,1,1,Fiber optic,0,0,0,0,1,0,Month-to-month,1,Electronic check,85.65,181.5,2.815581854
0260-ZDLGK,1,Female,0,0,1,9,1,0,DSL,0,0,1,1,1,1,Month-to-month,1,Mailed check,72.9,651.4,2.396449704
0263-FJTQO,0,Male,0,1,1,50,1,1,DSL,1,0,0,1,1,0,Two year,1,Credit card (automatic),70.5,3486.65,2.317554241
0264-CNITK,0,Female,0,1,1,71,1,0,No,0,0,0,0,0,0,Two year,0,Bank transfer (automatic),20.1,1389.6,0.660749507
0265-EDXBD,1,Male,1,1,0,32,1,1,Fiber optic,0,0,0,0,0,0,Month-to-month,1,Electronic check,74.9,2303.35,2.462195924
0265-PSUAE,0,Female,0,1,1,16,1,0,Fiber optic,1,0,1,0,1,1,Month-to-month,0,Bank transfer (automatic),100.7,1522.7,3.310322156
0266-CLZKZ,0,Female,0,1,1,67,1,1,Fiber optic,0,0,1,1,1,1,Two year,1,Bank transfer (automatic),105.65,6717.9,3.47304405
0266-GMEAO,0,Male,0,1,1,72,1,1,Fiber optic,1,1,1,1,1,1,Two year,1,Credit card (automatic),114.3,8058.55,3.75739645
0268-QKIWO,1,Female,0,0,0,3,1,0,No,0,0,0,0,0,0,Month-to-month,0,Electronic check,19.75,58.85,0.649243918
0269-XFESX,0,Male,0,1,1,23,1,1,No,0,0,0,0,0,0,One year,0,Mailed check,24.35,538.5,0.800460224
0270-THENM,0,Male,0,1,1,72,1,1,DSL,1,1,1,1,0,0,Two year,0,Bank transfer (automatic),69.85,5102.35,2.296186719
0274-JKUJR,0,Male,0,1,1,7,0,0,DSL,1,1,1,0,1,1,Month-to-month,0,Mailed check,58.85,465.7,1.934582512
0277-BKSQP,0,Male,0,1,1,8,1,0,DSL,0,0,0,0,1,0,Month-to-month,1,Electronic check,54.4,475.1,1.788297173
0277-ORXQS,0,Male,0,1,1,66,0,0,DSL,0,0,0,1,1,1,Two year,0,Bank transfer (automatic),50.55,3364.55,1.6617357
0278-YXOOG,1,Male,0,0,0,5,1,0,No,0,0,0,0,0,0,Month-to-month,0,Mailed check,21.05,113.85,0.691978961
0280-XJGEX,1,Male,0,0,0,49,1,1,Fiber optic,0,1,1,0,1,1,Month-to-month,1,Bank transfer (automatic),103.7,5036.3,3.408941486
0281-CNTZX,0,Male,0,1,0,63,1,0,No,0,0,0,0,0,0,Two year,1,Bank transfer (automatic),19.95,1234.8,0.65581854
0282-NVSJS,0,Female,1,1,1,12,0,0,DSL,0,0,0,1,0,0,Month-to-month,1,Mailed check,29.3,355.9,0.963182117
0285-INHLN,0,Male,0,1,1,27,1,0,DSL,1,1,0,0,0,0,Month-to-month,1,Credit card (automatic),54.75,1510.3,1.799802761
0289-IVARM,0,Female,0,0,0,35,1,0,DSL,1,1,1,0,0,0,Month-to-month,0,Electronic check,60.55,1982.6,1.990466798
0292-WEGCH,0,Female,0,1,1,54,1,1,DSL,0,1,1,1,1,1,Month-to-month,1,Electronic check,86.2,4524.05,2.833662064
0295-PPHDO,1,Male,0,0,0,1,1,1,Fiber optic,0,0,0,0,1,1,Month-to-month,1,Electronic check,95.45,95.45,3.13773833
0295-QVKPB,0,Male,0,0,0,5,1,0,DSL,0,0,1,1,1,0,Month-to-month,1,Credit card (automatic),63.95,318.1,2.102235371
0297-RBCSG,0,Male,0,0,0,19,1,0,DSL,0,1,0,1,0,1,One year,1,Bank transfer (automatic),65.35,1231.85,2.148257725
0298-XACET,0,Male,0,1,1,52,0,0,DSL,0,1,1,1,1,0,Two year,0,Mailed check,50.2,2554,1.650230112
0301-FIDRB,0,Female,0,1,1,72,0,0,DSL,1,1,1,1,1,1,Two year,1,Bank transfer (automatic),63.8,4684.3,2.097304405
0301-KOBTQ,0,Male,0,0,0,32,1,0,No,0,0,0,0,0,0,Two year,1,Bank transfer (automatic),20.05,614.45,0.659105851
0302-JOIVN,1,Female,0,1,0,8,1,0,Fiber optic,0,1,1,0,1,1,Month-to-month,0,Electronic check,101.15,842.9,3.325115056
0303-UNCIP,0,Male,0,0,0,41,1,1,DSL,0,0,1,0,0,1,One year,0,Mailed check,65,2531.8,2.136752137
0303-WMMRN,0,Male,0,0,0,5,1,0,No,0,0,0,0,0,0,Month-to-month,1,Mailed check,19.25,86.05,0.632807364
0305-SQECB,0,Female,0,0,1,11,0,0,DSL,1,0,0,1,0,0,One year,1,Mailed check,36.05,402.6,1.185075608
0306-JAELE,1,Male,0,0,0,5,1,0,Fiber optic,0,0,0,1,1,1,Month-to-month,1,Electronic check,96.1,453.4,3.159105851
0307-BCOPK,0,Female,0,0,0,16,1,0,No,0,0,0,0,0,0,One year,0,Mailed check,19.05,326.65,0.626232742
0308-GIQJT,0,Male,1,0,0,71,1,1,Fiber optic,0,1,0,1,1,1,One year,0,Bank transfer (automatic),105.75,7382.85,3.476331361
0308-IVGOK,0,Female,0,0,0,11,0,0,DSL,0,1,1,1,0,0,One year,1,Credit card (automatic),40.4,422.6,1.328073636
0310-MVLET,1,Female,0,1,1,61,1,1,Fiber optic,0,1,0,0,1,1,Month-to-month,1,Electronic check,99.15,6010.05,3.259368836
0310-SUCIN,0,Female,0,1,0,71,1,0,DSL,1,1,1,1,1,1,One year,1,Bank transfer (automatic),84.8,6046.1,2.787639711
0310-VQXAM,0,Male,0,0,0,9,1,0,No,0,0,0,0,0,0,Month-to-month,0,Mailed check,19.85,178.8,0.652531229
0311-QYWSS,0,Female,0,0,0,6,1,0,DSL,1,0,0,0,0,0,Month-to-month,1,Electronic check,49.45,314.6,1.625575279
0311-UNPFF,1,Female,0,0,0,26,1,0,Fiber optic,0,0,0,0,1,1,Month-to-month,1,Bank transfer (automatic),88.8,2274.35,2.91913215
0314-TKOSI,0,Female,0,0,0,6,1,0,DSL,1,1,0,0,0,0,Month-to-month,0,Mailed check,55.15,322.9,1.812952005
0315-LVCRK,0,Male,0,0,0,11,1,0,Fiber optic,0,0,1,0,0,1,Month-to-month,0,Electronic check,84.8,888.75,2.787639711
0318-QUUOB,1,Male,0,1,0,1,1,0,Fiber optic,0,0,0,0,1,0,Month-to-month,1,Electronic check,80.55,80.55,2.647928994
0318-ZOPWS,0,Female,0,1,0,49,1,0,No,0,0,0,0,0,0,Two year,1,Bank transfer (automatic),20.15,973.35,0.662393162
0319-QZTCO,0,Female,0,1,1,3,1,0,DSL,0,1,0,0,1,0,Month-to-month,1,Credit card (automatic),58.7,168.6,1.929651545
0320-DWVTU,0,Female,0,0,0,53,1,0,Fiber optic,1,1,1,1,0,1,Two year,0,Mailed check,99.5,5424.25,3.270874425
0320-JDNQG,1,Male,0,1,1,23,1,0,Fiber optic,1,0,0,1,1,1,Month-to-month,1,Electronic check,99.85,2331.3,3.282380013
0322-CHQRU,1,Male,0,0,0,2,1,0,DSL,0,0,0,0,0,0,Month-to-month,0,Electronic check,45.35,89.5,1.490795529
0322-YINQP,1,Male,0,0,0,1,1,0,DSL,1,0,0,0,0,0,Month-to-month,1,Mailed check,48.55,48.55,1.595989481
0323-XWWTN,0,Male,0,0,1,3,1,1,No,0,0,0,0,0,0,Two year,1,Mailed check,26.4,121.25,0.867850099
0324-BRPCJ,1,Female,1,1,0,68,1,1,Fiber optic,0,1,0,0,1,1,Month-to-month,1,Electronic check,100.2,6851.65,3.293885602
0325-XBFAC,1,Male,0,0,0,8,1,0,Fiber optic,0,0,1,0,1,1,Month-to-month,1,Electronic check,94.7,740.3,3.113083498
0326-VDYXE,0,Female,0,1,0,70,1,1,Fiber optic,0,0,1,0,1,1,One year,1,Electronic check,97.65,6982.5,3.210059172
0327-WFZSY,0,Male,0,1,1,39,1,1,Fiber optic,0,0,1,0,1,1,One year,0,Electronic check,100,3835.55,3.28731098
0328-GRPMV,1,Female,0,0,0,1,1,0,Fiber optic,0,0,0,0,0,0,Month-to-month,1,Electronic check,70.1,70.1,2.304404997
0329-GTIAJ,1,Female,0,0,0,3,1,0,Fiber optic,0,1,0,1,1,1,Month-to-month,1,Electronic check,97.9,315.3,3.218277449
0330-BGYZE,0,Male,0,1,0,60,1,1,Fiber optic,0,1,1,0,1,1,One year,0,Bank transfer (automatic),102.5,6157.6,3.369493754
0330-IVZHA,1,Female,0,1,0,5,1,0,Fiber optic,0,0,0,0,0,0,Month-to-month,0,Electronic check,69.95,330.15,2.29947403
0334-GDDSO,1,Male,1,0,0,3,1,1,Fiber optic,0,1,0,0,0,0,Month-to-month,1,Electronic check,81.35,233.7,2.674227482
0334-ZFJSR,0,Female,0,1,0,55,1,1,DSL,1,1,0,1,0,0,One year,1,Credit card (automatic),66.05,3462.1,2.171268902
0336-KXKFK,0,Male,0,0,0,72,0,0,DSL,1,0,1,1,1,1,Two year,1,Credit card (automatic),61.2,4390.25,2.01183432
0336-PIKEI,0,Male,1,1,0,72,1,0,DSL,1,1,1,1,1,0,Two year,0,Bank transfer (automatic),74.4,5360.75,2.445759369
0337-CNPZE,1,Female,0,0,0,41,1,1,Fiber optic,0,1,1,0,1,1,Month-to-month,1,Electronic check,106.3,4443.45,3.494411571
0343-QLUZP,0,Male,0,0,0,60,0,0,DSL,1,1,1,0,0,0,Two year,0,Bank transfer (automatic),39.6,2424.5,1.301775148
0345-HKJVM,1,Female,0,0,0,6,1,0,Fiber optic,0,0,0,0,1,1,Month-to-month,0,Electronic check,89.3,577.6,2.935568705
0345-XMMUG,0,Female,0,1,0,46,1,1,Fiber optic,0,1,1,1,1,1,Two year,1,Credit card (automatic),108.9,4854.3,3.579881657
0347-UBKUZ,0,Female,0,0,0,15,1,0,No,0,0,0,0,0,0,Month-to-month,0,Mailed check,19.9,320.45,0.654174885
0348-SDKOL,1,Female,0,1,0,58,1,1,Fiber optic,0,0,1,1,1,1,Month-to-month,1,Credit card (automatic),102.1,5885.4,3.35634451
0354-VXMJC,0,Male,0,1,1,23,1,0,No,0,0,0,0,0,0,Two year,0,Credit card (automatic),19.6,426.65,0.644312952
0354-WYROK,1,Female,1,1,1,31,1,0,Fiber optic,0,0,1,1,1,1,Month-to-month,1,Electronic check,98.9,2911.3,3.251150559
0356-ERHVT,0,Male,0,1,0,11,1,0,DSL,0,0,0,0,0,0,Month-to-month,1,Bank transfer (automatic),45.9,521.9,1.50887574
0356-OBMAC,0,Female,1,0,0,56,1,1,Fiber optic,0,1,1,1,1,0,Two year,1,Bank transfer (automatic),99.9,5706.3,3.284023669
0357-NVCRI,0,Female,0,0,1,25,1,0,No,0,0,0,0,0,0,Month-to-month,0,Credit card (automatic),20.05,471.7,0.659105851
0361-HJRDX,0,Female,0,0,0,68,0,0,DSL,1,1,1,1,1,1,Two year,0,Credit card (automatic),64.35,4539.6,2.115384615
0362-RAOQO,0,Female,0,0,0,40,1,0,No,0,0,0,0,0,0,Two year,0,Credit card (automatic),19.65,830.25,0.645956607
0362-ZBZWJ,1,Male,0,0,0,36,1,1,Fiber optic,0,0,0,0,0,1,Month-to-month,1,Electronic check,84.9,3067.2,2.790927022
0363-QJVFX,1,Male,0,0,0,32,1,1,Fiber optic,1,1,0,1,1,1,Month-to-month,1,Credit card (automatic),108.15,3432.9,3.555226824
0363-SVHYR,0,Male,0,1,1,71,1,1,DSL,1,1,1,1,1,1,Two year,0,Bank transfer (automatic),86.85,6263.8,2.855029586
0365-BZUWY,0,Male,0,1,0,17,1,1,Fiber optic,0,1,1,0,1,1,Month-to-month,1,Electronic check,102.55,1742.5,3.37113741
0365-GXEZS,0,Male,0,1,0,18,1,0,Fiber optic,0,0,1,1,0,0,Month-to-month,0,Electronic check,78.2,1468.75,2.570677186
0365-TRTPY,0,Female,0,0,0,37,1,1,Fiber optic,1,1,1,0,0,0,Month-to-month,0,Bank transfer (automatic),91.2,3382.3,2.998027613
0366-NQSHS,0,Male,0,0,0,2,1,0,No,0,0,0,0,0,0,Month-to-month,0,Mailed check,19.35,46.35,0.636094675
0369-ZGOVK,0,Female,0,1,1,28,1,0,Fiber optic,0,0,0,0,0,0,One year,1,Bank transfer (automatic),70.4,1992.2,2.31426693
0373-AIVNJ,0,Male,0,0,0,9,0,0,DSL,1,1,1,0,0,0,One year,0,Mailed check,39.55,373,1.300131492
0374-AACSZ,0,Female,0,0,0,1,1,0,DSL,1,0,0,0,0,0,Month-to-month,0,Electronic check,50.15,50.15,1.648586456
0374-FIUCA,0,Male,0,1,0,65,1,0,No,0,0,0,0,0,0,Two year,1,Credit card (automatic),20.4,1414.45,0.67061144
0374-IOEGQ,0,Female,0,0,0,3,1,0,DSL,0,0,0,0,0,0,Month-to-month,0,Electronic check,44.6,122.7,1.466140697
0375-HVGXO,1,Female,0,0,0,1,0,0,DSL,0,0,0,0,1,0,Month-to-month,1,Electronic check,34.7,34.7,1.14069691
0376-OIWME,0,Male,0,1,0,36,1,0,Fiber optic,1,0,0,0,1,1,Month-to-month,1,Electronic check,93.6,3366.05,3.076923077
0376-YMCJC,1,Male,0,0,0,23,1,1,Fiber optic,0,0,0,1,1,0,Month-to-month,1,Electronic check,90.6,1943.2,2.978303748
0377-JBKKT,0,Male,0,1,1,22,1,0,DSL,1,1,0,1,0,0,Month-to-month,1,Mailed check,57.95,1271.8,1.904996713
0378-CJKPV,0,Female,0,1,0,72,1,1,Fiber optic,1,1,1,1,1,1,Two year,0,Credit card (automatic),112.1,7965.95,3.685075608
0378-NHQXU,1,Female,0,1,1,17,1,1,Fiber optic,0,0,1,0,1,0,Month-to-month,0,Electronic check,88.25,1460.65,2.90105194
0378-TOVMS,1,Female,0,0,0,3,1,0,Fiber optic,0,0,0,1,0,1,Month-to-month,0,Electronic check,85.8,272.2,2.820512821
0378-XSZPU,1,Male,0,1,0,58,1,0,DSL,1,1,1,0,0,0,One year,0,Credit card (automatic),60.3,3563.8,1.982248521
0379-DJQHR,0,Male,0,1,1,67,1,0,DSL,1,1,1,0,1,1,Two year,0,Credit card (automatic),81.35,5398.6,2.674227482
0380-NEAVX,0,Male,1,0,0,34,1,0,Fiber optic,0,1,1,0,1,1,One year,1,Electronic check,99.85,3343.15,3.282380013
0380-ZCSBI,0,Male,0,0,0,10,1,0,No,0,0,0,0,0,0,Month-to-month,0,Credit card (automatic),20,198.7,0.657462196
0383-CLDDA,0,Female,0,0,0,69,1,1,DSL,1,0,1,1,1,1,Two year,1,Credit card (automatic),85.35,5897.4,2.805719921
0384-LPITE,0,Male,0,0,0,40,0,0,DSL,1,1,1,0,1,1,One year,0,Credit card (automatic),62.05,2511.55,2.039776463
0384-RVBPI,0,Male,0,0,0,20,1,0,DSL,1,0,1,0,0,1,Month-to-month,0,Credit card (automatic),64.4,1398.6,2.117028271
0386-CWRGM,0,Female,0,1,1,46,1,0,No,0,0,0,0,0,0,Two year,0,Mailed check,19.4,967.85,0.63773833
0388-EOPEX,1,Female,0,1,0,2,1,0,Fiber optic,1,0,0,0,0,0,Month-to-month,1,Electronic check,74.4,139.4,2.445759369
0390-DCFDQ,1,Female,1,1,0,1,1,0,Fiber optic,0,0,0,0,0,0,Month-to-month,1,Mailed check,70.45,70.45,2.315910585
0392-BZIUW,0,Female,0,1,0,72,1,1,Fiber optic,1,0,1,0,1,1,Two year,1,Credit card (automatic),105,7589.8,3.451676529
0394-YONDK,0,Male,0,1,1,70,1,1,No,0,0,0,0,0,0,Two year,0,Credit card (automatic),25.15,1790.15,0.826758711
0396-HUJBP,0,Female,0,0,0,2,1,0,No,0,0,0,0,0,0,Month-to-month,0,Mailed check,19.3,44.4,0.634451019
0396-UKGAI,0,Male,0,0,1,23,1,0,DSL,0,1,0,1,0,0,Month-to-month,1,Bank transfer (automatic),55.3,1284.2,1.817882972
0396-YCHWO,0,Male,0,1,0,36,1,1,Fiber optic,0,0,0,0,1,1,Month-to-month,1,Electronic check,95.4,3474.2,3.136094675
0397-GZBBC,1,Male,1,1,0,59,1,1,Fiber optic,0,0,0,0,1,1,Month-to-month,1,Bank transfer (automatic),93.85,5574.75,3.085141354
0397-ZXWQF,0,Male,0,0,0,67,1,0,No,0,0,0,0,0,0,Two year,0,Bank transfer (automatic),20.5,1430.95,0.673898751
0401-WDBXM,0,Male,0,1,1,72,1,1,Fiber optic,1,0,1,0,1,1,Two year,1,Bank transfer (automatic),105.55,7542.25,3.469756739
0402-CQAJN,1,Female,0,0,0,37,1,1,Fiber optic,0,1,1,0,1,1,Month-to-month,1,Bank transfer (automatic),101.9,3545.35,3.349769888
0402-OAMEN,0,Female,0,1,1,72,1,1,No,0,0,0,0,0,0,Two year,0,Bank transfer (automatic),24.45,1709.1,0.803747535
0404-AHASP,0,Male,0,1,0,72,1,0,No,0,0,0,0,0,0,Two year,0,Credit card (automatic),19.7,1421.9,0.647600263
0404-SWRVG,1,Male,0,0,0,3,1,1,Fiber optic,0,0,0,0,0,0,Month-to-month,1,Electronic check,74.4,229.55,2.445759369
0406-BPDVR,1,Female,1,1,0,54,1,1,Fiber optic,0,1,0,0,1,1,One year,1,Credit card (automatic),101.5,5373.1,3.336620644
0407-BDJKB,1,Male,0,1,0,60,1,1,Fiber optic,0,1,1,0,1,0,Month-to-month,1,Electronic check,95.75,5742.9,3.147600263
0409-WTMPL,0,Female,0,1,0,58,1,1,Fiber optic,1,1,1,0,1,1,One year,1,Credit card (automatic),110.65,6526.65,3.637409599
0410-IPFTY,0,Female,0,1,0,31,1,0,Fiber optic,0,1,0,0,0,1,Month-to-month,1,Bank transfer (automatic),83.85,2674.15,2.756410256
0411-EZJZE,0,Female,0,0,0,3,1,1,DSL,0,0,0,0,1,0,Month-to-month,1,Electronic check,60.25,170.5,1.980604865
0412-UCCNP,0,Male,0,0,0,55,1,0,DSL,1,0,1,1,0,0,Two year,1,Electronic check,59.2,3175.85,1.9460881
0415-MOSGF,1,Female,0,0,0,1,1,0,DSL,0,0,0,0,0,0,Month-to-month,0,Mailed check,44.4,44.4,1.459566075
0419-YAAPX,0,Male,0,1,0,49,1,0,Fiber optic,0,1,0,0,1,0,Month-to-month,1,Credit card (automatic),85.3,4297.95,2.804076266
0420-BWTPW,1,Male,0,0,1,8,0,0,DSL,0,0,0,0,0,0,Month-to-month,0,Mailed check,25.5,215.2,0.8382643
0420-HLGXF,0,Female,1,0,0,39,1,1,Fiber optic,0,0,1,0,1,1,Month-to-month,1,Electronic check,99.75,4036,3.279092702
0420-TXVSG,0,Male,0,1,0,66,1,1,DSL,1,1,1,0,0,0,Two year,1,Credit card (automatic),66.1,4428.45,2.172912558
0422-OHQHQ,0,Female,0,1,1,15,1,0,No,0,0,0,0,0,0,One year,0,Mailed check,20.55,295.95,0.675542406
0422-UXFAP,0,Female,0,1,0,51,1,1,Fiber optic,0,0,1,0,1,1,One year,1,Electronic check,98.85,4947.55,3.249506903
0423-UDIJQ,0,Male,1,0,0,9,1,0,DSL,0,0,0,1,0,0,Month-to-month,0,Mailed check,49.2,447.9,1.617357002
0426-TIRNE,1,Female,0,0,0,1,1,0,No,0,0,0,0,0,0,Month-to-month,0,Mailed check,20.9,20.9,0.687047995
0428-AXXLJ,0,Male,0,0,0,25,1,0,No,0,0,0,0,0,0,One year,1,Bank transfer (automatic),19.5,516.3,0.641025641
0428-IKYCP,0,Male,0,1,0,22,1,0,Fiber optic,0,0,1,0,1,0,Month-to-month,1,Bank transfer (automatic),87,1850.65,2.859960552
0430-IHCDJ,0,Male,0,0,0,15,1,1,DSL,0,0,0,0,0,0,Month-to-month,1,Electronic check,49,749.25,1.61078238
0431-APWVY,1,Female,0,1,1,28,1,0,Fiber optic,0,0,0,0,1,1,One year,1,Bank transfer (automatic),90.1,2598.95,2.961867193
0432-CAJZV,0,Male,0,0,0,3,1,0,Fiber optic,0,0,0,0,1,1,Month-to-month,0,Mailed check,90.7,237.65,2.981591059
0434-CSFON,0,Female,0,1,0,47,1,1,Fiber optic,0,0,1,0,1,1,Month-to-month,1,Electronic check,100.5,4707.1,3.303747535
0436-TWFFZ,0,Female,0,0,0,67,1,1,DSL,1,0,1,1,1,1,Two year,1,Mailed check,85.25,5714.2,2.80243261
0439-IFYUN,0,Female,1,0,0,18,1,0,Fiber optic,0,1,0,0,0,0,Month-to-month,1,Electronic check,74.7,1294.6,2.455621302
0440-EKDCF,0,Male,0,1,0,62,1,0,DSL,0,1,1,1,0,0,Two year,1,Credit card (automatic),60.15,3753.2,1.977317554
0440-MOGPM,0,Female,0,0,0,41,1,1,DSL,0,1,1,0,1,1,One year,1,Electronic check,80.55,3263.9,2.647928994
0440-QEXBZ,0,Female,0,0,0,44,1,1,DSL,0,0,0,0,0,0,Month-to-month,1,Mailed check,50.15,2139.1,1.648586456
0440-UEDAI,0,Female,0,0,0,53,1,0,Fiber optic,0,1,1,1,0,1,One year,1,Credit card (automatic),94.45,5042.75,3.10486522
0442-TDYUO,0,Male,0,1,0,48,1,0,No,0,0,0,0,0,0,Two year,1,Mailed check,20.05,1036,0.659105851
0442-ZXKVS,0,Female,1,1,0,54,1,1,Fiber optic,1,1,1,1,1,1,One year,1,Bank transfer (automatic),115.6,6431.05,3.800131492
0447-BEMNG,1,Female,0,1,0,48,0,0,DSL,1,0,1,0,0,1,Month-to-month,1,Bank transfer (automatic),45.3,2145,1.489151874
0447-RXSGD,0,Male,0,0,0,24,1,1,Fiber optic,0,1,0,0,1,1,Month-to-month,1,Bank transfer (automatic),99.65,2404.85,3.275805391
0454-OKRCT,0,Male,0,0,0,33,1,0,Fiber optic,0,1,0,1,0,0,Two year,0,Bank transfer (automatic),80.6,2651.1,2.64957265
0455-ENTCR,0,Male,0,1,0,66,1,1,DSL,1,1,0,1,1,1,Two year,0,Electronic check,85.25,5538.35,2.80243261
0455-XFASS,0,Female,0,1,1,3,1,0,Fiber optic,0,0,0,0,0,0,Month-to-month,1,Electronic check,69.55,200.2,2.286324786
0458-HEUZG,0,Female,0,0,0,13,0,0,DSL,0,0,1,1,0,0,Two year,0,Mailed check,35.4,450.4,1.163708087
0459-SPZHJ,0,Male,0,1,1,63,1,1,DSL,1,1,1,0,1,1,Two year,0,Credit card (automatic),83.5,5435,2.744904668
0461-CVKMU,1,Female,0,1,1,23,1,0,Fiber optic,0,1,1,1,0,0,Month-to-month,0,Electronic check,83.8,1900.25,2.754766601
0463-TXOAK,0,Male,0,0,1,52,1,1,No,0,0,0,0,0,0,Two year,0,Credit card (automatic),25.6,1334.5,0.841551611
0463-WZZKO,0,Male,0,0,0,3,1,0,No,0,0,0,0,0,0,Month-to-month,1,Credit card (automatic),20.75,67.1,0.682117028
0463-ZSDNT,0,Male,0,0,0,10,1,0,DSL,0,0,0,0,0,1,Month-to-month,1,Bank transfer (automatic),56.75,503.25,1.865548981
0464-WJTKO,0,Female,0,1,1,72,1,0,No,0,0,0,0,0,0,Two year,0,Bank transfer (automatic),20.1,1460.85,0.660749507
0468-YRPXN,0,Male,0,0,0,29,1,0,Fiber optic,0,0,1,1,1,1,Month-to-month,1,Credit card (automatic),98.8,2807.1,3.247863248
0471-ARVMX,0,Female,1,1,0,62,1,1,Fiber optic,1,0,1,0,1,1,One year,1,Electronic check,104.85,6312.9,3.446745562
0471-LVHGK,1,Male,0,1,0,41,1,1,DSL,0,0,1,0,1,1,One year,1,Electronic check,73,3001.2,2.399737015
0475-RIJEP,1,Male,0,0,0,43,1,1,Fiber optic,0,1,0,0,0,0,Month-to-month,1,Electronic check,77.85,3365.85,2.559171598
0479-HMSWA,0,Female,0,0,1,26,1,0,Fiber optic,0,1,1,1,1,1,Two year,1,Electronic check,105.45,2715.3,3.466469428
0480-BIXDE,0,Female,0,1,0,19,1,0,Fiber optic,0,0,1,0,1,1,Month-to-month,1,Electronic check,96.8,1743.05,3.182117028
0480-KYJVA,0,Female,0,1,1,72,1,1,No,0,0,0,0,0,0,Two year,0,Credit card (automatic),24.25,1784.5,0.797172913
0481-SUMCB,0,Female,1,0,0,45,1,1,Fiber optic,0,0,1,0,1,1,One year,1,Bank transfer (automatic),102.15,4735.35,3.357988166
0484-FFVBJ,0,Male,0,0,0,32,1,0,DSL,0,0,0,0,1,1,One year,1,Bank transfer (automatic),64.85,2010.95,2.13182117
0484-JPBRU,0,Male,0,0,0,41,1,1,No,0,0,0,0,0,0,Month-to-month,1,Bank transfer (automatic),25.25,996.45,0.830046022
0485-ZBSLN,0,Male,0,1,1,65,1,1,No,0,0,0,0,0,0,Two year,0,Credit card (automatic),24.75,1715.1,0.813609467
0486-HECZI,1,Male,0,1,0,55,1,1,Fiber optic,1,1,0,0,1,0,Month-to-month,1,Electronic check,96.75,5238.9,3.180473373
0486-LGCCH,0,Male,0,1,1,11,1,0,No,0,0,0,0,0,0,Two year,0,Mailed check,19.65,225.75,0.645956607
0487-CRLZF,0,Female,0,0,0,49,1,0,DSL,0,0,1,1,1,1,Two year,1,Bank transfer (automatic),74.45,3721.9,2.447403024
0487-RPVUM,0,Male,0,1,0,61,1,1,Fiber optic,1,0,1,1,1,0,Month-to-month,0,Bank transfer (automatic),99.4,5943.65,3.267587114
0487-VVUVK,0,Male,0,1,1,25,1,0,No,0,0,0,0,0,0,Month-to-month,1,Mailed check,19.15,477.6,0.629520053
0488-GSLFR,1,Female,0,0,0,1,1,0,Fiber optic,0,0,0,0,0,0,Month-to-month,1,Electronic check,69.5,69.5,2.284681131
0489-WMEMG,0,Female,0,0,1,23,1,0,DSL,0,0,0,1,0,0,One year,1,Electronic check,49.45,1119.35,1.625575279
0491-KAPQG,0,Male,0,0,0,21,1,1,Fiber optic,0,0,0,0,0,0,Month-to-month,1,Electronic check,73.7,1558.7,2.422748192
0495-RVCBF,1,Female,0,0,0,1,1,0,Fiber optic,0,0,0,0,0,1,Month-to-month,1,Electronic check,79.7,79.7,2.619986851
0495-ZBNGW,1,Male,1,1,0,5,1,1,Fiber optic,0,0,1,0,0,0,Month-to-month,1,Bank transfer (automatic),79.9,343.95,2.626561473
0496-AHOOK,0,Male,0,1,0,24,1,0,DSL,1,0,0,1,1,1,One year,0,Bank transfer (automatic),74.4,1712.9,2.445759369
0504-HHAPI,1,Female,1,0,0,27,1,1,Fiber optic,0,0,1,0,0,1,Month-to-month,0,Credit card (automatic),88.3,2467.75,2.902695595
0505-SPOOW,0,Female,0,1,0,70,1,0,No,0,0,0,0,0,0,Two year,0,Bank transfer (automatic),19.8,1397.65,0.650887574
0506-LVNGN,1,Female,1,0,0,5,1,0,Fiber optic,0,0,1,0,0,0,Month-to-month,1,Credit card (automatic),75.55,349.65,2.483563445
0506-YLVKJ,0,Male,0,1,1,46,1,0,No,0,0,0,0,0,0,Two year,1,Mailed check,20.2,917.45,0.664036818
0508-OOLTO,0,Female,0,1,1,2,1,0,Fiber optic,0,0,0,0,0,0,Month-to-month,1,Electronic check,71.65,135.75,2.355358317
0508-SQWPL,0,Female,0,1,1,57,1,0,No,0,0,0,0,0,0,Two year,1,Bank transfer (automatic),20.1,1087.7,0.660749507
0511-JTEOY,1,Female,0,0,0,1,1,0,Fiber optic,0,0,0,0,0,0,Month-to-month,0,Mailed check,71.1,71.1,2.337278107
0512-FLFDW,0,Female,1,1,0,60,1,1,Fiber optic,0,0,1,0,1,1,One year,1,Credit card (automatic),100.5,6029,3.303747535
0513-RBGPE,0,Male,0,1,1,37,1,1,DSL,1,0,1,1,0,0,Two year,1,Credit card (automatic),62.8,2278.75,2.064431295
0515-YPMCW,1,Male,0,0,1,1,1,0,Fiber optic,0,0,0,0,0,0,Month-to-month,1,Mailed check,70.45,70.45,2.315910585
0516-OOHAR,0,Male,0,1,1,28,1,0,Fiber optic,0,1,1,0,1,1,One year,0,Bank transfer (automatic),100.35,2799,3.298816568
0516-QREYC,0,Female,1,0,0,24,1,0,No,0,0,0,0,0,0,Month-to-month,1,Mailed check,20.3,459.95,0.667324129
0516-UXRMT,0,Female,0,0,0,62,1,1,Fiber optic,1,1,1,0,0,0,One year,1,Electronic check,92.05,5755.8,3.025969757
0516-VRYBW,1,Female,0,0,1,18,1,0,No,0,0,0,0,0,0,One year,0,Bank transfer (automatic),20.15,390.85,0.662393162
0516-WJVXC,1,Female,0,0,0,5,1,0,DSL,1,0,0,1,0,0,Month-to-month,0,Electronic check,54.2,308.25,1.781722551
0519-DRGTI,0,Female,0,1,1,20,1,0,No,0,0,0,0,0,0,Month-to-month,0,Mailed check,20.35,442.6,0.668967784
0519-XUZJU,1,Female,0,0,0,1,1,0,Fiber optic,0,0,0,0,0,0,Month-to-month,0,Mailed check,70.75,70.75,2.325772518
0520-FDVVT,1,Male,0,0,0,35,1,0,Fiber optic,0,1,1,0,1,1,One year,1,Bank transfer (automatic),102.35,3626.1,3.364562788
0523-VNGTF,0,Female,1,0,0,52,0,0,DSL,0,1,1,1,1,0,Month-to-month,1,Electronic check,50.5,2566.3,1.660092045
0524-IAVZO,1,Female,0,1,0,30,1,1,Fiber optic,0,0,0,0,0,1,Month-to-month,1,Electronic check,85,2624.25,2.794214333
0526-SXDJP,0,Male,0,1,0,72,0,0,DSL,1,1,1,0,0,0,Two year,0,Bank transfer (automatic),42.1,2962,1.383957922
0529-ONKER,1,Male,1,0,0,15,1,1,Fiber optic,0,0,0,0,0,0,Month-to-month,0,Electronic check,75.65,1146.65,2.486850756
0530-IJVDB,0,Male,0,0,1,70,1,1,Fiber optic,1,1,1,1,1,1,Two year,1,Electronic check,114.6,7882.5,3.767258383
0531-XBKMM,0,Male,0,0,1,66,1,1,DSL,1,1,0,1,0,0,Two year,0,Bank transfer (automatic),65.7,4378.9,2.159763314
0531-ZZJWQ,0,Male,1,1,0,55,1,1,Fiber optic,0,0,0,0,0,0,Month-to-month,1,Electronic check,74,4052.4,2.432610125
0533-BNWKF,1,Female,1,1,0,55,1,1,Fiber optic,0,1,1,0,0,0,Month-to-month,1,Electronic check,85.45,4874.7,2.809007232
0533-UCAAU,0,Male,1,1,0,57,1,1,DSL,0,1,1,0,1,0,One year,1,Credit card (automatic),71.1,4140.1,2.337278107
0536-ACXIP,0,Female,0,1,0,72,1,1,Fiber optic,1,1,1,0,1,1,Two year,1,Electronic check,109.55,8165.1,3.601249178
0536-BGFMZ,0,Female,0,1,0,28,1,0,No,0,0,0,0,0,0,Month-to-month,0,Mailed check,20.5,563.05,0.673898751
0536-ESJEP,0,Male,0,1,0,54,1,0,DSL,1,1,0,0,1,1,Two year,1,Bank transfer (automatic),74.55,4191.45,2.450690335
0537-QYZZN,0,Male,1,1,1,24,1,1,Fiber optic,1,0,0,0,0,0,Month-to-month,1,Electronic check,79.85,1857.75,2.624917817
0541-FITGH,0,Female,0,1,0,2,1,0,DSL,1,0,0,0,0,1,Month-to-month,1,Mailed check,62.15,113.1,2.043063774
0547-HURJB,0,Male,0,0,1,12,1,0,No,0,0,0,0,0,0,Month-to-month,0,Credit card (automatic),21.05,235.8,0.691978961
0549-CYCQN,0,Male,1,0,0,51,1,1,Fiber optic,0,1,0,0,0,0,One year,1,Bank transfer (automatic),79.6,3974.7,2.61669954
0550-DCXLH,0,Male,0,0,0,13,1,0,DSL,0,1,0,1,1,1,Month-to-month,0,Mailed check,73.35,931.55,2.411242604
0556-FJEGU,0,Male,0,0,0,58,1,0,DSL,0,1,1,1,1,0,Two year,0,Bank transfer (automatic),70.1,4048.95,2.304404997
0557-ASKVU,0,Female,0,1,1,18,1,0,DSL,0,0,1,1,0,0,One year,1,Credit card (automatic),54.4,957.1,1.788297173
0559-CKHUS,0,Female,0,1,0,29,1,0,No,0,0,0,0,0,0,Two year,1,Mailed check,19.55,521.8,0.642669297
0562-FGDCR,0,Female,0,1,1,72,1,1,DSL,1,1,0,1,1,0,Two year,0,Mailed check,74.55,5430.65,2.450690335
0562-HKHML,0,Male,0,1,1,71,1,1,No,0,0,0,0,0,0,Two year,0,Credit card (automatic),23.9,1626.4,0.785667324
0562-KBDVM,0,Female,0,0,0,70,0,0,DSL,1,1,1,1,0,0,Two year,1,Bank transfer (automatic),44.6,3058.15,1.466140697
0564-JJHGS,1,Male,0,0,0,9,1,1,Fiber optic,0,0,0,0,1,1,Month-to-month,1,Electronic check,95.5,829.1,3.139381986
0564-MUUQK,0,Female,0,1,1,20,1,1,Fiber optic,0,0,1,1,0,1,Month-to-month,1,Bank transfer (automatic),95.5,1916.2,3.139381986
0565-IYCGT,1,Male,0,0,0,69,1,1,DSL,1,1,1,1,0,1,One year,1,Credit card (automatic),78.6,5356.45,2.58382643
0565-JUPYD,0,Male,0,0,0,63,1,1,Fiber optic,1,1,1,1,1,0,One year,0,Credit card (automatic),104.5,6590.8,3.435239974
0567-GGCAC,0,Female,0,0,0,7,1,0,DSL,1,1,1,0,0,0,Month-to-month,0,Electronic check,61.4,438.9,2.018408941
0567-XRHCU,0,Female,0,1,1,69,0,0,DSL,1,0,1,0,0,1,Two year,1,Credit card (automatic),43.95,2960.1,1.444773176
0568-ONFPC,1,Male,0,1,1,5,1,1,No,0,0,0,0,0,0,Month-to-month,1,Bank transfer (automatic),25.9,135,0.851413544
0570-BFQHT,0,Female,0,0,0,9,1,0,Fiber optic,0,1,1,0,0,0,Month-to-month,0,Electronic check,80.55,653.9,2.647928994
0572-ZJKLT,0,Female,0,1,1,46,1,1,Fiber optic,1,0,1,1,0,1,Two year,0,Mailed check,99.65,4630.2,3.275805391
0575-CUQOV,0,Male,1,1,0,60,1,0,Fiber optic,0,1,1,0,1,1,One year,1,Electronic check,97.95,5867,3.219921105
0576-WNXXC,1,Male,1,1,0,27,1,1,Fiber optic,0,1,1,0,0,1,Month-to-month,1,Electronic check,95.55,2510.2,3.141025641
0577-WHMEV,0,Female,0,1,0,16,1,1,Fiber optic,1,1,1,0,0,0,Month-to-month,0,Electronic check,90.7,1374.9,2.981591059
0578-SKVMF,1,Female,0,1,1,22,1,0,Fiber optic,0,1,0,0,0,1,Month-to-month,0,Electronic check,83.3,1845.9,2.738330046
0580-PIQHM,0,Female,0,1,1,41,1,1,Fiber optic,1,1,1,0,0,1,One year,1,Bank transfer (automatic),101.6,3930.55,3.339907955
0581-BXBUB,0,Female,1,0,0,4,1,0,Fiber optic,0,1,0,0,0,0,Month-to-month,0,Electronic check,72.75,317.75,2.391518738
0581-MDMPW,0,Female,0,0,0,24,1,1,Fiber optic,0,0,1,0,1,0,Month-to-month,1,Credit card (automatic),88.95,2072.75,2.924063116
0582-AVCLN,0,Female,0,0,0,38,1,0,No,0,0,0,0,0,0,Two year,0,Mailed check,20.3,743.05,0.667324129
0584-BJQGZ,0,Female,0,0,0,25,1,1,DSL,1,1,1,1,1,0,Month-to-month,1,Bank transfer (automatic),78.35,1837.9,2.575608153
0585-EGDDA,0,Male,0,1,0,40,1,0,Fiber optic,0,1,1,0,0,0,Month-to-month,1,Electronic check,80,3168.75,2.629848784
0587-DMGBH,1,Female,0,0,0,8,1,0,DSL,1,0,0,0,0,0,Month-to-month,1,Electronic check,49.85,365.55,1.638724523
0594-UFTUL,0,Male,0,1,1,13,1,0,No,0,0,0,0,0,0,Month-to-month,1,Mailed check,19.85,252,0.652531229
0595-ITUDF,0,Male,0,1,1,64,1,1,Fiber optic,1,1,1,0,0,0,Month-to-month,1,Electronic check,91.8,5960.5,3.017751479
0596-BQCEQ,1,Female,0,1,1,62,1,0,Fiber optic,0,1,1,0,1,1,Month-to-month,1,Electronic check,100.15,6283.3,3.292241946
0599-XNYDO,0,Female,0,1,0,20,1,0,Fiber optic,0,0,0,0,0,0,Month-to-month,1,Bank transfer (automatic),69.8,1540.35,2.294543064
0601-WZHJF,1,Male,0,1,0,14,0,0,DSL,0,0,0,0,1,1,Month-to-month,0,Electronic check,46.35,667.7,1.523668639
0602-DDUML,0,Female,0,0,0,57,1,0,DSL,0,1,1,1,1,0,Two year,0,Mailed check,69.75,3894.4,2.292899408
0603-OLQDC,0,Male,0,0,1,12,1,0,DSL,1,0,0,0,1,1,Month-to-month,1,Mailed check,69.85,837.5,2.296186719
0603-TPMIB,0,Female,0,1,1,59,1,1,No,0,0,0,0,0,0,Two year,0,Mailed check,25.45,1534.05,0.836620644
0604-THJFP,0,Female,0,1,1,59,1,0,DSL,0,1,0,1,1,1,Two year,1,Credit card (automatic),75.95,4542.35,2.496712689
0607-DAAHE,1,Male,0,0,1,53,1,0,No,0,0,0,0,0,0,Two year,0,Bank transfer (automatic),19.75,1052.35,0.649243918
0607-MVMGC,0,Male,0,1,1,45,1,1,DSL,0,1,1,0,1,1,One year,0,Credit card (automatic),78.75,3600.65,2.588757396
0608-JDVEC,0,Male,0,1,0,50,1,0,No,0,0,0,0,0,0,Two year,0,Electronic check,19.8,1013.2,0.650887574
0611-DFXKO,1,Male,0,1,0,20,1,0,Fiber optic,0,0,0,0,1,1,Month-to-month,1,Mailed check,89,1820.45,2.925706772
0612-RTZZA,1,Female,1,0,0,1,0,0,DSL,0,0,0,0,0,0,Month-to-month,0,Electronic check,25.25,25.25,0.830046022
0613-WUXUM,0,Female,0,1,1,70,1,0,No,0,0,0,0,0,0,Two year,1,Mailed check,19.2,1401.4,0.631163708
0616-ATFGB,1,Male,1,1,0,1,0,0,DSL,0,0,0,0,0,0,Month-to-month,0,Electronic check,25.05,25.05,0.8234714
0617-AQNWT,1,Female,0,1,0,64,0,0,DSL,1,0,1,1,0,1,Two year,0,Electronic check,47.85,3147.5,1.572978304
0617-FHSGK,1,Male,0,0,1,49,1,1,Fiber optic,0,0,0,0,0,0,Month-to-month,0,Credit card (automatic),75.2,3678.3,2.472057857
0618-XWMSS,1,Male,0,0,1,28,1,0,Fiber optic,1,0,0,0,0,0,Month-to-month,1,Bank transfer (automatic),74.9,2068.55,2.462195924
0619-OLYUR,0,Male,0,1,0,72,1,1,Fiber optic,1,0,1,1,1,1,Two year,1,Credit card (automatic),111.9,8071.05,3.678500986
0620-DLSLK,0,Female,0,0,0,13,1,0,Fiber optic,0,0,0,0,1,0,Month-to-month,1,Mailed check,81.9,1028.9,2.692307692
0620-XEFWH,0,Male,0,1,1,4,1,0,No,0,0,0,0,0,0,Month-to-month,0,Mailed check,18.85,84.2,0.61965812
0621-CXBKL,0,Female,0,0,0,53,1,0,No,0,0,0,0,0,0,Two year,0,Mailed check,18.7,1005.7,0.614727153
0621-HJWXJ,0,Female,0,1,0,63,1,1,Fiber optic,0,1,0,0,0,0,Month-to-month,1,Bank transfer (automatic),81.55,5029.05,2.680802104
0621-JFHOL,0,Female,0,0,0,10,0,0,DSL,0,0,0,1,0,0,Two year,1,Mailed check,29.6,299.05,0.97304405
0621-TSSMU,0,Male,0,1,0,56,1,0,No,0,0,0,0,0,0,One year,0,Credit card (automatic),19.95,1126.75,0.65581854
0621-TWIEM,1,Male,0,0,0,10,1,0,DSL,0,0,0,0,0,0,Month-to-month,1,Electronic check,45.55,402.6,1.497370151
0623-EJQEG,0,Male,0,0,0,65,1,1,Fiber optic,1,0,0,1,0,1,One year,0,Electronic check,93.55,6069.25,3.075279421
0623-GDISB,0,Female,0,0,0,1,1,0,DSL,1,0,0,0,0,0,Month-to-month,1,Bank transfer (automatic),48.45,48.45,1.59270217
0623-IIHUG,1,Female,1,0,0,21,0,0,DSL,1,0,0,0,1,0,Month-to-month,1,Electronic check,41.9,840.1,1.3773833
0625-AFOHS,0,Female,0,1,1,29,1,0,No,0,0,0,0,0,0,Two year,0,Mailed check,20.2,558.8,0.664036818
0626-QXNGV,0,Female,0,1,0,72,1,1,No,0,0,0,0,0,0,Two year,1,Credit card (automatic),24.15,1776.45,0.793885602
0628-CNQRM,1,Male,0,1,1,22,1,0,DSL,1,0,1,1,1,0,One year,1,Bank transfer (automatic),67.5,1544.05,2.218934911
0634-SZPQA,1,Female,0,0,0,23,1,1,Fiber optic,1,0,0,0,1,0,Month-to-month,1,Bank transfer (automatic),90.05,2169.8,2.960223537
0635-WKOLD,0,Male,0,1,0,40,1,1,DSL,0,1,0,1,1,0,One year,0,Credit card (automatic),70.75,2921.75,2.325772518
0637-KVDLV,1,Male,0,0,0,2,1,1,Fiber optic,0,0,0,0,0,0,Month-to-month,1,Electronic check,76.5,162.45,2.514792899
0637-UBJRP,1,Male,0,1,1,13,1,0,Fiber optic,1,0,0,0,0,1,Month-to-month,0,Electronic check,84.05,1095.3,2.762984878
0637-YLETY,1,Female,0,0,0,16,1,1,Fiber optic,0,1,1,0,0,1,Month-to-month,1,Credit card (automatic),95.6,1555.65,3.142669297
0639-TSIQW,1,Female,0,0,0,67,1,1,Fiber optic,1,1,1,0,1,0,Month-to-month,1,Credit card (automatic),102.95,6886.25,3.384286654
0640-YJTPY,0,Male,0,1,1,72,1,0,No,0,0,0,0,0,0,Two year,0,Bank transfer (automatic),21,1493.75,0.690335306
0641-EVBOJ,0,Male,0,0,0,3,1,0,Fiber optic,1,0,0,1,0,0,Month-to-month,1,Mailed check,82.3,214.4,2.705456936
0643-OKLRP,1,Female,1,1,0,47,1,1,Fiber optic,1,0,0,0,0,0,Month-to-month,0,Electronic check,80.35,3825.85,2.641354372
0644-OQMDK,0,Male,1,0,0,4,1,0,Fiber optic,0,0,0,0,0,0,Month-to-month,1,Electronic check,70.65,293.85,2.322485207
0650-BWOZN,0,Female,1,0,0,18,1,0,Fiber optic,0,1,0,0,0,0,Month-to-month,1,Electronic check,73.55,1359.45,2.417817226
0654-HMSHN,1,Male,0,1,1,21,1,1,Fiber optic,0,1,1,0,1,1,Month-to-month,0,Electronic check,104.4,2157.95,3.431952663
0654-PQKDW,0,Female,0,1,1,62,1,0,DSL,1,0,1,1,1,0,One year,1,Bank transfer (automatic),70.75,4263.45,2.325772518
0655-RBDUG,1,Male,0,0,0,7,1,1,Fiber optic,0,0,1,0,1,1,Month-to-month,1,Bank transfer (automatic),98.05,713,3.223208416
0655-YDGFJ,0,Male,0,0,0,29,1,0,DSL,0,0,1,0,0,0,Month-to-month,0,Bank transfer (automatic),48.95,1323.7,1.609138725
0657-DOGUM,0,Female,0,1,0,48,1,1,DSL,1,0,0,1,0,0,One year,1,Bank transfer (automatic),60.6,2985.25,1.992110454
0661-KBKPA,0,Male,0,1,1,53,1,1,DSL,0,0,1,1,1,1,One year,1,Mailed check,78.75,3942.45,2.588757396
0661-KQHNK,0,Female,0,1,1,6,1,0,No,0,0,0,0,0,0,One year,0,Credit card (automatic),19,105.5,0.624589086
0661-WCQNQ,0,Male,0,1,0,22,1,0,DSL,1,0,0,1,0,0,One year,1,Credit card (automatic),56.25,1292.2,1.849112426
0661-XEYAN,1,Female,1,0,0,1,0,0,DSL,0,0,0,0,0,0,Month-to-month,1,Mailed check,25.8,25.8,0.848126233
0665-XHDJU,0,Male,0,1,0,72,1,1,Fiber optic,0,1,0,0,1,1,Two year,1,Electronic check,99.4,7285.7,3.267587114
0666-UXTJO,0,Male,1,1,0,34,1,0,Fiber optic,0,0,1,0,1,0,Month-to-month,1,Credit card (automatic),85.2,2874.45,2.800788955
0667-NSRGI,0,Female,0,1,0,48,1,1,DSL,0,0,1,1,0,1,One year,1,Mailed check,69.55,3435.6,2.286324786
0668-OGMHD,0,Female,0,1,0,21,0,0,DSL,1,0,0,0,0,0,Month-to-month,0,Electronic check,28.5,629.35,0.936883629
0670-ANMUU,0,Male,0,0,0,71,1,1,Fiber optic,1,0,0,1,0,1,One year,0,Credit card (automatic),97.65,6687.85,3.210059172
0670-KDOMA,0,Female,0,0,0,1,1,0,No,0,0,0,0,0,0,Month-to-month,1,Mailed check,20.25,20.25,0.665680473
0673-IGUQO,0,Male,0,0,0,1,1,0,No,0,0,0,0,0,0,Month-to-month,0,Mailed check,20.45,20.45,0.672255095
0674-DGMAQ,0,Male,1,1,0,32,1,1,Fiber optic,0,1,1,0,0,1,Month-to-month,1,Electronic check,93.5,2970.8,3.073635766
0674-EYYZV,0,Female,0,0,0,1,1,0,DSL,0,0,0,0,1,0,Month-to-month,1,Electronic check,54.65,54.65,1.79651545
0674-GCDXG,0,Male,0,0,0,63,1,1,DSL,1,0,1,1,0,1,Two year,1,Bank transfer (automatic),71.9,4479.2,2.363576594
0675-NCDYU,0,Female,0,1,1,72,1,1,Fiber optic,1,1,1,1,1,1,Two year,1,Credit card (automatic),116.4,8543.25,3.82642998
0678-RLHVP,0,Female,0,0,0,53,1,1,Fiber optic,0,1,1,0,1,1,Two year,0,Electronic check,105.55,5682.25,3.469756739
0679-IDSTG,1,Female,1,1,1,1,1,0,Fiber optic,0,0,0,0,0,0,Month-to-month,1,Electronic check,69.25,69.25,2.276462853
0679-TDGAK,0,Male,0,1,1,50,1,0,DSL,1,0,0,1,1,1,One year,0,Electronic check,75.5,4025.6,2.48191979
0680-DFNNY,1,Male,0,1,0,15,1,1,Fiber optic,0,0,1,0,1,1,Month-to-month,1,Electronic check,101.1,1504.05,3.3234714
0682-USIXD,0,Female,0,1,0,21,1,0,Fiber optic,0,0,0,1,1,0,Month-to-month,1,Electronic check,86.05,1818.9,2.828731098
0684-AOSIH,1,Male,0,1,0,1,1,0,Fiber optic,1,0,0,0,1,1,Month-to-month,1,Electronic check,95,95,3.122945431
0685-MLYYM,1,Female,1,0,0,2,1,0,Fiber optic,0,0,0,0,0,0,Month-to-month,0,Electronic check,70.75,154.85,2.325772518
0687-ZVTHB,1,Male,0,1,1,65,1,1,DSL,1,1,1,0,0,1,One year,0,Credit card (automatic),72.45,4653.85,2.381656805
0689-DSXGL,0,Female,0,1,1,52,1,0,Fiber optic,0,1,1,1,0,0,Month-to-month,0,Bank transfer (automatic),85.8,4433.3,2.820512821
0689-NKYLF,1,Male,0,0,0,13,1,0,Fiber optic,0,0,1,0,1,0,Month-to-month,1,Electronic check,83.2,1060.6,2.735042735
0690-SRQID,0,Male,0,0,0,4,1,0,No,0,0,0,0,0,0,Month-to-month,1,Mailed check,19.65,67.55,0.645956607
0691-IFBQW,1,Female,1,0,0,46,1,1,Fiber optic,1,1,1,0,1,1,One year,1,Electronic check,110,4874.8,3.616042078
0691-JVSYA,1,Female,0,1,0,53,1,0,Fiber optic,0,0,1,0,1,1,One year,1,Bank transfer (automatic),94.85,5000.2,3.118014464
0691-NIKRI,0,Female,0,0,0,40,1,1,Fiber optic,0,0,1,1,1,1,One year,1,Credit card (automatic),105.95,4335.2,3.482905983
0696-UKTOX,0,Male,0,0,1,23,1,0,DSL,0,1,0,1,0,0,Month-to-month,0,Electronic check,54.15,1312.45,1.780078895
0697-ZMSWS,1,Male,0,0,0,4,1,1,Fiber optic,0,0,0,0,0,1,Month-to-month,1,Electronic check,85.65,338.9,2.815581854
0699-NDKJM,0,Female,0,1,0,57,0,0,DSL,1,1,1,0,1,1,Month-to-month,1,Bank transfer (automatic),58.75,3437.45,1.931295201
0701-RFGFI,0,Female,0,1,1,49,1,1,Fiber optic,0,0,0,0,1,1,Month-to-month,1,Bank transfer (automatic),95.4,4613.95,3.136094675
0701-TJSEF,0,Male,0,0,0,9,1,0,DSL,1,0,1,1,0,1,Month-to-month,1,Bank transfer (automatic),68.25,576.95,2.243589744
0702-PGIBZ,1,Male,0,0,1,4,1,1,Fiber optic,0,1,0,0,1,1,Month-to-month,1,Electronic check,101.7,364.55,3.343195266
0704-VCUMB,0,Female,0,1,0,61,1,0,No,0,0,0,0,0,0,Two year,0,Credit card (automatic),20.25,1278.8,0.665680473
0707-HOVVN,0,Female,1,0,0,70,1,1,DSL,0,1,1,1,1,0,Two year,1,Bank transfer (automatic),75.5,5212.65,2.48191979
0708-LGSMF,0,Male,0,1,0,13,1,1,DSL,1,0,0,0,0,1,Month-to-month,1,Electronic check,65.85,902.25,2.16469428
0708-SJDIS,0,Female,0,0,0,34,1,1,DSL,0,0,0,1,1,0,Month-to-month,0,Mailed check,65,2157.5,2.136752137
0709-TVGUR,1,Female,1,0,0,9,1,1,Fiber optic,0,0,0,0,0,0,Month-to-month,1,Electronic check,74.55,622.9,2.450690335
0716-BQNDX,0,Male,1,0,0,57,1,1,Fiber optic,1,0,0,1,0,1,Two year,0,Electronic check,93.75,5625.55,3.081854043
0719-SYFRB,1,Female,0,0,0,12,1,1,DSL,1,0,1,1,0,0,Month-to-month,1,Mailed check,61.65,713.75,2.026627219
0722-SVSFK,0,Female,0,0,0,7,1,0,Fiber optic,0,0,1,1,1,1,Month-to-month,1,Electronic check,100.4,715,3.300460224
0722-TROQR,1,Female,1,0,0,4,1,1,Fiber optic,0,0,0,0,0,0,Month-to-month,1,Electronic check,74.9,321.75,2.462195924
0723-DRCLG,1,Female,1,1,0,1,1,1,Fiber optic,0,0,0,0,0,0,Month-to-month,1,Electronic check,74.45,74.45,2.447403024
0723-FDLAY,0,Male,0,0,0,44,1,1,DSL,0,1,1,1,1,1,One year,1,Bank transfer (automatic),85.25,3704.15,2.80243261
0723-VSOBE,0,Female,1,0,0,45,0,0,DSL,0,0,0,0,0,1,One year,0,Electronic check,34.2,1596.6,1.124260355
0725-CXOTM,0,Female,0,0,0,36,1,1,DSL,1,0,1,1,1,1,One year,1,Credit card (automatic),89.65,3348.1,2.947074293
0727-BMPLR,1,Female,1,0,0,55,1,1,Fiber optic,0,0,1,0,1,1,One year,1,Electronic check,100,5509.3,3.28731098
0727-BNRLG,0,Male,0,0,0,69,1,1,Fiber optic,0,1,1,1,1,0,Two year,1,Credit card (automatic),97.65,6743.55,3.210059172
0727-IWKVK,1,Male,0,1,0,9,1,0,Fiber optic,0,1,1,0,0,0,Month-to-month,1,Electronic check,79.9,741.7,2.626561473
0730-BGQGF,0,Male,0,1,1,71,1,1,DSL,1,1,1,1,1,1,Two year,0,Credit card (automatic),90.3,6287.3,2.968441815
0730-KOAVE,0,Male,0,0,0,30,1,1,Fiber optic,1,1,0,0,0,1,Month-to-month,1,Credit card (automatic),94.3,2679.7,3.099934254
0731-EBJQB,0,Female,0,1,1,52,1,0,No,0,0,0,0,0,0,One year,1,Electronic check,20.4,1090.65,0.67061144
0732-OCQOC,0,Female,0,1,1,52,1,1,No,0,0,0,0,0,0,Two year,1,Bank transfer (automatic),25.05,1270.25,0.8234714
0733-VUNUW,1,Male,0,0,0,24,1,1,DSL,1,0,0,0,0,0,Month-to-month,1,Bank transfer (automatic),55.65,1400.55,1.82938856
0734-OXWBT,0,Male,0,0,1,3,1,0,DSL,0,0,0,1,1,1,Month-to-month,0,Mailed check,70.7,225.65,2.324128863
0739-UUAJR,0,Female,0,1,1,72,0,0,DSL,1,0,1,0,1,1,Two year,1,Credit card (automatic),53.8,3952.45,1.768573307
0742-LAFQK,0,Male,0,1,0,72,1,1,Fiber optic,1,1,1,0,0,1,Two year,1,Electronic check,99.15,7422.1,3.259368836
0742-MOABM,1,Male,0,1,0,4,1,0,DSL,0,0,0,1,0,0,Month-to-month,0,Mailed check,50.05,179.35,1.645299145
0742-NXBGR,1,Female,0,0,0,1,1,0,Fiber optic,0,1,1,0,0,0,Month-to-month,1,Electronic check,82.3,82.3,2.705456936
0743-HNPFG,0,Female,0,1,1,51,1,0,DSL,1,1,0,1,0,1,One year,1,Credit card (automatic),69.75,3562.5,2.292899408
0743-HRVFF,0,Female,0,1,1,51,0,0,DSL,0,0,1,1,1,1,One year,1,Electronic check,56.15,2898.95,1.845825115
0744-BIKKF,0,Male,0,0,0,72,1,1,DSL,1,1,1,1,1,1,Two year,0,Bank transfer (automatic),86.65,6224.8,2.848454964
0744-GKNGE,0,Female,0,1,1,64,1,1,Fiber optic,1,0,0,1,0,0,Month-to-month,1,Bank transfer (automatic),86.8,5327.25,2.85338593
0746-JTRFU,1,Male,0,0,0,2,0,0,DSL,0,0,0,0,0,0,Month-to-month,1,Electronic check,25.05,56.35,0.8234714
0748-RDGGM,1,Male,0,1,0,70,1,0,Fiber optic,1,1,1,1,1,1,One year,1,Bank transfer (automatic),109.5,7534.65,3.599605523
0749-IRGQE,0,Female,1,1,0,13,0,0,DSL,0,0,0,0,1,1,Month-to-month,0,Electronic check,45.3,528.45,1.489151874
0750-EBAIU,0,Male,0,0,0,52,1,0,Fiber optic,1,0,1,0,1,0,One year,0,Electronic check,91.25,4738.3,2.999671269
0750-EKNGL,0,Male,0,0,0,7,1,0,No,0,0,0,0,0,0,Month-to-month,0,Mailed check,20.75,141.1,0.682117028
0754-EEBDC,0,Male,0,1,1,4,1,0,No,0,0,0,0,0,0,Two year,0,Mailed check,19.9,76.65,0.654174885
0754-UKWQP,1,Male,0,0,0,2,1,0,Fiber optic,0,0,1,0,1,1,Month-to-month,1,Electronic check,95.85,197.7,3.150887574
0756-MPZRL,0,Male,0,0,0,46,0,0,DSL,0,0,1,1,0,0,One year,0,Credit card (automatic),33.7,1537.85,1.1078238
0757-WCUUZ,0,Male,0,1,1,54,1,1,DSL,0,0,1,0,0,1,Two year,0,Credit card (automatic),63.35,3409.1,2.082511506
0761-AETCS,1,Female,0,0,0,1,1,0,No,0,0,0,0,0,0,Month-to-month,0,Electronic check,19.3,19.3,0.634451019
0769-MURVM,0,Female,0,1,1,72,0,0,DSL,1,1,1,1,1,1,Two year,0,Bank transfer (automatic),65.7,4575.35,2.159763314
0771-CHWSK,0,Male,0,0,0,66,1,1,DSL,1,1,1,0,0,1,Two year,1,Credit card (automatic),74.6,4798.4,2.452333991
0771-WLCLA,0,Female,0,1,1,16,1,1,Fiber optic,1,0,1,1,1,1,Month-to-month,1,Electronic check,112.95,1882.55,3.713017751
0772-GYEQQ,1,Male,0,0,0,3,1,0,Fiber optic,0,0,1,1,1,0,Month-to-month,1,Mailed check,88.35,262.05,2.90433925
0774-IFUVM,0,Male,0,1,1,11,1,1,DSL,1,0,0,0,1,0,Month-to-month,1,Bank transfer (automatic),65.15,723.35,2.141683103
0774-RMNUW,0,Female,0,1,1,71,0,0,DSL,1,1,0,1,1,1,Two year,0,Bank transfer (automatic),59.7,4122.65,1.962524655
0778-NELLA,1,Male,0,0,0,9,0,0,DSL,0,0,0,0,1,0,Month-to-month,1,Credit card (automatic),34.7,296.1,1.14069691
0780-XNZFN,0,Male,0,0,0,57,1,0,No,0,0,0,0,0,0,Two year,0,Bank transfer (automatic),20.65,1125.6,0.678829717
0781-LKXBR,1,Male,1,0,0,9,1,1,Fiber optic,0,0,1,0,1,1,Month-to-month,1,Electronic check,100.5,918.6,3.303747535
0784-GTUUK,0,Male,0,1,0,62,1,1,No,0,0,0,0,0,0,One year,1,Credit card (automatic),23.75,1446.8,0.780736358
0784-ZQJZX,0,Male,0,0,1,72,1,0,No,0,0,0,0,0,0,Two year,0,Credit card (automatic),19.9,1529.65,0.654174885
0786-IVLAW,0,Female,1,0,0,66,1,1,Fiber optic,0,1,1,0,1,1,One year,0,Bank transfer (automatic),108.1,7238.6,3.553583169
0786-VSSUD,1,Male,1,0,0,16,0,0,DSL,0,1,0,0,1,0,Month-to-month,1,Mailed check,39,679.85,1.282051282
0787-LHDYT,0,Male,0,0,0,16,1,0,No,0,0,0,0,0,0,Month-to-month,1,Credit card (automatic),20.6,330.25,0.677186062
0788-DXBFY,0,Male,0,1,1,58,1,0,No,0,0,0,0,0,0,One year,1,Electronic check,19.55,1108.8,0.642669297
0793-TWELN,0,Female,0,0,0,4,1,1,Fiber optic,1,0,0,0,0,0,Month-to-month,1,Electronic check,80.15,319.85,2.63477975
0794-YVSGE,0,Male,0,1,1,72,1,0,No,0,0,0,0,0,0,Two year,0,Bank transfer (automatic),20.3,1401.15,0.667324129
0795-GMVQO,0,Male,0,1,0,67,1,1,Fiber optic,1,1,1,0,1,1,One year,0,Credit card (automatic),109.9,7332.4,3.612754767
0795-LAFGP,0,Male,0,1,1,71,1,1,DSL,1,1,1,1,1,1,Two year,0,Electronic check,90.4,6668.05,2.971729126
0795-XCCTE,0,Male,1,0,0,72,1,1,No,0,0,0,0,0,0,Two year,0,Bank transfer (automatic),25.4,1809.35,0.834976989
0799-DDIHE,0,Female,0,1,1,15,1,0,DSL,0,0,0,0,0,0,Month-to-month,0,Electronic check,46.3,639.45,1.522024984
0804-XBFBV,0,Female,0,0,1,11,0,0,DSL,0,0,0,0,0,0,Month-to-month,0,Electronic check,25.2,321.05,0.828402367
0804-YGEQV,0,Female,0,1,1,43,1,1,No,0,0,0,0,0,0,One year,1,Bank transfer (automatic),24.45,993.15,0.803747535
0807-ZABDG,1,Female,0,0,1,3,1,0,DSL,1,0,0,1,0,0,Month-to-month,1,Mailed check,55.1,154.65,1.81130835
0810-BDHAW,0,Female,0,1,1,24,1,1,DSL,1,1,0,0,1,1,One year,0,Electronic check,78.4,1832.4,2.577251808
0810-DHDBD,0,Female,0,0,0,52,1,1,DSL,1,0,1,1,1,0,One year,0,Credit card (automatic),74,3877.65,2.432610125
0811-GSDTP,0,Female,0,0,1,13,0,0,DSL,0,1,0,0,0,0,Month-to-month,0,Electronic check,30.15,382.2,0.99112426
0812-WUPTB,1,Male,1,1,0,1,1,0,Fiber optic,0,0,0,0,0,0,Month-to-month,0,Mailed check,70.85,70.85,2.329059829
0813-TAXXS,0,Male,0,0,0,55,1,1,DSL,0,0,1,0,1,1,Two year,1,Bank transfer (automatic),77.8,4323.35,2.557527942
0815-MFZGM,0,Female,0,1,0,42,1,0,Fiber optic,0,0,1,1,1,1,Two year,1,Credit card (automatic),99,4135,3.25443787
0816-TSPHQ,0,Male,0,0,0,2,1,0,No,0,0,0,0,0,0,Month-to-month,0,Mailed check,20.75,44.2,0.682117028
0817-HSUSE,0,Male,0,0,0,1,1,0,DSL,0,0,1,1,1,1,Month-to-month,1,Electronic check,75.5,75.5,2.48191979
0818-OCPZO,1,Male,1,0,0,27,1,1,Fiber optic,0,1,0,0,0,0,Month-to-month,1,Electronic check,81.45,2122.05,2.677514793
0820-FNRNX,0,Male,0,1,1,17,1,1,DSL,0,1,1,1,0,0,Month-to-month,1,Mailed check,66.7,1077.05,2.192636423
0822-GAVAP,1,Female,0,0,0,2,0,0,DSL,0,0,0,0,0,1,Month-to-month,1,Electronic check,34.7,62.25,1.14069691
0822-QGCXA,0,Female,1,1,0,27,1,1,DSL,0,1,1,1,1,1,Month-to-month,0,Electronic check,83.85,2310.2,2.756410256
0823-HSCDJ,1,Male,1,0,0,52,0,0,DSL,0,1,0,0,1,1,Month-to-month,1,Electronic check,49.15,2550.9,1.615713346
0824-VWDPO,0,Female,0,0,0,45,1,1,Fiber optic,1,1,0,0,0,1,One year,0,Bank transfer (automatic),96.75,4442.75,3.180473373
0825-CPPQH,0,Female,0,1,0,71,1,0,No,0,0,0,0,0,0,Two year,0,Credit card (automatic),19.1,1372.45,0.627876397
0827-ITJPH,0,Male,0,0,0,36,1,0,No,0,0,0,0,0,0,Two year,1,Credit card (automatic),18.55,689,0.609796187
0829-DDVLK,0,Female,0,0,0,15,1,0,No,0,0,0,0,0,0,One year,0,Credit card (automatic),20.1,302.45,0.660749507
0829-XXPLX,0,Female,0,0,0,20,1,0,Fiber optic,1,0,1,0,1,0,Month-to-month,1,Bank transfer (automatic),89.4,1871.15,2.938856016
0831-JNISG,0,Male,0,1,1,71,1,0,No,0,0,0,0,0,0,Two year,0,Mailed check,19.8,1396.25,0.650887574
0835-DUUIQ,0,Female,0,0,1,24,1,0,No,0,0,0,0,0,0,One year,0,Bank transfer (automatic),21.05,531.55,0.691978961
0835-JKADZ,0,Female,0,0,0,71,1,1,Fiber optic,0,1,1,1,1,1,Two year,1,Electronic check,111.25,7984.15,3.657133465
0836-SEYLU,1,Male,0,1,0,9,0,0,DSL,0,0,0,1,1,0,Month-to-month,0,Mailed check,40.65,328.95,1.336291913
0839-JTCUD,0,Female,0,1,1,66,1,1,DSL,1,1,1,1,1,1,Two year,0,Credit card (automatic),89.9,5958.85,2.955292571
0839-QNXME,0,Female,0,0,0,30,1,0,No,0,0,0,0,0,0,Two year,0,Credit card (automatic),19.4,578.5,0.63773833
0840-DCNZE,0,Male,0,0,0,47,1,0,DSL,1,1,1,1,1,1,One year,1,Bank transfer (automatic),86.95,4138.9,2.858316897
0840-DFEZH,0,Female,0,0,0,7,1,1,Fiber optic,0,0,0,0,0,0,Month-to-month,1,Electronic check,75.35,564.65,2.476988823
0841-NULXI,1,Male,0,0,0,1,0,0,DSL,0,0,0,0,0,1,Month-to-month,1,Electronic check,35.55,35.55,1.168639053
0842-IWYCP,0,Female,0,0,0,46,1,0,DSL,0,0,0,0,0,0,Month-to-month,0,Bank transfer (automatic),44.95,2168.9,1.477646285
0843-WTBXE,1,Male,0,0,0,53,1,1,Fiber optic,0,0,0,0,1,0,Month-to-month,0,Bank transfer (automatic),85.45,4517.25,2.809007232
0847-HGRML,0,Male,0,0,1,62,1,0,No,0,0,0,0,0,0,Two year,0,Bank transfer (automatic),20,1250.1,0.657462196
0848-SOMKO,0,Male,0,0,0,70,0,0,DSL,1,0,1,1,0,1,Two year,0,Bank transfer (automatic),48.4,3442.8,1.591058514
0848-ZGQIJ,0,Female,0,1,0,16,1,0,Fiber optic,0,1,0,0,1,1,Month-to-month,1,Bank transfer (automatic),94.65,1461.15,3.111439842
0851-DFJKB,0,Female,0,0,0,15,1,0,DSL,1,0,1,1,0,0,Month-to-month,0,Electronic check,58.95,955.15,1.937869822
0853-NWIFK,0,Female,0,0,0,45,1,0,Fiber optic,1,1,0,0,1,1,One year,1,Electronic check,100.3,4483.95,3.297172913
0853-TWRVK,0,Male,0,1,0,72,1,1,Fiber optic,1,1,1,1,0,1,Two year,0,Bank transfer (automatic),105.6,7581.5,3.471400394
0854-UYHZD,0,Female,0,1,1,13,1,0,No,0,0,0,0,0,0,Two year,0,Mailed check,19.55,265.3,0.642669297
0856-NAOES,0,Male,0,0,0,6,1,0,DSL,0,0,1,0,1,0,Month-to-month,0,Mailed check,60.9,414.1,2.001972387
0859-YGKFW,0,Male,0,1,1,18,1,0,No,0,0,0,0,0,0,One year,0,Bank transfer (automatic),20.05,345.9,0.659105851
0862-PRCBS,0,Female,0,1,1,68,1,1,Fiber optic,0,1,0,1,1,1,Two year,1,Credit card (automatic),103.75,7039.45,3.410585141
0864-FVJNJ,0,Female,0,1,1,64,1,1,Fiber optic,1,1,1,1,1,1,One year,0,Electronic check,113.35,7222.75,3.726166995
0866-QLSIR,1,Female,0,0,0,34,1,1,DSL,1,1,0,1,0,0,One year,1,Mailed check,64.4,2088.75,2.117028271
0867-LDTTC,0,Male,0,0,0,5,1,0,DSL,0,0,1,1,1,1,Month-to-month,0,Bank transfer (automatic),75.15,392.65,2.470414201
0867-MKZVY,1,Female,0,1,0,20,1,1,Fiber optic,1,0,0,0,0,0,Month-to-month,0,Electronic check,82.4,1592.35,2.708744247
0868-VJRDR,0,Male,0,1,0,64,1,0,Fiber optic,1,1,0,1,1,1,Two year,1,Credit card (automatic),104.05,6605.55,3.420447074
0869-PAPRP,0,Female,1,1,0,26,1,0,Fiber optic,0,0,1,0,1,0,Month-to-month,1,Credit card (automatic),85.7,2067,2.81722551
0870-VEMYL,1,Female,0,0,0,5,1,0,DSL,1,0,0,1,0,0,Month-to-month,0,Credit card (automatic),53.85,259.8,1.770216963
0871-OPBXW,0,Female,0,0,0,2,1,0,No,0,0,0,0,0,0,Month-to-month,1,Mailed check,20.05,39.25,0.659105851
0871-URUWO,1,Male,0,1,0,13,1,1,Fiber optic,0,0,1,0,1,1,Month-to-month,1,Credit card (automatic),102.25,1359,3.361275477
0872-CASZJ,0,Male,0,1,0,59,1,1,DSL,1,0,0,1,0,1,One year,1,Mailed check,69.1,4096.9,2.271531887
0872-JCPIB,0,Male,0,0,0,17,1,1,DSL,1,0,0,0,0,1,Month-to-month,0,Bank transfer (automatic),65.75,1111.2,2.161406969
0872-NXJYS,1,Female,0,0,0,9,1,0,Fiber optic,0,0,0,0,0,1,Month-to-month,1,Electronic check,79.55,723.4,2.615055884
0875-CABNR,1,Female,1,0,0,10,1,0,Fiber optic,0,0,1,0,0,1,Month-to-month,1,Credit card (automatic),84.6,865.55,2.781065089
0876-WDUUZ,1,Female,0,0,0,5,1,0,Fiber optic,0,0,0,1,0,1,Month-to-month,1,Credit card (automatic),85.4,425.9,2.807363577
0877-SDMBN,1,Female,0,0,0,54,1,1,Fiber optic,1,0,1,0,1,1,One year,1,Bank transfer (automatic),103.95,5639.05,3.417159763
0880-FVFWF,0,Male,0,0,0,56,1,1,Fiber optic,1,1,0,0,0,0,Month-to-month,1,Electronic check,86.4,4922.4,2.840236686
0880-TKATG,1,Male,0,1,1,4,1,1,Fiber optic,0,0,1,0,1,1,Month-to-month,0,Electronic check,101.15,385.9,3.325115056
0883-EIBTI,1,Female,0,0,0,2,1,0,No,0,0,0,0,0,0,Month-to-month,0,Mailed check,19.5,31.55,0.641025641
0885-HMGPY,0,Male,0,0,0,62,1,1,DSL,1,1,1,1,0,0,Two year,0,Bank transfer (automatic),69.4,4237.5,2.28139382
0886-QGENL,1,Female,1,1,0,27,1,0,Fiber optic,1,0,1,0,1,1,Month-to-month,1,Electronic check,101.25,2754.45,3.328402367
0887-HJGAR,1,Male,0,0,0,1,1,0,DSL,0,0,0,0,0,0,Month-to-month,1,Mailed check,45.7,45.7,1.502301118
0887-WBJVH,0,Female,0,1,0,53,1,0,Fiber optic,0,0,0,1,1,1,One year,1,Electronic check,93.45,4872.2,3.07199211
0895-DQHEW,1,Male,0,1,0,54,1,1,Fiber optic,0,1,1,0,1,1,Month-to-month,1,Electronic check,104.3,5278.15,3.428665352
0895-LMRSF,0,Male,0,0,0,23,1,0,DSL,0,0,0,0,1,1,One year,1,Bank transfer (automatic),64.9,1509.8,2.133464826
0895-LNKRC,0,Male,0,1,1,6,1,0,No,0,0,0,0,0,0,One year,0,Mailed check,19.45,113.5,0.639381986
0895-UADGO,0,Male,0,0,1,8,0,0,DSL,1,0,0,1,0,1,Two year,1,Mailed check,44.55,343.45,1.464497041
0897-FEGMU,1,Female,0,1,0,11,1,1,Fiber optic,0,0,1,0,1,1,Month-to-month,1,Electronic check,99.5,1056.95,3.270874425
0898-XCGTF,0,Male,0,1,0,61,1,1,Fiber optic,0,0,0,0,1,1,One year,1,Bank transfer (automatic),96.5,5673.7,3.172255095
0899-LIIBW,0,Male,0,1,0,34,1,1,Fiber optic,0,0,1,0,1,1,Month-to-month,0,Electronic check,100.85,3527.3,3.315253123
0899-WZRSD,0,Male,0,0,0,56,1,1,Fiber optic,1,0,0,1,1,1,Month-to-month,1,Mailed check,105.35,5794.45,3.463182117
0902-RFHOF,0,Male,0,0,0,38,1,0,No,0,0,0,0,0,0,One year,0,Mailed check,20.1,730.1,0.660749507
0902-XKXPN,0,Male,0,1,1,69,1,0,No,0,0,0,0,0,0,Two year,0,Bank transfer (automatic),20.2,1376.5,0.664036818
0906-QVPMS,0,Male,0,1,0,72,1,1,Fiber optic,1,1,1,1,1,1,Two year,0,Bank transfer (automatic),115.15,8349.45,3.785338593
0907-HQNTS,0,Female,1,1,0,70,1,1,Fiber optic,1,1,1,1,1,1,Two year,1,Credit card (automatic),113,7987.6,3.714661407
0909-SDHNU,0,Female,0,0,1,7,0,0,DSL,1,0,0,0,0,0,Month-to-month,0,Mailed check,29.8,201.95,0.979618672
0909-SELIE,0,Male,0,1,0,61,1,1,DSL,1,1,1,1,0,1,Two year,1,Bank transfer (automatic),80.8,4860.85,2.656147272
0913-XWSCN,0,Male,0,1,1,55,1,1,Fiber optic,0,0,0,0,0,1,Month-to-month,0,Bank transfer (automatic),85.5,4713.4,2.810650888
0916-KNFAJ,0,Male,0,1,0,61,1,1,DSL,1,0,1,0,0,1,Two year,1,Mailed check,69.9,4226.7,2.297830375
0916-QOFDP,0,Female,1,1,1,14,1,1,Fiber optic,0,0,0,0,1,1,Month-to-month,1,Electronic check,95.8,1346.3,3.149243918
0917-EZOLA,1,Male,1,1,0,72,1,1,Fiber optic,0,1,1,0,1,1,Two year,1,Bank transfer (automatic),104.15,7689.95,3.423734385
0921-OHLVP,0,Male,0,0,0,22,1,1,Fiber optic,0,0,0,0,0,1,Month-to-month,0,Electronic check,83.05,1799.3,2.730111769
0923-PNFUB,1,Female,0,0,0,3,1,0,Fiber optic,0,1,0,0,1,0,Month-to-month,0,Electronic check,83.75,247.25,2.753122945
0924-BJCRC,0,Female,1,1,0,60,1,1,Fiber optic,0,1,0,0,0,1,Month-to-month,0,Electronic check,89.45,5294.6,2.940499671
0925-VYDLG,1,Female,0,0,0,3,1,1,Fiber optic,0,0,0,0,0,0,Month-to-month,0,Electronic check,75.25,242,2.473701512
0927-CNGRH,0,Male,0,0,1,1,1,0,No,0,0,0,0,0,0,Month-to-month,0,Mailed check,19.55,19.55,0.642669297
0927-LCSMG,1,Male,0,0,0,7,1,0,Fiber optic,0,0,1,0,0,0,Month-to-month,0,Mailed check,74.65,544.55,2.453977646
0928-JMXNP,0,Male,1,1,0,4,0,0,DSL,0,0,1,0,0,0,Month-to-month,1,Electronic check,29.9,118.25,0.982905983
0928-XUTSN,0,Female,0,0,0,13,1,0,Fiber optic,0,0,0,0,0,1,Month-to-month,1,Electronic check,80.5,1011.8,2.646285339
0929-HYQEW,0,Male,0,0,0,3,1,0,DSL,1,0,0,0,0,0,Month-to-month,1,Mailed check,50.15,160.85,1.648586456
0929-PECLO,0,Female,1,0,0,63,1,1,Fiber optic,0,0,1,0,0,1,Month-to-month,1,Bank transfer (automatic),89.6,5538.8,2.945430638
0930-EHUZA,0,Female,0,0,0,36,1,0,DSL,1,1,1,1,1,0,One year,1,Mailed check,76.35,2606.35,2.509861933
0931-MHTEM,0,Female,0,0,0,54,1,0,Fiber optic,1,1,0,0,1,1,One year,1,Credit card (automatic),100.05,5299.65,3.288954635
0932-YIXYU,0,Female,0,0,0,47,1,0,No,0,0,0,0,0,0,Two year,0,Credit card (automatic),20.25,1029.8,0.665680473
0936-NQLJU,0,Female,0,1,0,41,1,0,No,0,0,0,0,0,0,Two year,0,Credit card (automatic),20.65,875.55,0.678829717
0939-EREMR,0,Female,0,0,1,13,1,0,DSL,0,0,1,1,0,0,Month-to-month,0,Mailed check,53.45,718.1,1.757067719
0939-YAPAF,1,Female,0,0,0,35,1,1,Fiber optic,0,0,1,0,1,1,Month-to-month,1,Electronic check,100.25,3527.6,3.295529257
0940-OUQEC,1,Male,0,0,0,10,1,1,Fiber optic,0,1,0,0,0,0,Month-to-month,1,Bank transfer (automatic),80.7,788.8,2.652859961
0942-KOWSM,0,Female,0,1,1,30,1,0,DSL,0,1,1,1,1,1,Two year,0,Bank transfer (automatic),80.8,2369.3,2.656147272
0943-ZQPXH,0,Male,0,1,1,44,1,0,Fiber optic,0,0,1,0,1,1,Month-to-month,1,Bank transfer (automatic),92.95,4122.9,3.055555556
0945-TSONX,0,Female,0,1,1,47,1,1,DSL,1,1,0,1,1,1,Two year,1,Credit card (automatic),85.3,4107.25,2.804076266
0946-CLJTI,1,Male,1,1,0,58,1,1,Fiber optic,0,0,1,0,1,1,Month-to-month,1,Electronic check,98.7,5812.6,3.244575937
0946-FKYTX,0,Male,0,0,0,52,0,0,DSL,0,1,0,0,0,0,One year,0,Mailed check,30.1,1623.4,0.989480605
0947-IDHRQ,1,Female,0,0,0,7,1,0,Fiber optic,0,0,0,0,1,0,Month-to-month,1,Mailed check,80.3,526.7,2.639710717
0947-MUGVO,1,Male,1,1,0,20,1,0,Fiber optic,0,1,0,0,0,0,Month-to-month,1,Electronic check,73.65,1463.5,2.421104536
0952-KMEEH,1,Male,0,0,0,13,1,1,Fiber optic,1,0,0,0,1,1,Month-to-month,0,Mailed check,98.15,1230.25,3.226495726
0953-LGOVU,0,Male,0,1,1,12,0,0,DSL,0,1,0,1,0,0,Month-to-month,0,Mailed check,35.5,432.25,1.166995398
0956-ACVZC,0,Female,0,0,0,54,1,0,Fiber optic,0,0,1,0,1,1,One year,1,Credit card (automatic),94.1,5060.9,3.093359632
0956-SYCWG,0,Female,0,0,0,13,1,0,No,0,0,0,0,0,0,One year,0,Electronic check,19.65,244.8,0.645956607
0958-YHXGP,0,Female,0,0,0,7,1,0,Fiber optic,0,0,0,0,0,0,Month-to-month,1,Mailed check,69.9,497.3,2.297830375
0959-WHOKV,0,Male,0,0,0,42,1,1,Fiber optic,1,1,1,0,0,1,One year,1,Electronic check,99,4298.45,3.25443787
0960-HUWBM,0,Male,0,1,1,65,1,1,Fiber optic,0,0,1,1,1,1,Two year,1,Bank transfer (automatic),104.1,6700.05,3.42209073
0961-ZWLVI,0,Male,0,0,1,49,1,1,Fiber optic,1,1,1,0,1,1,One year,1,Credit card (automatic),109.2,5290.45,3.58974359
0962-CQPWQ,0,Female,0,1,1,62,1,0,No,0,0,0,0,0,0,Two year,0,Bank transfer (automatic),20.3,1296.15,0.667324129
0963-ZBDRN,1,Male,0,0,0,32,1,0,Fiber optic,0,0,0,1,1,1,Month-to-month,1,Electronic check,96.2,3183.4,3.162393162
0967-BMLBD,0,Female,0,1,1,11,1,0,No,0,0,0,0,0,0,One year,1,Mailed check,20,196.35,0.657462196
0968-GSIKN,1,Female,0,0,0,1,1,0,Fiber optic,0,0,0,0,0,0,Month-to-month,1,Mailed check,70.8,70.8,2.327416174
0969-RGKCU,0,Male,0,1,1,37,1,0,No,0,0,0,0,0,0,One year,0,Credit card (automatic),19.8,677.05,0.650887574
0970-ETWGE,1,Male,0,0,0,1,1,0,Fiber optic,0,0,0,0,1,1,Month-to-month,1,Electronic check,89.55,89.55,2.943786982
0970-QXPXW,0,Female,0,0,0,1,1,0,No,0,0,0,0,0,0,Month-to-month,0,Mailed check,19.65,19.65,0.645956607
0971-QIFJK,0,Female,0,1,0,69,1,1,No,0,0,0,0,0,0,Two year,0,Bank transfer (automatic),24.25,1641.8,0.797172913
0973-KYVNF,0,Female,0,1,1,72,1,0,DSL,1,1,1,0,1,0,Two year,1,Credit card (automatic),70.65,5011.15,2.322485207
0975-UYDTX,0,Female,0,1,0,26,1,1,DSL,1,1,1,1,1,1,One year,1,Credit card (automatic),90.1,2312.55,2.961867193
0975-VOOVL,0,Female,0,0,0,3,0,0,DSL,0,1,0,0,0,0,Month-to-month,0,Mailed check,29.2,98.5,0.959894806
0979-MOZQI,0,Male,0,1,0,62,0,0,DSL,0,0,0,1,1,0,Two year,1,Bank transfer (automatic),39,2337.45,1.282051282
0979-PHULV,1,Male,0,1,1,69,1,1,Fiber optic,0,0,1,0,1,1,Month-to-month,1,Credit card (automatic),99.45,7007.6,3.269230769
0980-FEXWF,0,Male,0,1,1,26,1,0,DSL,0,0,1,0,0,0,One year,0,Mailed check,50.35,1285.8,1.655161078
0980-PVMRC,0,Female,0,1,1,40,0,0,DSL,0,1,0,0,1,1,Month-to-month,1,Electronic check,50.85,2036.55,1.671597633
0983-TATYJ,0,Female,0,1,0,33,1,0,DSL,0,0,0,1,0,0,One year,1,Mailed check,51.45,1758.9,1.691321499
0988-AADSA,0,Female,0,1,1,72,1,1,DSL,1,1,1,1,0,1,Two year,0,Bank transfer (automatic),80.85,5824.75,2.657790927
0988-JRWWP,0,Female,0,0,0,3,1,0,DSL,0,0,0,0,1,0,Month-to-month,1,Electronic check,54.2,140.4,1.781722551
0991-BRRFB,1,Male,0,0,0,18,1,0,DSL,1,0,0,0,0,0,Month-to-month,0,Electronic check,49.4,874.8,1.623931624
0993-OSGPT,0,Female,1,1,0,68,1,0,DSL,0,1,1,1,0,0,One year,1,Bank transfer (automatic),60.65,3975.9,1.993754109
0997-YTLNY,0,Female,0,0,1,19,1,0,DSL,0,0,0,1,0,0,Month-to-month,0,Mailed check,48.8,953.65,1.604207758
0999-QXNSA,0,Male,1,0,1,7,1,0,DSL,0,0,0,0,0,0,Month-to-month,1,Mailed check,45.75,344.2,1.503944773
1000-AJSLD,1,Male,0,0,0,1,1,0,No,0,0,0,0,0,0,Month-to-month,1,Mailed check,20.1,20.1,0.660749507
1004-NOZNR,0,Male,1,0,1,56,1,0,Fiber optic,1,0,0,0,1,1,One year,0,Credit card (automatic),94.8,5264.3,3.116370809
1009-IRMNA,1,Female,0,0,0,7,1,0,No,0,0,0,0,0,0,Month-to-month,0,Bank transfer (automatic),20,137.6,0.657462196
1010-DIAUQ,1,Male,0,0,0,5,1,0,Fiber optic,0,0,1,0,1,1,Month-to-month,0,Bank transfer (automatic),96.5,492.55,3.172255095
1013-QCWAM,0,Female,1,1,0,66,1,1,Fiber optic,0,1,0,0,1,1,Month-to-month,1,Electronic check,100.8,6690.75,3.313609467
1015-JPFYW,0,Male,0,0,1,7,1,0,No,0,0,0,0,0,0,One year,0,Mailed check,19.45,136.75,0.639381986
1015-OWJKI,0,Male,0,0,0,1,1,0,No,0,0,0,0,0,0,Month-to-month,0,Mailed check,19.05,19.05,0.626232742
1016-DJTSV,0,Male,1,0,0,8,1,0,Fiber optic,0,0,0,0,0,0,Month-to-month,1,Electronic check,69.7,572.85,2.291255753
1017-FBQMM,0,Female,0,1,1,62,1,1,Fiber optic,0,1,0,1,1,1,One year,1,Credit card (automatic),106.05,6703.5,3.486193294
1020-JPQOW,0,Female,0,1,0,56,1,1,Fiber optic,0,1,1,1,0,0,Month-to-month,0,Electronic check,90.55,5116.6,2.976660092
1022-RKXDR,0,Female,0,0,0,41,1,1,No,0,0,0,0,0,0,One year,1,Mailed check,24.85,962.25,0.816896778
1023-BQXZE,0,Male,0,0,0,57,1,0,DSL,1,0,1,0,1,1,Two year,1,Bank transfer (automatic),74.35,4317.35,2.444115713
1024-GUALD,1,Female,0,1,0,1,0,0,DSL,0,0,0,0,0,0,Month-to-month,1,Electronic check,24.8,24.8,0.815253123
1024-KPRBB,0,Female,0,0,0,38,1,0,Fiber optic,0,0,0,0,1,1,One year,1,Mailed check,89.1,3342,2.928994083
1024-VRZHF,1,Male,0,1,0,11,1,1,Fiber optic,0,0,0,0,0,0,Month-to-month,1,Electronic check,74.95,825.7,2.463839579
1025-FALIX,0,Female,0,0,0,26,1,0,Fiber optic,0,0,0,0,0,0,Month-to-month,1,Credit card (automatic),69.05,1815.65,2.269888231
1027-LKKQQ,0,Female,0,1,1,72,1,0,DSL,1,0,1,1,1,1,Two year,1,Bank transfer (automatic),80.45,5886.85,2.644641683
1028-FFNJK,0,Male,1,1,0,30,1,1,Fiber optic,0,0,0,1,1,1,Month-to-month,1,Electronic check,101.5,2917.65,3.336620644
1029-QFBEN,1,Male,0,0,0,1,1,0,No,0,0,0,0,0,0,Month-to-month,0,Mailed check,19.55,19.55,0.642669297
1031-IIDEO,1,Female,0,0,0,1,1,0,Fiber optic,0,0,0,0,0,0,Month-to-month,1,Electronic check,70.85,70.85,2.329059829
1032-MAELW,0,Female,0,1,1,68,1,1,DSL,1,1,1,1,0,1,One year,1,Electronic check,78.45,5333.35,2.578895464
1035-IPQPU,0,Female,1,1,0,63,1,1,Fiber optic,0,1,1,0,1,1,Month-to-month,1,Electronic check,103.5,6479.4,3.402366864
1036-GUDCL,0,Male,0,1,1,60,1,0,DSL,1,1,0,1,1,1,Month-to-month,1,Credit card (automatic),79.05,4663.4,2.598619329
1038-RQOST,0,Male,0,1,1,19,1,0,No,0,0,0,0,0,0,Month-to-month,0,Mailed check,20.6,414.95,0.677186062
1038-ZAGBI,1,Female,0,1,1,12,1,0,No,0,0,0,0,0,0,One year,0,Bank transfer (automatic),19.8,229.6,0.650887574
1041-RXHRA,1,Female,0,0,0,41,1,0,Fiber optic,0,0,0,0,0,0,Month-to-month,0,Bank transfer (automatic),70.25,2868.05,2.309335963
1042-HFUCW,0,Female,0,0,1,25,1,0,DSL,0,1,0,1,0,0,One year,1,Credit card (automatic),54.75,1266.35,1.799802761
1043-UXOVO,0,Female,0,0,0,71,1,1,Fiber optic,1,1,1,1,1,1,Two year,1,Credit card (automatic),113.15,7993.3,3.719592373
1043-YCUTE,1,Male,0,1,0,56,1,1,No,0,0,0,0,0,0,Two year,1,Credit card (automatic),25.15,1327.15,0.826758711
1045-LTCYT,0,Female,0,1,1,8,1,0,No,0,0,0,0,0,0,Month-to-month,0,Credit card (automatic),21.05,139.75,0.691978961
1047-NNCBF,0,Male,0,0,0,20,1,0,Fiber optic,0,0,0,0,0,0,Month-to-month,0,Credit card (automatic),70.55,1493.55,2.319197896
1047-RNXZV,0,Male,0,0,0,43,1,0,No,0,0,0,0,0,0,Two year,0,Mailed check,19.55,876.15,0.642669297
1049-FYSYG,0,Female,0,1,0,17,0,0,DSL,0,1,1,0,0,0,Month-to-month,1,Credit card (automatic),35.65,646.05,1.171926364
1051-EQPZR,0,Female,0,1,1,44,1,0,No,0,0,0,0,0,0,Month-to-month,0,Mailed check,19.6,780.25,0.644312952
1051-GEJLJ,0,Female,0,0,0,2,1,0,No,0,0,0,0,0,0,Month-to-month,0,Mailed check,19.5,27.55,0.641025641
1052-QJIBV,0,Female,0,1,1,71,1,0,No,0,0,0,0,0,0,Two year,0,Credit card (automatic),19.9,1397.3,0.654174885
1053-MXTTK,0,Female,0,1,1,72,1,0,Fiber optic,1,1,1,1,1,1,Two year,1,Bank transfer (automatic),108.65,7726.35,3.571663379
1057-FOGLZ,0,Female,0,0,0,18,1,0,No,0,0,0,0,0,0,Month-to-month,0,Mailed check,19.65,391.7,0.645956607
1060-ENTOF,0,Female,1,1,0,67,1,1,Fiber optic,1,1,1,1,0,1,One year,1,Credit card (automatic),105.4,7035.6,3.464825773
1061-PNTHC,0,Female,0,1,1,56,1,1,Fiber optic,1,0,1,1,1,1,Month-to-month,1,Mailed check,109.6,5953,3.602892834
1062-LHZOD,1,Male,0,1,1,1,1,0,Fiber optic,0,0,0,0,0,0,Month-to-month,1,Mailed check,69.9,69.9,2.297830375
1063-DHQJF,0,Male,0,1,1,69,1,0,Fiber optic,0,1,0,1,1,0,Two year,1,Mailed check,92.15,6480.9,3.029257068
1064-FBXNK,0,Male,0,1,1,1,1,0,No,0,0,0,0,0,0,One year,0,Credit card (automatic),19.85,19.85,0.652531229
1066-JKSGK,1,Male,0,0,0,1,1,0,No,0,0,0,0,0,0,Month-to-month,0,Mailed check,20.15,20.15,0.662393162
1069-QJOEE,0,Male,0,1,1,25,1,0,No,0,0,0,0,0,0,One year,0,Electronic check,19.9,505.45,0.654174885
1069-XAIEM,1,Female,1,0,0,1,1,1,Fiber optic,0,0,0,0,0,1,Month-to-month,1,Electronic check,85.05,85.05,2.795857988
1073-XXCZD,0,Male,0,1,0,55,1,1,No,0,0,0,0,0,0,Two year,0,Bank transfer (automatic),25.7,1443.65,0.844838922
1074-AMIOH,0,Female,0,1,1,53,1,0,Fiber optic,0,1,1,1,1,1,Month-to-month,1,Bank transfer (automatic),108.25,5935.1,3.558514135
1074-WVEVG,0,Female,0,1,0,59,1,0,No,0,0,0,0,0,0,One year,0,Mailed check,20.35,1267,0.668967784
1075-BGWOH,1,Male,1,1,0,16,1,1,Fiber optic,0,0,1,0,1,1,Month-to-month,1,Electronic check,98.75,1587.55,3.246219592
1077-HUUJM,0,Female,0,0,1,7,1,0,Fiber optic,0,0,0,0,0,0,Month-to-month,1,Electronic check,71.05,472.65,2.335634451
1078-TDCRN,0,Female,1,1,0,3,0,0,DSL,0,1,0,0,0,0,Month-to-month,1,Electronic check,30.75,82.85,1.010848126
1080-BWSYE,0,Male,1,1,0,64,1,1,No,0,0,0,0,0,0,Two year,0,Credit card (automatic),25.65,1740.8,0.843195266
1084-MNSMJ,0,Female,0,1,1,51,1,0,DSL,1,1,1,1,1,1,Two year,0,Credit card (automatic),85.5,4421.95,2.810650888
1084-UQCHV,1,Male,0,0,1,1,1,0,Fiber optic,0,0,0,0,0,0,Month-to-month,0,Bank transfer (automatic),69.75,69.75,2.292899408
1085-LDWAM,0,Female,0,1,1,69,1,0,No,0,0,0,0,0,0,One year,1,Credit card (automatic),20.35,1442.65,0.668967784
1086-LXKFY,1,Female,0,1,1,1,1,0,Fiber optic,0,0,0,0,0,0,Month-to-month,1,Mailed check,69.1,69.1,2.271531887
1087-GRUYI,0,Male,0,1,0,38,1,0,No,0,0,0,0,0,0,Two year,0,Bank transfer (automatic),20.4,743.5,0.67061144
1087-UDSIH,1,Female,0,0,0,3,1,0,No,0,0,0,0,0,0,Month-to-month,1,Mailed check,19.6,59.75,0.644312952
1088-AUUZZ,0,Male,0,1,1,56,1,1,DSL,1,1,0,1,0,1,Two year,1,Credit card (automatic),75.85,4261.2,2.493425378
1088-CNNKB,0,Male,0,1,0,63,1,1,DSL,1,1,1,1,0,1,One year,0,Credit card (automatic),80,5040.2,2.629848784
1089-HDMKP,0,Male,1,0,1,11,1,0,DSL,0,1,0,1,0,0,Month-to-month,1,Electronic check,54.55,601.25,1.793228139
1089-XZWHH,0,Female,0,1,1,24,1,0,No,0,0,0,0,0,0,Two year,1,Mailed check,19.7,494.05,0.647600263
1090-ESELR,0,Male,0,1,1,72,1,0,Fiber optic,1,1,0,1,1,1,Two year,0,Bank transfer (automatic),105.5,7611.55,3.468113083
1090-PYKCI,0,Female,0,1,1,69,1,1,Fiber optic,1,1,1,1,1,0,One year,1,Credit card (automatic),105.1,7234.8,3.45496384
1091-SOZGA,0,Female,0,1,1,56,1,1,Fiber optic,0,0,1,0,1,1,One year,1,Credit card (automatic),99.8,5515.45,3.280736358
1092-GANHU,1,Male,0,0,0,17,1,0,Fiber optic,0,0,1,0,0,0,Month-to-month,1,Electronic check,76.65,1313.55,2.519723866
1092-WPIVQ,0,Female,0,1,1,18,1,1,No,0,0,0,0,0,0,Two year,0,Mailed check,25.1,428.45,0.825115056
1093-YSWCA,0,Male,0,0,0,11,1,0,No,0,0,0,0,0,0,Two year,0,Credit card (automatic),19.55,223.15,0.642669297
1094-BKOSX,0,Female,0,1,1,45,0,0,DSL,0,1,1,1,0,1,One year,0,Bank transfer (automatic),51,2264.5,1.6765286
1095-JUDTC,1,Female,1,0,0,47,1,1,Fiber optic,0,1,0,1,1,0,Month-to-month,1,Electronic check,95.05,4504.55,3.124589086
1095-WGNGG,0,Female,0,1,0,61,1,1,Fiber optic,0,1,0,0,1,1,Two year,1,Bank transfer (automatic),101.05,5971.25,3.321827745
1096-ADRUX,0,Female,0,1,1,66,1,1,Fiber optic,0,0,0,0,0,0,One year,1,Bank transfer (automatic),74.25,4859.25,2.440828402
1097-FSPVW,0,Female,0,0,0,42,1,0,DSL,1,0,1,0,0,0,Month-to-month,0,Credit card (automatic),54.55,2455.05,1.793228139
1098-KFQEC,0,Female,0,1,1,55,1,0,No,0,0,0,0,0,0,Two year,0,Credit card (automatic),19.4,1083,0.63773833
1098-TDVUQ,0,Female,0,0,0,1,1,0,No,0,0,0,0,0,0,Month-to-month,1,Bank transfer (automatic),19.25,19.25,0.632807364
1099-BTKWT,0,Female,0,1,0,68,0,0,DSL,1,0,1,0,1,1,One year,1,Electronic check,54.4,3723.65,1.788297173
1099-GODLO,0,Female,0,1,1,1,1,0,No,0,0,0,0,0,0,Two year,0,Mailed check,20.35,20.35,0.668967784
1100-DDVRV,0,Male,0,1,0,17,0,0,DSL,0,1,0,0,1,1,Month-to-month,1,Mailed check,49.8,836.35,1.637080868
1101-SSWAG,0,Female,0,1,0,15,1,1,DSL,0,0,0,0,0,0,Month-to-month,1,Electronic check,51.1,711.15,1.679815911
1104-FEJAM,0,Male,0,1,1,28,1,1,DSL,0,1,0,0,0,1,Month-to-month,0,Electronic check,64.4,1802.15,2.117028271
1104-TNLZA,0,Male,1,1,0,28,1,1,Fiber optic,0,1,0,1,1,1,Month-to-month,1,Electronic check,105.8,2998,3.477975016
1106-HRLKZ,0,Male,0,1,1,40,1,0,No,0,0,0,0,0,0,Two year,0,Mailed check,19.6,808.95,0.644312952
1110-KYLGQ,0,Female,0,0,0,63,1,1,Fiber optic,1,1,1,0,1,1,Month-to-month,0,Credit card (automatic),108.25,6780.1,3.558514135
1112-CUNAO,1,Female,1,0,0,15,1,1,Fiber optic,0,1,0,0,0,1,Month-to-month,0,Electronic check,89.85,1424.95,2.953648915
1113-IUJYX,1,Female,0,1,0,14,1,0,Fiber optic,1,1,0,1,1,1,One year,0,Mailed check,105.95,1348.9,3.482905983
1114-CENIM,1,Male,0,0,1,54,1,1,DSL,0,1,0,0,0,0,Month-to-month,1,Credit card (automatic),55,3092.65,1.808021039
1116-DXXDF,0,Male,0,0,0,39,1,0,Fiber optic,1,0,1,0,1,1,Two year,1,Electronic check,100.45,3801.7,3.302103879
1116-FRYVH,0,Female,0,1,1,48,0,0,DSL,1,1,0,1,0,0,Two year,0,Mailed check,39.4,1978.65,1.295200526
1120-BMWUB,1,Female,0,0,0,16,1,0,DSL,0,1,0,1,0,0,Month-to-month,1,Mailed check,53.9,834.15,1.771860618
1121-QSIVB,0,Female,0,0,1,44,1,1,DSL,0,1,0,0,1,1,One year,1,Mailed check,77.55,3471.1,2.549309665
1122-JWTJW,1,Male,0,1,1,1,1,0,Fiber optic,0,0,0,0,0,0,Month-to-month,1,Mailed check,70.65,70.65,2.322485207
1122-YJBCS,0,Male,0,1,0,69,1,0,DSL,1,1,0,0,0,0,One year,1,Credit card (automatic),53.65,3804.4,1.763642341
1125-SNVCK,0,Female,1,0,0,49,1,0,DSL,0,0,0,0,0,0,Month-to-month,0,Mailed check,43.8,2106.05,1.439842209
1131-ALZWV,0,Female,0,0,0,24,1,1,No,0,0,0,0,0,0,One year,0,Bank transfer (automatic),24.6,605.25,0.808678501
1131-QQZEB,0,Male,1,1,0,71,1,1,No,0,0,0,0,0,0,Two year,0,Bank transfer (automatic),23.95,1756.2,0.78731098
1131-SUEKT,0,Male,0,1,1,61,1,0,Fiber optic,0,1,0,1,1,1,One year,1,Bank transfer (automatic),98.45,6145.2,3.236357659
1133-KXCGE,0,Female,0,0,0,18,1,0,No,0,0,0,0,0,0,One year,0,Mailed check,20.1,407.05,0.660749507
1134-YWTYF,0,Male,0,1,0,27,1,0,DSL,0,1,0,1,0,0,Month-to-month,1,Electronic check,53.8,1389.85,1.768573307
1135-HIORI,0,Female,0,1,1,64,1,1,Fiber optic,0,1,1,1,1,1,One year,1,Electronic check,111.45,7266.95,3.663708087
1135-LMECX,0,Female,0,0,0,1,1,0,No,0,0,0,0,0,0,Month-to-month,0,Mailed check,19.85,19.85,0.652531229
1136-XGEQU,0,Female,0,1,1,50,1,1,DSL,0,1,1,1,1,1,One year,1,Credit card (automatic),84.15,4164.4,2.766272189
1137-DGOWI,0,Female,0,1,0,30,1,0,DSL,0,1,1,1,0,1,One year,0,Bank transfer (automatic),70.25,2198.9,2.309335963
1139-WUOAH,0,Male,0,0,0,57,0,0,DSL,0,0,1,1,1,1,Two year,0,Credit card (automatic),53.35,3090.05,1.753780408
1140-UKVZG,0,Female,0,0,0,17,1,1,No,0,0,0,0,0,0,Month-to-month,0,Mailed check,24.8,475.25,0.815253123
1142-IHLOO,0,Female,0,0,0,51,1,0,Fiber optic,0,0,0,0,1,1,One year,0,Credit card (automatic),87.55,4475.9,2.878040763
1142-WACZW,1,Male,0,0,0,2,0,0,DSL,0,0,0,1,0,0,Month-to-month,0,Bank transfer (automatic),29.85,75.6,0.981262327
1143-NMNQJ,1,Female,0,0,0,2,1,1,Fiber optic,0,0,0,0,0,1,Month-to-month,1,Electronic check,85.7,169.8,2.81722551
1150-FTQGN,0,Female,0,1,1,60,1,1,Fiber optic,1,1,0,0,1,0,One year,0,Bank transfer (automatic),94.15,5811.8,3.095003287
1150-WFARN,1,Female,0,1,1,67,1,1,Fiber optic,1,0,1,1,1,1,Two year,1,Credit card (automatic),108.75,7156.2,3.57495069
1153-GNOLC,0,Male,0,0,0,33,0,0,DSL,0,1,0,0,1,0,One year,1,Electronic check,39.1,1309,1.285338593
1154-HYWWO,0,Male,0,0,0,38,1,0,DSL,1,1,0,1,1,0,One year,0,Mailed check,70.6,2708.2,2.320841552
1156-ZFYDO,0,Female,0,0,0,1,1,0,No,0,0,0,0,0,0,Month-to-month,0,Electronic check,19.75,19.75,0.649243918
1157-BQCUW,1,Male,0,0,0,1,1,1,Fiber optic,0,0,0,0,0,0,Month-to-month,1,Electronic check,74.95,74.95,2.463839579
1159-WFSGR,0,Female,0,1,1,16,1,0,No,0,0,0,0,0,0,Month-to-month,0,Electronic check,20.4,321.4,0.67061144
1162-ECVII,0,Male,1,1,0,72,1,1,Fiber optic,0,1,1,1,1,1,Two year,1,Bank transfer (automatic),109.75,7932.5,3.6078238
1163-ONYEY,0,Male,0,1,1,41,1,1,DSL,1,1,1,0,1,0,Month-to-month,1,Credit card (automatic),74.55,3023.55,2.450690335
1163-VIPRI,0,Female,0,1,1,65,1,1,Fiber optic,1,0,1,1,1,1,Two year,0,Electronic check,109.3,7337.55,3.593030901
1166-PQLGG,0,Female,0,1,1,72,1,0,No,0,0,0,0,0,0,Two year,0,Bank transfer (automatic),19.55,1463.45,0.642669297
1167-OYZJF,0,Female,1,1,0,67,1,0,No,0,0,0,0,0,0,Two year,1,Bank transfer (automatic),20.05,1263.05,0.659105851
1169-SAOCL,0,Male,0,0,0,49,1,1,Fiber optic,0,1,0,1,1,1,One year,1,Bank transfer (automatic),106.65,5168.1,3.50591716
1169-WCVAK,0,Male,0,1,0,19,1,1,Fiber optic,1,1,0,1,0,0,Month-to-month,1,Credit card (automatic),88.8,1672.35,2.91913215
1170-SASML,0,Female,0,1,0,69,1,1,Fiber optic,0,1,1,0,0,0,Month-to-month,1,Bank transfer (automatic),85.4,5869.4,2.807363577
1171-TYKUR,0,Male,0,1,0,47,1,1,No,0,0,0,0,0,0,Month-to-month,0,Electronic check,25.4,1139.2,0.834976989
1172-VIYBP,0,Male,0,1,1,53,1,1,DSL,1,1,0,0,0,1,Two year,0,Bank transfer (automatic),69.7,3686.05,2.291255753
1173-NOEYG,0,Female,0,1,0,27,1,1,Fiber optic,0,0,1,0,0,1,Month-to-month,0,Bank transfer (automatic),90.15,2423.4,2.963510848
1173-XZPYF,0,Female,0,0,0,11,1,1,Fiber optic,0,0,1,0,1,0,Month-to-month,1,Electronic check,89.2,990.3,2.932281394
1174-FGIFN,0,Female,0,1,1,28,1,1,Fiber optic,0,0,0,1,0,1,One year,1,Electronic check,90.45,2509.25,2.973372781
1177-XZBJL,0,Male,0,1,1,53,1,1,DSL,1,1,0,1,0,0,One year,0,Bank transfer (automatic),64.15,3491.55,2.108809993
1178-PZGAB,0,Female,0,0,0,19,1,0,No,0,0,0,0,0,0,One year,0,Credit card (automatic),20.25,383.65,0.665680473
1179-INLAT,0,Male,0,0,0,3,1,0,No,0,0,0,0,0,0,One year,1,Mailed check,19.45,69.25,0.639381986
1183-CANVH,0,Female,0,1,0,23,1,0,DSL,0,0,0,1,1,0,One year,0,Bank transfer (automatic),60,1347.15,1.972386588
1184-PJVDB,1,Male,0,1,0,10,1,0,Fiber optic,0,0,0,0,1,0,Month-to-month,1,Electronic check,79.95,857.2,2.628205128
1187-WILMM,0,Male,0,1,1,63,1,1,DSL,1,1,1,1,1,1,Two year,1,Credit card (automatic),89.4,5597.65,2.938856016
1193-RTSLK,1,Female,0,0,0,38,1,0,Fiber optic,1,1,1,0,0,0,Month-to-month,1,Credit card (automatic),83.9,3233.6,2.758053912
1194-BHJYC,0,Male,0,1,0,61,0,0,DSL,1,0,1,1,1,1,Two year,1,Mailed check,62.15,3778.85,2.043063774
1194-HVAIF,0,Female,0,1,0,27,1,1,Fiber optic,0,0,0,0,1,1,Month-to-month,0,Credit card (automatic),95,2462.55,3.122945431
1194-SPVSP,0,Male,0,0,0,1,1,0,No,0,0,0,0,0,0,Month-to-month,0,Bank transfer (automatic),19.65,19.65,0.645956607
1195-OIYEJ,1,Male,0,0,0,13,1,0,Fiber optic,0,0,0,0,1,1,Month-to-month,1,Electronic check,91.1,1135.7,2.994740302
1196-AMORA,1,Male,0,0,0,7,1,1,Fiber optic,0,0,0,0,0,0,Month-to-month,0,Electronic check,73.6,520,2.419460881
1197-BVMVG,0,Female,1,0,0,4,1,1,Fiber optic,0,0,0,0,0,0,Month-to-month,1,Electronic check,74.45,294.45,2.447403024
1200-TUZHR,0,Female,1,0,0,8,1,1,Fiber optic,0,0,0,0,0,1,Month-to-month,0,Electronic check,85.2,695.75,2.800788955
1202-KKGFU,0,Female,0,1,0,12,1,0,DSL,1,0,0,1,0,0,Month-to-month,0,Bank transfer (automatic),54.2,690.5,1.781722551
1205-WNWPJ,1,Female,0,0,0,7,1,0,DSL,0,0,0,1,1,0,Month-to-month,1,Mailed check,59.5,415.95,1.955950033
1206-EHBDD,0,Female,0,1,0,56,1,0,Fiber optic,1,0,1,0,0,0,Two year,0,Bank transfer (automatic),80.3,4513.65,2.639710717
1207-BLKSA,0,Female,0,1,1,52,1,1,No,0,0,0,0,0,0,Two year,0,Mailed check,23.05,1255.1,0.757725181
1208-DNHLN,1,Male,0,1,1,23,1,1,DSL,0,0,0,0,0,0,One year,1,Credit card (automatic),48.35,1067.15,1.589414859
1208-NBVFH,0,Male,0,1,1,20,1,0,DSL,0,0,1,0,0,0,Month-to-month,1,Electronic check,49.6,939.8,1.630506246
1209-VFFOC,0,Male,0,1,1,68,0,0,DSL,1,1,1,1,0,1,Two year,1,Mailed check,56.4,3948.45,1.854043393
1212-GLHMD,0,Male,0,0,0,3,1,0,Fiber optic,1,0,0,0,0,1,Month-to-month,1,Mailed check,86.05,244.85,2.828731098
1213-NGCUN,1,Female,0,0,0,6,1,0,DSL,0,0,0,1,0,0,Month-to-month,1,Bank transfer (automatic),49.65,267.35,1.632149901
1215-EXRMO,0,Male,0,1,0,50,1,0,No,0,0,0,0,0,0,Two year,0,Mailed check,20.55,1067.65,0.675542406
1215-FIGMP,0,Male,0,0,0,60,1,1,Fiber optic,0,1,0,0,1,0,Month-to-month,1,Bank transfer (automatic),89.9,5450.7,2.955292571
1215-VFYVK,0,Female,0,0,0,4,0,0,DSL,1,0,1,1,0,1,Month-to-month,0,Mailed check,48.25,202.25,1.586127548
1216-BGTSP,0,Male,0,0,0,45,1,1,Fiber optic,1,0,1,1,1,1,Month-to-month,1,Credit card (automatic),108.45,4964.7,3.565088757
1216-JWVUX,0,Male,0,1,1,25,1,0,Fiber optic,0,1,0,0,0,0,Month-to-month,1,Electronic check,75.5,1901.05,2.48191979
1217-VASWC,0,Male,1,1,0,43,1,0,Fiber optic,0,1,1,0,1,1,One year,1,Bank transfer (automatic),100.55,4304,3.30539119
1218-VKFPE,1,Female,0,1,1,12,1,0,No,0,0,0,0,0,0,Month-to-month,0,Mailed check,19,233.55,0.624589086
1219-NNDDO,0,Female,0,0,0,9,1,1,Fiber optic,0,0,0,0,0,0,Month-to-month,1,Electronic check,76.85,663.55,2.526298488
1221-GHZEP,0,Female,0,0,0,62,1,0,DSL,1,0,0,1,0,1,Two year,1,Mailed check,65.1,3846.75,2.140039448
1222-KJNZD,0,Male,0,1,1,40,1,0,No,0,0,0,0,0,0,Month-to-month,1,Bank transfer (automatic),20.4,745.3,0.67061144
1222-LRYKO,0,Male,0,0,1,6,1,1,No,0,0,0,0,0,0,Month-to-month,0,Mailed check,26.35,184.05,0.866206443
1223-UNPKS,0,Male,0,1,1,20,1,0,No,0,0,0,0,0,0,Two year,0,Mailed check,20.05,400,0.659105851
1226-IENZN,0,Male,1,0,0,16,1,0,Fiber optic,0,0,0,0,0,1,Month-to-month,1,Electronic check,78.75,1218.25,2.588757396
1226-JZNKR,0,Female,0,1,1,8,1,0,No,0,0,0,0,0,0,One year,0,Electronic check,19.8,160.05,0.650887574
1226-UDFZR,1,Female,0,0,0,2,1,0,DSL,0,1,0,0,0,0,Month-to-month,1,Mailed check,49.6,114.7,1.630506246
1227-UDMZR,0,Female,0,1,0,72,1,1,DSL,1,1,1,1,1,1,Two year,1,Bank transfer (automatic),91.15,6637.9,2.996383958
1228-FZFRV,1,Male,0,1,1,50,1,1,Fiber optic,1,0,1,0,1,1,Month-to-month,0,Credit card (automatic),105.95,5341.8,3.482905983
1228-ZLNBX,0,Male,0,0,0,21,1,1,Fiber optic,0,0,0,0,0,0,Month-to-month,0,Mailed check,75.3,1570.7,2.475345168
1229-RCALF,0,Female,0,1,0,64,1,1,Fiber optic,1,1,1,1,1,1,One year,1,Electronic check,115,7396.15,3.780407627
1230-QAJDW,0,Male,0,0,0,3,1,1,DSL,0,0,0,1,1,0,Month-to-month,1,Mailed check,65.25,209.9,2.144970414
1231-YNDEK,0,Male,0,0,0,58,1,0,No,0,0,0,0,0,0,Two year,1,Bank transfer (automatic),19.15,1035.5,0.629520053
1236-WFCDV,1,Male,1,0,0,14,1,0,Fiber optic,0,0,0,0,1,1,Month-to-month,0,Credit card (automatic),90.45,1266.1,2.973372781
1237-WIYYZ,0,Female,0,0,0,18,1,0,No,0,0,0,0,0,0,Month-to-month,1,Mailed check,19.55,389.25,0.642669297
1240-HCBOH,0,Female,0,0,0,67,1,1,No,0,0,0,0,0,0,Two year,1,Mailed check,26.1,1759.55,0.857988166
1240-KNSEZ,1,Male,0,0,0,1,1,0,No,0,0,0,0,0,0,Month-to-month,1,Mailed check,20.1,20.1,0.660749507
1241-EZFMJ,0,Male,0,1,0,61,1,1,No,0,0,0,0,0,0,Two year,0,Bank transfer (automatic),25.45,1538.6,0.836620644
1241-FPMOF,0,Male,0,0,0,52,1,0,No,0,0,0,0,0,0,Two year,0,Mailed check,19.65,1025.05,0.645956607
1245-HARPS,0,Female,0,1,0,14,1,0,No,0,0,0,0,0,0,Two year,0,Mailed check,20.4,292.4,0.67061144
1247-QBVSH,0,Female,0,1,1,43,1,0,DSL,0,1,0,0,0,0,Month-to-month,0,Mailed check,50.2,2169.4,1.650230112
1248-DYXUB,0,Male,0,1,1,52,1,1,No,0,0,0,0,0,0,Two year,0,Mailed check,24.8,1229.1,0.815253123
1251-KRREG,1,Male,0,0,0,2,1,1,DSL,0,1,0,0,0,0,Month-to-month,1,Mailed check,54.4,114.1,1.788297173
1251-STYSZ,0,Female,1,0,0,4,1,1,Fiber optic,1,0,0,0,0,0,Month-to-month,1,Electronic check,80.25,303.7,2.638067061
1254-IZEYF,1,Female,1,0,0,31,1,1,Fiber optic,0,1,0,0,1,1,Month-to-month,1,Electronic check,99.95,3186.65,3.285667324
1257-SXUXQ,0,Male,0,1,1,5,1,0,No,0,0,0,0,0,0,Month-to-month,0,Mailed check,19.45,86.05,0.639381986
1258-YMZNM,0,Female,1,0,0,27,1,1,Fiber optic,1,1,1,0,1,1,One year,1,Bank transfer (automatic),110.5,2857.6,3.632478632
1260-TTRXI,1,Male,0,0,0,4,1,0,DSL,0,0,0,0,0,1,Month-to-month,0,Electronic check,54.3,195.3,1.785009862
1261-FWTTE,0,Male,1,0,0,23,0,0,DSL,0,0,0,0,0,1,Month-to-month,1,Bank transfer (automatic),34.65,768.45,1.139053254
1262-OPMFY,1,Female,0,1,0,9,1,0,Fiber optic,0,0,1,0,0,0,Month-to-month,1,Bank transfer (automatic),75.75,655.9,2.490138067
1264-BYWMS,1,Male,0,0,0,55,1,1,Fiber optic,0,0,0,0,1,1,Month-to-month,1,Electronic check,96.8,5283.95,3.182117028
1264-FUHCX,0,Female,0,1,0,49,0,0,DSL,0,1,0,1,1,1,One year,1,Credit card (automatic),56.3,2780.6,1.850756082
1265-BCFEO,0,Female,0,1,0,71,1,1,DSL,0,0,1,1,1,1,Two year,1,Bank transfer (automatic),80.45,5662.25,2.644641683
1265-HVPZB,0,Male,0,1,0,59,1,0,DSL,1,1,1,0,1,0,One year,0,Credit card (automatic),66.4,3958.2,2.18277449
1265-XTECC,1,Female,1,1,0,68,1,1,Fiber optic,1,1,0,0,0,1,One year,1,Credit card (automatic),96.55,6581.9,3.173898751
1265-ZFOSD,0,Female,0,1,0,64,1,1,DSL,1,1,1,1,0,1,Two year,1,Mailed check,81.3,5129.3,2.672583826
1266-NZYUI,0,Female,0,1,1,72,1,1,DSL,1,0,1,1,0,0,Two year,0,Bank transfer (automatic),66.85,4758.8,2.19756739
1268-ASBGA,1,Female,1,1,0,16,1,1,Fiber optic,0,0,0,0,0,1,Month-to-month,1,Credit card (automatic),85.35,1375.15,2.805719921
1269-FOYWN,0,Male,0,1,1,44,1,0,No,0,0,0,0,0,0,One year,0,Bank transfer (automatic),20,860.85,0.657462196
1270-XKUCC,0,Female,0,1,1,30,1,0,No,0,0,0,0,0,0,Two year,0,Mailed check,19.7,599.25,0.647600263
1271-SJBGZ,1,Male,1,0,0,12,0,0,DSL,0,0,1,1,0,1,Month-to-month,1,Electronic check,43.65,526.95,1.434911243
1271-UODNO,0,Male,0,0,0,39,1,1,DSL,0,0,0,1,0,0,Two year,1,Credit card (automatic),53.85,2200.7,1.770216963
1272-ILHFG,0,Male,0,1,1,15,1,0,No,0,0,0,0,0,0,One year,0,Mailed check,19.65,332.65,0.645956607
1273-MTETI,1,Female,1,0,0,4,1,1,Fiber optic,0,0,1,0,0,1,Month-to-month,1,Electronic check,88.85,372.45,2.920775805
1282-IHQAC,0,Male,1,0,0,70,0,0,DSL,0,1,1,0,1,0,One year,1,Credit card (automatic),44.05,3011.65,1.448060487
1285-OKIPP,1,Male,0,0,0,1,1,0,Fiber optic,0,0,0,0,0,1,Month-to-month,0,Electronic check,79.9,79.9,2.626561473
1291-CUOCY,0,Male,0,1,0,72,1,1,Fiber optic,0,1,1,1,1,1,Two year,1,Credit card (automatic),110.6,7962.2,3.635765943
1293-BSEUN,0,Female,0,1,1,72,1,0,No,0,0,0,0,0,0,Two year,1,Mailed check,20.7,1482.3,0.680473373
1293-HHSHJ,0,Female,0,0,0,35,1,0,No,0,0,0,0,0,0,One year,0,Mailed check,21.1,741,0.693622617
1297-VQDRP,0,Male,1,1,1,68,1,1,Fiber optic,0,0,1,1,1,1,One year,1,Credit card (automatic),107.15,7379.8,3.522353715
1298-PHBTI,0,Male,0,1,1,71,1,1,Fiber optic,0,1,0,1,0,0,Two year,1,Electronic check,84.8,6152.4,2.787639711
1299-AURJA,0,Female,0,1,1,70,1,1,No,0,0,0,0,0,0,Two year,0,Bank transfer (automatic),24.7,1685.9,0.811965812
1301-LOPVR,0,Male,0,1,1,29,0,0,DSL,1,1,1,1,0,1,One year,1,Credit card (automatic),55.35,1636.95,1.819526627
1302-TPUBN,0,Male,0,0,0,66,1,0,No,0,0,0,0,0,0,Two year,0,Bank transfer (automatic),19.35,1240.8,0.636094675
1302-UHBDD,0,Male,1,0,0,20,1,0,Fiber optic,0,0,0,0,1,1,Month-to-month,0,Electronic check,89.95,1648.45,2.956936226
1303-SRDOK,0,Female,0,1,1,55,1,0,Fiber optic,0,0,0,0,0,0,Two year,1,Credit card (automatic),69.05,3842.6,2.269888231
1304-BCCFO,0,Male,0,1,0,9,1,0,DSL,0,0,1,0,1,1,Month-to-month,1,Mailed check,70.05,564.4,2.302761341
1304-NECVQ,1,Female,1,0,0,2,1,1,Fiber optic,0,0,1,0,0,0,Month-to-month,1,Electronic check,78.55,149.55,2.582182774
1304-SEGFY,0,Female,0,1,0,72,1,1,Fiber optic,0,0,1,0,1,1,Two year,1,Electronic check,97.85,6841.3,3.216633794
1306-RPWXZ,0,Female,0,0,1,49,1,0,No,0,0,0,0,0,0,Two year,0,Credit card (automatic),20.45,1024.65,0.672255095
1307-ATKGB,0,Male,0,0,0,24,1,0,Fiber optic,0,1,1,0,0,1,Month-to-month,1,Electronic check,89.55,2187.15,2.943786982
1307-TVUFB,0,Male,1,0,0,42,1,1,Fiber optic,0,1,0,0,0,0,Month-to-month,1,Bank transfer (automatic),79.35,3344.1,2.608481262
1309-BXVOQ,1,Male,0,1,0,21,1,1,Fiber optic,0,0,1,1,1,1,Month-to-month,1,Electronic check,106.1,2249.95,3.487836949
1309-XGFSN,0,Male,1,1,1,52,1,1,DSL,0,1,1,0,1,1,One year,1,Electronic check,80.85,4079.55,2.657790927
1310-QRITU,0,Female,0,0,0,18,1,1,DSL,0,0,0,0,0,0,Month-to-month,1,Electronic check,50.3,913.3,1.653517423
1319-YLZJG,0,Male,0,1,0,12,1,0,Fiber optic,1,1,1,0,0,0,Month-to-month,1,Electronic check,84.6,959.9,2.781065089
1320-GVNHT,0,Male,0,1,1,72,1,1,Fiber optic,1,1,1,0,1,1,Two year,1,Credit card (automatic),108.4,7767.25,3.563445102
1320-HTRDR,1,Female,0,0,0,3,1,1,Fiber optic,0,0,0,0,0,0,Month-to-month,1,Electronic check,75.5,220.6,2.48191979
1320-REHCS,0,Male,1,0,0,52,1,1,Fiber optic,0,1,1,1,1,1,Month-to-month,1,Electronic check,110.75,5832,3.64069691
1322-AGOQM,1,Male,0,0,0,46,0,0,DSL,0,1,0,0,0,0,Month-to-month,0,Bank transfer (automatic),30.3,1380.1,0.996055227
1323-OOEPC,1,Female,0,1,0,53,1,1,Fiber optic,0,1,0,0,1,1,Month-to-month,1,Credit card (automatic),98.4,5149.5,3.234714004
1324-NLTJE,1,Female,1,0,0,15,1,1,DSL,0,0,0,1,0,0,Month-to-month,0,Credit card (automatic),55,757.1,1.808021039
1325-USMEC,0,Male,0,1,0,70,1,1,Fiber optic,1,1,1,0,1,0,Two year,1,Credit card (automatic),99.35,6944.5,3.265943458
1328-EUZHC,0,Female,0,1,0,18,1,0,No,0,0,0,0,0,0,Two year,0,Mailed check,20.1,370.5,0.660749507
1329-VHWNP,0,Female,0,0,0,7,0,0,DSL,0,0,0,0,0,0,Month-to-month,0,Bank transfer (automatic),25.05,189.95,0.8234714
1333-PBMXB,0,Female,0,1,1,54,1,1,No,0,0,0,0,0,0,One year,1,Bank transfer (automatic),24.75,1342.15,0.813609467
1334-FJSVR,1,Male,0,0,0,1,0,0,DSL,0,0,0,0,0,0,Month-to-month,1,Electronic check,24.25,24.25,0.797172913
1334-PDUKM,0,Female,0,1,0,68,1,1,Fiber optic,0,1,1,0,0,0,One year,0,Credit card (automatic),86.45,5762.95,2.841880342
1335-HQMKX,0,Female,0,1,0,72,1,1,Fiber optic,0,1,1,0,1,1,One year,1,Electronic check,101.35,7323.15,3.331689678
1335-MXCSE,0,Male,0,1,1,55,1,0,DSL,0,0,1,1,0,0,Two year,1,Credit card (automatic),55.25,3119.9,1.816239316
1335-NTIUC,0,Male,0,0,0,9,0,0,DSL,0,0,0,0,0,0,Month-to-month,1,Electronic check,24.95,190.25,0.820184089
1336-EZFZY,0,Female,0,0,0,4,1,0,No,0,0,0,0,0,0,Month-to-month,0,Mailed check,20.05,83.3,0.659105851
1337-BOZWO,0,Male,0,1,1,18,0,0,DSL,0,1,1,0,1,0,One year,0,Credit card (automatic),46.4,812.4,1.525312295
1338-CECEE,0,Male,0,1,1,41,1,1,DSL,0,1,1,0,1,0,One year,0,Bank transfer (automatic),68.5,2839.95,2.251808021
1342-JPNKI,1,Male,0,0,0,10,1,1,Fiber optic,0,0,0,0,1,0,Month-to-month,1,Bank transfer (automatic),86.05,834.1,2.828731098
1343-EHPYB,1,Male,0,1,0,63,1,1,Fiber optic,0,1,1,0,1,1,Month-to-month,1,Electronic check,103.4,6603,3.399079553
1345-GKDZZ,0,Male,0,0,1,6,1,0,No,0,0,0,0,0,0,Month-to-month,0,Mailed check,19.55,128.6,0.642669297
1345-ZUKID,0,Male,0,0,0,14,1,0,No,0,0,0,0,0,0,One year,0,Mailed check,19.35,324.8,0.636094675
1346-PJWTK,0,Male,0,1,0,61,1,0,Fiber optic,0,1,1,1,0,1,Month-to-month,0,Credit card (automatic),94.15,5731.85,3.095003287
1346-UFHAX,0,Female,0,0,0,13,1,1,Fiber optic,1,0,0,0,0,0,Month-to-month,1,Credit card (automatic),80,1029.35,2.629848784
1347-KTTTA,0,Male,0,1,0,64,1,0,Fiber optic,0,1,1,1,1,1,One year,1,Credit card (automatic),102.45,6654.1,3.367850099
1349-WXNGG,1,Male,0,0,0,1,1,0,No,0,0,0,0,0,0,Month-to-month,0,Bank transfer (automatic),20.05,20.05,0.659105851
1352-HNSAW,0,Female,0,1,1,72,1,1,Fiber optic,1,1,1,1,1,1,Two year,1,Bank transfer (automatic),115.6,8220.4,3.800131492
1352-VHKAJ,0,Male,0,1,1,27,1,1,DSL,0,0,0,1,1,1,Month-to-month,0,Bank transfer (automatic),71.6,1957.1,2.353714661
1353-GHZOS,0,Male,0,1,0,22,1,0,DSL,1,0,0,0,1,0,One year,1,Bank transfer (automatic),59.75,1374.35,1.96416831
1353-LJWEM,0,Male,0,0,0,11,1,0,DSL,0,1,1,1,0,0,Month-to-month,1,Electronic check,60.9,688.5,2.001972387
1354-YZFNB,0,Male,0,1,1,4,1,0,No,0,0,0,0,0,0,Two year,0,Credit card (automatic),19.55,68.8,0.642669297
1355-KUSBG,0,Female,0,1,1,7,1,1,DSL,0,0,0,0,0,0,Month-to-month,0,Electronic check,48.8,349.8,1.604207758
1356-MKYSK,0,Male,0,0,0,6,1,0,DSL,1,0,1,1,1,1,Month-to-month,0,Credit card (automatic),78.65,483.3,2.585470085
1357-BIJKI,0,Male,0,1,0,50,1,1,Fiber optic,0,1,0,0,1,1,One year,1,Electronic check,98.25,4858.7,3.229783037
1357-MVDOZ,0,Male,0,1,1,11,1,0,DSL,0,0,1,0,1,0,Month-to-month,1,Bank transfer (automatic),59.65,683.25,1.960880999
1360-JYXKQ,0,Female,1,1,0,54,1,0,Fiber optic,0,0,1,1,1,1,One year,1,Electronic check,99.1,5437.1,3.257725181
1360-RCYRT,0,Male,0,1,1,23,0,0,DSL,0,0,0,1,0,0,Month-to-month,1,Bank transfer (automatic),30.35,678.75,0.997698882
1360-XFJMR,0,Female,0,1,0,67,1,1,Fiber optic,0,1,1,1,1,1,One year,1,Credit card (automatic),109.7,7344.45,3.606180145
1363-TXLSL,1,Male,1,1,0,1,1,0,Fiber optic,0,0,0,0,0,0,Month-to-month,1,Electronic check,70.3,70.3,2.310979619
1370-GGAWX,0,Female,0,0,0,46,1,1,Fiber optic,0,1,1,0,0,1,One year,1,Electronic check,94.15,4408.45,3.095003287
1371-DWPAZ,0,Female,0,1,1,0,0,0,DSL,1,1,1,1,1,0,Two year,0,Credit card (automatic),56.05,0,1.842537804
1371-OJCEK,0,Female,0,0,0,48,1,1,No,0,0,0,0,0,0,One year,0,Bank transfer (automatic),24.35,1133.7,0.800460224
1371-WEPDS,0,Male,1,1,0,40,1,0,DSL,0,0,0,0,0,1,One year,0,Electronic check,55.8,2283.3,1.834319527
1373-ORVIZ,1,Female,0,1,1,11,1,1,DSL,0,0,0,1,0,1,Month-to-month,1,Electronic check,66.35,740.8,2.181130835
1374-DMZUI,1,Female,1,0,0,4,1,1,Fiber optic,0,0,0,0,1,1,Month-to-month,1,Electronic check,94.3,424.45,3.099934254
1376-HHBDV,0,Female,0,0,0,30,1,0,DSL,1,0,0,0,0,0,Month-to-month,1,Mailed check,48.8,1536.75,1.604207758
1379-FRVEB,0,Male,0,0,1,15,1,1,Fiber optic,0,1,0,0,1,0,Month-to-month,1,Electronic check,91,1430.05,2.991452991
1383-EZRWL,1,Female,0,0,0,7,1,0,No,0,0,0,0,0,0,Month-to-month,0,Mailed check,20.05,164.85,0.659105851
1384-RCUXW,0,Male,0,0,0,16,1,1,Fiber optic,0,1,0,0,0,0,Month-to-month,1,Mailed check,80.55,1248.9,2.647928994
1385-TQOZW,0,Female,0,0,0,9,1,0,No,0,0,0,0,0,0,Month-to-month,1,Credit card (automatic),20.45,147.55,0.672255095
1386-ZIKUV,0,Male,0,0,0,7,1,0,No,0,0,0,0,0,0,Month-to-month,1,Mailed check,18.95,130.55,0.622945431
1389-CXMLU,1,Male,1,0,0,3,1,1,Fiber optic,0,0,1,0,1,0,Month-to-month,0,Electronic check,91.05,289.1,2.993096647
1389-WNUIB,0,Female,0,1,1,20,1,1,DSL,1,0,0,0,1,1,One year,0,Bank transfer (automatic),76,1588.75,2.498356345
1391-UBDAR,0,Male,0,0,0,11,1,0,Fiber optic,0,0,1,0,0,0,Month-to-month,0,Electronic check,72.9,818.45,2.396449704
1393-IMKZG,0,Female,0,0,0,1,1,0,Fiber optic,0,0,0,1,1,1,Month-to-month,1,Electronic check,95.85,95.85,3.150887574
1394-SUIUH,0,Female,1,1,0,44,1,0,Fiber optic,1,1,0,1,0,0,Month-to-month,1,Electronic check,85.15,3670.5,2.799145299
1395-OFUWC,0,Male,0,1,1,43,0,0,DSL,0,1,0,0,0,0,Month-to-month,0,Credit card (automatic),29.3,1224.05,0.963182117
1395-WSWXR,0,Male,0,0,0,24,1,0,No,0,0,0,0,0,0,Two year,0,Mailed check,20.75,487.05,0.682117028
1396-QWFBJ,1,Female,0,1,1,21,1,0,Fiber optic,0,1,0,0,0,0,Month-to-month,1,Bank transfer (automatic),74.05,1565.7,2.43425378
1397-XKKWR,0,Male,0,0,0,7,0,0,DSL,1,0,1,0,0,0,One year,0,Mailed check,35.3,264.8,1.160420776
1399-OUPJN,0,Female,0,1,1,57,1,0,No,0,0,0,0,0,0,Two year,0,Bank transfer (automatic),19.75,1272.05,0.649243918
1399-UBQIU,0,Male,0,0,0,11,1,0,DSL,0,0,1,0,1,1,Month-to-month,1,Electronic check,69.35,712.25,2.279750164
1400-MMYXY,1,Male,1,1,0,3,1,1,Fiber optic,0,1,1,0,1,1,Month-to-month,1,Electronic check,105.9,334.65,3.481262327
1400-WIVLL,0,Male,0,1,0,57,1,1,Fiber optic,0,0,1,1,1,1,Two year,0,Electronic check,107.95,5969.85,3.548652202
1401-FTHFQ,0,Male,0,1,1,23,1,0,No,0,0,0,0,0,0,One year,1,Credit card (automatic),20,445.3,0.657462196
1402-PTHGN,0,Female,0,1,1,18,1,0,DSL,1,1,0,1,0,0,One year,1,Mailed check,61.5,1087.45,2.021696252
1403-GYAFU,0,Male,0,1,1,70,1,0,No,0,0,0,0,0,0,Two year,0,Credit card (automatic),20.05,1360.25,0.659105851
1403-LKLIK,0,Female,0,1,1,33,1,0,No,0,0,0,0,0,0,One year,0,Mailed check,20.1,579.4,0.660749507
1406-PUQVY,0,Male,0,0,1,1,1,0,DSL,0,1,0,0,0,0,Month-to-month,1,Electronic check,49.9,49.9,1.640368179
1407-DIGZV,0,Female,0,1,1,3,1,0,No,0,0,0,0,0,0,Two year,0,Mailed check,19.1,52,0.627876397
1409-PHXTF,0,Male,1,1,0,54,1,1,Fiber optic,0,1,1,1,1,1,Two year,1,Electronic check,110.45,6077.75,3.630834977
1410-RSCMR,0,Male,0,1,1,7,1,0,DSL,1,0,1,1,0,1,Month-to-month,1,Credit card (automatic),71.35,515.75,2.345496384
1414-YADCW,0,Male,0,1,0,70,1,0,Fiber optic,1,1,0,1,0,0,Two year,0,Bank transfer (automatic),84.6,5706.2,2.781065089
1415-YFWLT,1,Female,1,0,0,1,1,0,Fiber optic,0,0,0,0,1,1,Month-to-month,1,Electronic check,89.3,89.3,2.935568705
1421-HCERK,0,Male,1,1,0,30,1,1,Fiber optic,1,1,1,1,1,0,Month-to-month,1,Bank transfer (automatic),105.7,3181.8,3.474687705
1422-DGUBX,0,Male,0,1,0,32,1,1,Fiber optic,0,0,0,1,0,0,One year,1,Electronic check,79.25,2619.15,2.605193951
1423-BMPBQ,0,Female,0,1,1,1,1,0,No,0,0,0,0,0,0,Month-to-month,1,Mailed check,19,19,0.624589086
1427-VERSM,0,Female,0,1,0,56,1,0,Fiber optic,0,0,1,1,1,1,Month-to-month,1,Electronic check,98.7,5669.5,3.244575937
1428-GTBJJ,1,Male,0,0,0,11,1,0,Fiber optic,0,1,0,0,0,0,Month-to-month,1,Electronic check,74.55,824.75,2.450690335
1428-IEDPR,0,Male,0,0,0,52,1,1,Fiber optic,1,0,1,1,1,1,Two year,1,Electronic check,109.3,5731.4,3.593030901
1429-UYJSV,0,Female,0,0,0,12,1,0,No,0,0,0,0,0,0,One year,0,Mailed check,19.7,260.9,0.647600263
1430-SFQSA,0,Male,0,0,0,29,0,0,DSL,1,0,0,1,0,0,One year,0,Mailed check,35.6,1072.6,1.170282709
1431-AIDJQ,0,Male,0,1,1,33,1,0,DSL,0,1,1,1,1,1,Two year,0,Credit card (automatic),82.1,2603.1,2.698882314
1431-CYWMH,0,Female,0,1,1,22,1,0,No,0,0,0,0,0,0,Month-to-month,0,Bank transfer (automatic),19.05,454.05,0.626232742
1432-FPAXX,1,Female,0,0,0,29,0,0,DSL,0,1,0,0,0,0,Month-to-month,1,Electronic check,30.6,856.35,1.00591716
1436-ZMJAN,0,Female,0,1,0,10,1,0,DSL,0,0,1,0,1,1,Month-to-month,1,Credit card (automatic),67.8,653.15,2.228796844
1439-LCGVL,0,Female,0,1,0,26,1,0,No,0,0,0,0,0,0,One year,0,Mailed check,19.2,459.6,0.631163708
1442-BQPVU,0,Female,0,0,0,13,0,0,DSL,0,1,0,0,0,0,Month-to-month,0,Electronic check,29.15,357.15,0.958251151
1442-OKRJE,0,Male,0,1,1,66,1,0,Fiber optic,1,1,1,0,1,1,One year,1,Bank transfer (automatic),103.15,7031.3,3.390861275
1444-VVSGW,1,Male,0,1,0,70,1,1,Fiber optic,1,1,1,1,1,1,One year,0,Credit card (automatic),115.65,7968.85,3.801775148
1447-GIQMR,1,Male,0,1,0,1,1,0,Fiber optic,0,0,0,0,0,0,Month-to-month,1,Electronic check,69.15,69.15,2.273175542
1447-PJGGA,1,Female,0,0,0,57,1,0,Fiber optic,0,0,1,0,1,1,Two year,1,Electronic check,95.25,5464.65,3.131163708
1448-CYWKC,0,Female,0,1,1,58,1,1,Fiber optic,0,1,1,0,1,1,One year,1,Credit card (automatic),105.2,6225.4,3.458251151
1448-PWKYE,1,Male,0,1,1,1,1,0,Fiber optic,0,0,0,0,0,1,Month-to-month,0,Electronic check,80,80,2.629848784
1449-XQEMT,1,Male,0,0,0,3,1,0,No,0,0,0,0,0,0,Month-to-month,1,Mailed check,19.8,58.15,0.650887574
1450-GALXR,1,Female,0,0,0,10,1,1,Fiber optic,0,0,0,1,1,1,Month-to-month,1,Electronic check,98.5,1058.25,3.238001315
1450-SKCVI,1,Female,0,0,0,56,1,0,Fiber optic,0,1,0,0,0,0,Month-to-month,1,Electronic check,73.85,4092.85,2.427679158
1452-KIOVK,0,Male,0,0,1,22,1,1,Fiber optic,0,1,0,0,1,0,Month-to-month,1,Credit card (automatic),89.1,1949.4,2.928994083
1452-UZOSF,0,Male,0,1,1,72,1,1,Fiber optic,1,1,1,1,1,0,Two year,1,Credit card (automatic),106.1,7548.6,3.487836949
1452-VOQCH,0,Male,0,0,0,1,1,1,Fiber optic,0,0,0,0,0,0,Month-to-month,1,Electronic check,75.1,75.1,2.468770546
1452-XRSJV,0,Female,0,1,1,39,1,0,DSL,1,0,0,0,0,0,Month-to-month,0,Credit card (automatic),51.05,2066,1.678172255
1453-RZFON,0,Female,0,0,1,1,1,0,DSL,1,0,0,0,0,0,Month-to-month,0,Mailed check,49.9,49.9,1.640368179
1455-ESIQH,1,Male,0,0,0,1,1,0,Fiber optic,0,0,0,0,1,1,Month-to-month,1,Electronic check,89.1,89.1,2.928994083
1455-HFBXA,0,Male,0,1,0,52,1,1,Fiber optic,1,0,1,1,0,0,Two year,1,Credit card (automatic),91.6,4627.8,3.011176857
1455-UGQVH,1,Male,0,1,0,10,1,1,Fiber optic,0,0,1,0,1,1,Month-to-month,1,Electronic check,98.5,1037.75,3.238001315
1456-TWCGB,0,Male,0,0,0,4,1,0,DSL,0,1,0,0,0,0,Month-to-month,0,Mailed check,49.25,208.45,1.619000657
1459-QNFQT,0,Male,0,1,1,70,0,0,DSL,1,0,1,1,1,1,Two year,0,Bank transfer (automatic),59.5,4144.8,1.955950033
1460-UZPRJ,0,Male,0,1,0,60,1,0,No,0,0,0,0,0,0,Two year,0,Mailed check,19.95,1258.15,0.65581854
1465-LNTLJ,0,Male,1,1,0,8,1,0,DSL,0,0,1,1,0,1,Month-to-month,1,Credit card (automatic),64.4,581.7,2.117028271
1465-VINDH,1,Female,0,1,1,10,1,1,Fiber optic,0,1,1,0,1,1,Month-to-month,1,Credit card (automatic),102.1,1068.85,3.35634451
1465-WCZVT,0,Female,0,1,1,3,1,0,No,0,0,0,0,0,0,Month-to-month,0,Mailed check,19.65,60.65,0.645956607
1468-DEFNC,0,Male,1,1,1,64,1,1,No,0,0,0,0,0,0,Two year,1,Bank transfer (automatic),24.4,1548.65,0.802103879
1469-LBJQJ,0,Female,0,1,0,66,1,1,Fiber optic,0,1,1,0,1,1,Month-to-month,1,Electronic check,105.2,6936.85,3.458251151
1470-PSXNM,0,Male,0,1,1,49,1,1,Fiber optic,0,1,1,0,1,0,One year,1,Electronic check,93.65,4520.15,3.078566732
1471-GIQKQ,0,Female,0,0,0,1,1,0,DSL,0,1,0,0,0,0,Month-to-month,0,Electronic check,49.95,49.95,1.642011834
1472-TNCWL,0,Male,0,0,1,36,1,0,Fiber optic,0,1,0,0,1,1,Month-to-month,1,Electronic check,94.7,3512.5,3.113083498
1474-JUWSM,0,Female,0,1,0,58,1,1,DSL,1,0,0,1,0,1,One year,1,Electronic check,68.4,3972.25,2.24852071
1475-VWVDO,0,Male,0,0,0,7,1,0,Fiber optic,0,0,1,0,0,0,Month-to-month,1,Electronic check,74.9,490.55,2.462195924
1478-VPOAD,0,Female,0,0,0,1,1,0,DSL,0,0,0,0,0,0,Month-to-month,0,Electronic check,43.8,43.8,1.439842209
1480-BKXGA,0,Male,1,1,0,72,1,1,Fiber optic,1,1,1,1,1,1,Two year,1,Bank transfer (automatic),116.05,8404.9,3.814924392
1480-IVEVR,0,Male,1,1,0,35,1,1,Fiber optic,0,0,1,0,0,0,One year,1,Bank transfer (automatic),81.6,2815.25,2.682445759
1481-ZUWZA,1,Male,0,0,0,28,1,1,Fiber optic,1,1,0,0,0,1,Month-to-month,1,Credit card (automatic),94.5,2659.4,3.106508876
1482-OXZSY,0,Male,0,0,0,30,1,1,Fiber optic,1,0,0,0,1,1,Month-to-month,1,Bank transfer (automatic),100.4,2936.25,3.300460224
1485-YDHMM,0,Male,0,1,1,52,1,1,Fiber optic,0,1,0,1,0,1,Month-to-month,1,Bank transfer (automatic),93.25,4631.7,3.065417488
1488-PBLJN,0,Female,0,1,1,72,1,1,Fiber optic,1,1,1,1,1,1,Two year,1,Bank transfer (automatic),116.85,8477.7,3.84122288
1488-SYSFC,0,Male,0,1,1,31,1,0,No,0,0,0,0,0,0,Month-to-month,1,Electronic check,20.65,702.05,0.678829717
1492-KGETH,0,Male,0,1,1,70,1,1,DSL,1,1,1,1,0,1,One year,0,Bank transfer (automatic),78.35,5445.95,2.575608153
1492-QGCLU,0,Male,0,1,1,53,1,1,DSL,1,0,1,1,1,1,Month-to-month,0,Electronic check,85.7,4616.1,2.81722551
1493-AMTIE,1,Male,0,0,0,1,1,0,No,0,0,0,0,0,0,Month-to-month,1,Bank transfer (automatic),20.2,20.2,0.664036818
1494-EJZDW,0,Female,0,1,1,10,1,0,No,0,0,0,0,0,0,Two year,0,Mailed check,20.15,220.8,0.662393162
1496-GGSUK,1,Female,1,0,0,1,0,0,DSL,0,0,0,0,0,0,Month-to-month,1,Mailed check,25.7,25.7,0.844838922
1498-DQNRX,0,Female,0,1,0,29,1,0,No,0,0,0,0,0,0,Month-to-month,0,Mailed check,19.85,573.05,0.652531229
1498-NHTLT,0,Male,0,1,1,59,1,0,DSL,1,1,1,1,1,1,Two year,1,Electronic check,86.75,5186,2.851742275
1501-SGHBW,1,Male,0,0,0,2,1,0,DSL,0,0,0,0,0,0,Month-to-month,0,Mailed check,45.85,81,1.507232084
1502-XFCVR,1,Female,0,0,0,58,1,0,Fiber optic,1,1,1,0,1,1,One year,1,Electronic check,106.45,6145.85,3.499342538
1506-YJTYT,0,Male,0,1,1,45,1,1,DSL,1,1,0,1,1,0,Two year,0,Credit card (automatic),73.85,3371,2.427679158
1508-DFXCU,0,Male,0,0,0,12,1,0,Fiber optic,0,0,0,0,1,0,Month-to-month,1,Electronic check,81.45,912,2.677514793
1513-XNPPH,1,Female,0,0,0,12,1,0,Fiber optic,0,0,1,1,0,1,Month-to-month,1,Electronic check,89.4,1095.65,2.938856016
1518-OMDIK,0,Male,0,1,0,33,1,0,DSL,0,0,0,0,0,0,Month-to-month,1,Credit card (automatic),44.55,1462.6,1.464497041
1518-VOWAV,1,Female,0,0,0,9,1,0,DSL,1,1,0,0,1,1,Month-to-month,1,Electronic check,74.65,703.55,2.453977646
1522-VVDMG,1,Male,0,1,1,7,1,0,Fiber optic,0,1,0,1,1,0,Month-to-month,1,Electronic check,89.75,608.8,2.950361604
1525-LNLOJ,0,Male,0,1,1,66,1,1,DSL,0,0,1,0,1,0,Two year,1,Bank transfer (automatic),63.3,4189.7,2.08086785
1527-SXDPN,1,Male,0,1,1,52,1,1,Fiber optic,0,0,1,1,0,1,Two year,1,Bank transfer (automatic),96.25,4990.25,3.164036818
1530-ZTDOZ,0,Female,0,1,0,49,0,0,DSL,1,0,0,0,1,0,Month-to-month,0,Bank transfer (automatic),40.65,2070.75,1.336291913
1534-OULXE,0,Female,0,1,1,61,1,0,DSL,1,0,0,0,0,0,One year,1,Bank transfer (automatic),49.7,2961.4,1.633793557
1535-VTJOQ,0,Female,0,0,0,24,1,1,No,0,0,0,0,0,0,Two year,0,Credit card (automatic),25.15,553,0.826758711
1536-HBSWP,0,Female,0,0,0,1,1,0,DSL,0,0,0,1,0,0,Month-to-month,1,Electronic check,49.9,49.9,1.640368179
1536-YHDOE,0,Male,0,1,1,17,1,1,DSL,1,0,0,1,0,0,One year,1,Mailed check,62.1,1096.65,2.041420118
1539-LNKHM,0,Female,0,0,0,12,1,0,No,0,0,0,0,0,0,Month-to-month,0,Mailed check,20.4,266.6,0.67061144
1541-ETJZO,1,Male,0,0,0,1,1,1,DSL,0,0,1,1,0,0,Month-to-month,0,Mailed check,62.05,62.05,2.039776463
1543-LLLFT,0,Male,1,1,0,61,1,1,Fiber optic,0,1,1,1,1,0,One year,1,Mailed check,98.3,6066.55,3.231426693
1544-JJMYL,0,Male,0,0,0,27,1,0,DSL,1,0,1,1,1,0,One year,0,Credit card (automatic),69.35,1927.3,2.279750164
1545-ACTAS,0,Female,0,1,1,48,1,0,Fiber optic,1,0,1,0,1,1,One year,1,Bank transfer (automatic),99.7,4977.2,3.277449047
1545-JFUML,0,Male,0,1,0,71,1,1,Fiber optic,1,1,1,0,1,0,Two year,1,Electronic check,99,6994.6,3.25443787
1548-ARAGG,0,Female,0,1,1,4,1,1,DSL,0,1,0,1,0,0,Month-to-month,1,Mailed check,58.5,224.85,1.923076923
1548-FEHVL,0,Male,0,1,0,61,1,1,Fiber optic,1,1,0,0,1,1,Month-to-month,1,Electronic check,106.2,6375.2,3.49112426
1550-EENBN,0,Female,0,0,0,31,1,1,Fiber optic,1,1,0,0,1,1,Month-to-month,0,Electronic check,104.35,3205.6,3.430309007
1550-LOAHA,1,Female,0,1,0,32,1,0,Fiber optic,0,1,0,0,0,1,Month-to-month,0,Bank transfer (automatic),84.15,2585.95,2.766272189
1552-AAGRX,0,Female,0,0,0,30,1,1,Fiber optic,1,0,0,1,1,1,Month-to-month,0,Bank transfer (automatic),106.4,3211.9,3.497698882
1552-CZCLL,0,Female,0,1,1,55,1,0,No,0,0,0,0,0,0,Month-to-month,0,Credit card (automatic),20,1087.25,0.657462196
1552-TKMXS,0,Female,0,1,0,42,1,0,No,0,0,0,0,0,0,Month-to-month,0,Credit card (automatic),20.35,869.9,0.668967784
1555-DJEQW,1,Female,0,1,1,70,1,1,Fiber optic,1,1,1,1,1,1,Two year,1,Bank transfer (automatic),114.2,7723.9,3.754109139
1555-HAPSU,0,Female,0,1,1,71,1,1,No,0,0,0,0,0,0,Two year,0,Credit card (automatic),23.9,1663.5,0.785667324
1557-EMYVT,0,Female,0,0,0,43,1,1,Fiber optic,1,1,1,1,1,1,Two year,0,Credit card (automatic),115.05,4895.1,3.782051282
1559-DTODC,0,Male,0,0,0,19,0,0,DSL,0,0,0,0,0,0,Month-to-month,1,Bank transfer (automatic),25.15,468.35,0.826758711
1561-BWHIN,0,Male,0,1,1,19,1,0,No,0,0,0,0,0,0,One year,0,Mailed check,19.8,344.5,0.650887574
1563-IWQEX,0,Female,0,0,0,12,1,0,No,0,0,0,0,0,0,Month-to-month,0,Mailed check,19.7,220.35,0.647600263
1564-HJUVY,0,Male,0,0,0,4,1,0,DSL,0,1,0,1,1,0,Month-to-month,1,Bank transfer (automatic),63.75,226.2,2.09566075
1564-NTYXF,1,Female,1,0,0,13,1,1,Fiber optic,0,0,0,0,0,1,Month-to-month,1,Electronic check,82,1127.2,2.695595003
1565-RHDJD,1,Female,0,0,1,4,1,1,Fiber optic,0,1,1,0,0,0,Month-to-month,0,Bank transfer (automatic),84.05,333.55,2.762984878
1567-DSCIC,1,Male,0,0,0,8,1,1,Fiber optic,0,1,1,0,1,0,Month-to-month,1,Electronic check,94,773.65,3.090072321
1568-BEKZM,0,Male,1,1,0,70,1,1,DSL,1,1,1,1,1,1,Two year,0,Credit card (automatic),90.05,6333.4,2.960223537
1568-LJSZU,0,Male,0,1,1,68,1,1,DSL,1,1,1,1,1,1,Two year,1,Credit card (automatic),92.2,6392.85,3.030900723
1569-TTNYJ,1,Male,0,1,0,5,1,1,Fiber optic,0,1,0,0,0,0,Month-to-month,1,Electronic check,78.75,412.1,2.588757396
1571-SAVHK,1,Male,0,0,0,12,1,1,Fiber optic,0,0,0,1,1,1,Month-to-month,1,Mailed check,99.95,1132.75,3.285667324
1573-LGXBA,0,Male,0,1,1,57,1,0,Fiber optic,0,1,1,0,1,1,One year,1,Credit card (automatic),97.55,5598,3.206771861
1574-DYCWE,0,Female,0,1,1,51,1,0,No,0,0,0,0,0,0,Two year,0,Mailed check,19.95,1028.75,0.65581854
1575-KRZZE,0,Female,0,0,0,4,1,0,DSL,1,1,0,0,0,0,Month-to-month,0,Electronic check,55.2,220.65,1.814595661
1576-PFZIW,0,Male,1,1,0,70,1,0,Fiber optic,1,1,1,0,1,1,Two year,0,Credit card (automatic),105.35,7511.9,3.463182117
1577-HKTFG,1,Female,0,1,0,30,1,0,No,0,0,0,0,0,0,Month-to-month,0,Bank transfer (automatic),19.65,655.85,0.645956607
1579-KLYDT,1,Male,0,0,0,7,1,1,Fiber optic,0,0,1,0,1,0,Month-to-month,1,Electronic check,90.45,593.45,2.973372781
1580-BMCMR,0,Male,1,0,0,19,1,0,Fiber optic,1,0,0,0,0,1,Month-to-month,1,Electronic check,87.3,1637.3,2.869822485
1582-RAFML,1,Male,0,0,0,1,1,1,DSL,0,1,0,1,0,0,Month-to-month,0,Mailed check,60.1,60.1,1.975673899
1583-IHQZE,1,Male,0,0,0,12,1,1,Fiber optic,0,1,1,1,1,1,Month-to-month,1,Mailed check,112.95,1384.75,3.713017751
1585-MQSSU,1,Male,0,0,0,17,1,0,DSL,0,0,0,1,0,0,Month-to-month,0,Mailed check,51.5,900.5,1.692965155
1587-FKLZB,1,Male,1,1,1,66,1,1,Fiber optic,0,0,1,0,1,1,Month-to-month,1,Credit card (automatic),99.5,6822.15,3.270874425
1589-AGTLK,1,Male,0,0,0,3,1,0,DSL,0,0,0,0,0,0,Month-to-month,1,Electronic check,45.35,141.5,1.490795529
1591-MQJTP,0,Male,1,1,0,51,1,1,Fiber optic,1,0,1,0,0,1,One year,1,Bank transfer (automatic),93.65,4839.15,3.078566732
1591-NFNLQ,1,Male,0,0,0,51,1,1,Fiber optic,0,0,1,0,0,0,Month-to-month,0,Credit card (automatic),80,4242.35,2.629848784
1591-XWLGB,0,Female,0,1,0,71,1,0,No,0,0,0,0,0,0,Two year,0,Credit card (automatic),19.85,1379.6,0.652531229
1596-BBVTG,1,Male,0,0,0,35,1,1,Fiber optic,0,0,0,0,0,0,Month-to-month,0,Credit card (automatic),75.35,2636.05,2.476988823
1596-OQSPS,0,Female,0,0,0,11,1,0,DSL,0,1,0,0,0,0,Month-to-month,0,Electronic check,51.1,531.15,1.679815911
1597-FZREH,1,Female,0,0,0,2,1,0,DSL,0,0,1,1,1,1,Month-to-month,0,Electronic check,76.4,160.8,2.511505588
1597-LHYNC,1,Female,1,0,0,26,1,1,Fiber optic,1,1,0,0,0,1,Month-to-month,1,Electronic check,95,2497.2,3.122945431
1599-EAHXY,0,Male,0,1,1,60,1,1,No,0,0,0,0,0,0,One year,0,Credit card (automatic),23.95,1506.4,0.78731098
1599-MMYRQ,0,Male,0,1,1,62,1,0,Fiber optic,1,1,0,0,0,0,One year,1,Credit card (automatic),81.45,4983.05,2.677514793
1600-DILPE,0,Female,0,0,0,12,1,0,DSL,0,0,0,0,0,0,Month-to-month,1,Bank transfer (automatic),45,524.35,1.479289941
1602-IJQQE,1,Female,0,0,0,4,1,1,Fiber optic,0,0,0,0,0,0,Month-to-month,0,Electronic check,75.35,338.1,2.476988823
1608-GMEWB,0,Male,1,0,0,45,1,1,Fiber optic,0,0,0,0,1,1,Month-to-month,1,Bank transfer (automatic),93.9,4200.25,3.08678501
1612-EOHDH,1,Female,0,0,0,1,1,0,DSL,0,0,0,0,0,0,Month-to-month,0,Electronic check,45.15,45.15,1.484220907
1614-JBEBI,0,Female,0,0,0,8,1,0,No,0,0,0,0,0,0,Month-to-month,1,Mailed check,20.7,137.6,0.680473373
1618-CFHME,1,Female,0,0,0,2,1,1,Fiber optic,0,0,0,0,0,0,Month-to-month,1,Electronic check,75.9,143.35,2.495069034
1619-YWUBB,0,Female,0,1,0,68,1,1,No,0,0,0,0,0,0,Two year,1,Credit card (automatic),24.95,1614.9,0.820184089
1621-YNCJH,0,Female,0,1,0,36,1,1,Fiber optic,1,1,1,1,0,1,Two year,1,Credit card (automatic),106.05,3834.4,3.486193294
1622-HSHSF,0,Female,0,0,0,1,1,0,No,0,0,0,0,0,0,Month-to-month,1,Mailed check,19.55,19.55,0.642669297
1623-NLDOT,1,Female,0,1,0,42,0,0,DSL,0,1,0,1,0,0,One year,0,Mailed check,33.55,1445.3,1.102892834
1624-NALOJ,1,Male,1,0,0,5,1,1,Fiber optic,0,1,0,0,0,1,Month-to-month,1,Electronic check,89.8,502.6,2.95200526
1624-WOIWJ,1,Female,0,0,0,10,1,0,Fiber optic,1,0,0,0,1,0,Month-to-month,1,Mailed check,84.7,832.05,2.7843524
1625-JAIIY,1,Female,0,1,1,68,1,1,Fiber optic,0,0,0,0,1,0,One year,1,Electronic check,83,5685.8,2.728468113
1626-ERCMM,1,Male,1,1,0,20,1,1,Fiber optic,0,0,0,0,1,1,Month-to-month,1,Electronic check,94.55,1899.65,3.108152531
1627-AFWVJ,0,Female,0,0,0,29,1,0,No,0,0,0,0,0,0,Two year,0,Mailed check,19.4,554.25,0.63773833
1628-BIZYP,0,Male,0,0,0,1,1,0,Fiber optic,0,1,0,0,0,1,Month-to-month,1,Electronic check,85,85,2.794214333
1629-DQQVB,0,Female,0,0,0,14,1,0,DSL,1,0,0,0,0,0,Month-to-month,0,Bank transfer (automatic),50.1,709.5,1.646942801
1635-FJFCC,0,Female,0,0,0,5,1,0,DSL,0,0,0,0,0,0,Month-to-month,1,Credit card (automatic),44.05,202.15,1.448060487
1635-HDGFT,0,Female,0,0,1,19,1,0,No,0,0,0,0,0,0,Two year,0,Mailed check,20.5,398.55,0.673898751
1635-NZATJ,0,Male,1,1,0,71,1,1,No,0,0,0,0,0,0,Two year,0,Credit card (automatic),25.45,1789.65,0.836620644
1636-NTNCO,0,Male,1,0,0,4,0,0,DSL,0,1,0,0,1,1,Month-to-month,1,Credit card (automatic),50.95,207.35,1.674884944
1640-PLFMP,0,Female,0,0,0,1,1,0,Fiber optic,0,0,0,0,0,0,Month-to-month,1,Electronic check,70.25,70.25,2.309335963
1641-BYBTK,0,Male,0,0,1,6,1,0,No,0,0,0,0,0,0,Month-to-month,1,Mailed check,20.2,98.35,0.664036818
1641-RQDAY,0,Female,1,1,1,32,1,1,Fiber optic,0,1,0,0,1,1,Month-to-month,1,Electronic check,100.4,3217.65,3.300460224
1642-HMARX,0,Female,0,1,0,68,1,1,DSL,1,1,1,1,1,1,Two year,1,Electronic check,91.7,6424.7,3.014464168
1644-IRKSF,1,Female,0,1,1,33,1,0,Fiber optic,0,0,1,0,1,1,One year,1,Electronic check,93.8,3124.5,3.083497699
1656-DRSMG,0,Female,0,0,0,63,1,1,Fiber optic,0,1,1,1,1,1,Month-to-month,1,Credit card (automatic),109.85,7002.95,3.611111111
1657-DYMBM,0,Male,0,1,0,53,1,0,No,0,0,0,0,0,0,Two year,0,Credit card (automatic),19.9,1110.05,0.654174885
1658-BYGOY,1,Male,1,0,0,18,1,1,Fiber optic,0,0,0,0,1,1,Month-to-month,1,Electronic check,95.45,1752.55,3.13773833
1658-TJVOA,0,Female,1,0,0,6,1,0,Fiber optic,1,0,0,0,0,0,Month-to-month,1,Electronic check,74.1,450.9,2.435897436
1658-XUHBX,0,Female,1,1,1,59,1,1,Fiber optic,0,0,1,0,0,1,Month-to-month,1,Credit card (automatic),88.75,5348.65,2.917488494
1660-HSOOQ,1,Male,0,0,0,1,1,0,DSL,0,0,1,0,0,0,Month-to-month,1,Mailed check,49.65,49.65,1.632149901
1661-CZBAU,0,Male,0,0,0,48,1,1,DSL,1,0,0,1,0,1,One year,1,Bank transfer (automatic),70.95,3629.2,2.33234714
1663-MHLHE,0,Male,0,0,0,1,1,0,No,0,0,0,0,0,0,Month-to-month,0,Mailed check,19.2,19.2,0.631163708
1666-JXLKU,0,Female,0,0,0,37,1,1,Fiber optic,0,0,1,0,1,1,Month-to-month,1,Electronic check,100.05,3810.55,3.288954635
1666-JZPZT,0,Male,0,0,0,27,1,1,DSL,0,0,0,0,0,0,Month-to-month,0,Mailed check,49,1291.35,1.61078238
1670-SVOWZ,1,Female,0,1,1,14,1,0,Fiber optic,0,1,0,1,0,1,Month-to-month,1,Credit card (automatic),89.65,1208.35,2.947074293
1676-MQAOA,0,Male,0,0,0,72,1,0,DSL,1,1,1,1,1,0,Two year,1,Bank transfer (automatic),75.1,5336.35,2.468770546
1678-FYZOW,1,Female,0,0,0,3,1,0,Fiber optic,0,0,0,0,1,0,Month-to-month,1,Electronic check,79.4,244.65,2.610124918
1679-JRFBR,0,Female,0,1,1,70,1,1,Fiber optic,1,1,1,0,1,1,One year,1,Credit card (automatic),108.15,7930.55,3.555226824
1680-VDCWW,0,Male,0,1,0,12,1,0,No,0,0,0,0,0,0,One year,0,Bank transfer (automatic),19.8,202.25,0.650887574
1682-VCOIO,0,Male,0,0,0,23,1,0,No,0,0,0,0,0,0,One year,0,Mailed check,20.45,481.1,0.672255095
1684-FLBGS,0,Female,0,1,1,23,1,1,DSL,0,1,0,1,1,0,Month-to-month,1,Credit card (automatic),69.5,1652.1,2.284681131
1685-BQULA,0,Female,0,0,0,40,1,1,Fiber optic,0,1,1,0,1,0,Month-to-month,1,Bank transfer (automatic),93.4,3756.4,3.070348455
1685-VAYJF,0,Male,0,0,0,11,1,0,DSL,0,0,0,0,0,0,Month-to-month,0,Credit card (automatic),45.2,492,1.485864563
1686-STUHN,0,Male,0,0,0,42,1,0,No,0,0,0,0,0,0,One year,0,Bank transfer (automatic),19.8,849.9,0.650887574
1689-MRZQR,1,Male,0,1,1,34,1,0,Fiber optic,0,0,0,0,1,0,Month-to-month,0,Electronic check,78.3,2564.3,2.573964497
1689-YQBYY,0,Female,0,0,1,12,1,1,Fiber optic,0,0,0,0,0,0,Month-to-month,1,Electronic check,76.6,893,2.51808021
1696-HXOWK,0,Female,0,1,0,71,1,1,Fiber optic,1,1,0,0,1,0,One year,0,Mailed check,95.65,6856.95,3.144312952
1696-MZVAU,0,Male,0,1,1,39,0,0,DSL,0,0,0,0,0,0,One year,1,Credit card (automatic),25.25,947.75,0.830046022
1697-BCSHV,0,Female,0,1,1,58,1,1,DSL,0,1,0,0,1,0,Month-to-month,1,Bank transfer (automatic),66.8,3970.4,2.195923734
1697-LYYYX,0,Female,0,1,1,61,1,0,No,0,0,0,0,0,0,One year,0,Credit card (automatic),19.1,1143.8,0.627876397
1697-NVVGY,0,Male,1,1,0,19,1,0,DSL,1,0,1,0,1,0,Month-to-month,0,Bank transfer (automatic),66.4,1286.05,2.18277449
1698-XFZCI,0,Male,0,0,0,61,1,1,Fiber optic,1,1,1,0,1,1,One year,1,Electronic check,107.75,6521.9,3.542077581
1699-HPSBG,1,Male,0,0,0,12,1,0,DSL,0,0,0,1,1,0,One year,1,Electronic check,59.8,727.8,1.965811966
1699-TLDLZ,0,Female,0,1,1,16,1,0,No,0,0,0,0,0,0,Two year,0,Mailed check,19.7,301.55,0.647600263
1699-UOTXU,0,Male,0,0,0,60,1,0,DSL,1,1,1,0,0,0,Two year,0,Electronic check,61.4,3638.25,2.018408941
1702-CCFNJ,0,Male,0,1,0,52,1,1,DSL,0,1,0,1,0,0,Month-to-month,0,Bank transfer (automatic),61.35,3169.55,2.016765286
1703-MGIAB,0,Female,0,0,0,17,1,1,DSL,0,0,1,1,1,0,Month-to-month,1,Mailed check,69,1108,2.268244576
1704-NRWYE,1,Female,1,0,0,9,1,0,Fiber optic,0,0,0,0,1,0,Month-to-month,1,Electronic check,80.85,751.65,2.657790927
1705-GUHPV,0,Female,0,0,0,63,1,1,No,0,0,0,0,0,0,Two year,0,Mailed check,24.2,1618.2,0.795529257
1707-HABPF,0,Female,1,0,0,46,1,0,Fiber optic,0,1,1,0,1,0,One year,1,Bank transfer (automatic),91.3,4126.35,3.001314924
1708-PBBOA,0,Female,0,0,0,42,0,0,DSL,1,1,1,1,0,1,One year,1,Electronic check,54.75,2348.45,1.799802761
1709-EJDOX,0,Female,0,1,1,47,1,0,No,0,0,0,0,0,0,Two year,0,Mailed check,19.75,948.9,0.649243918
1710-RCXUS,0,Male,0,1,0,51,1,1,Fiber optic,0,1,0,0,0,1,One year,1,Credit card (automatic),90.35,4614.55,2.97008547
1716-LSAMB,0,Male,0,1,1,45,1,0,DSL,1,0,0,1,0,0,Two year,0,Bank transfer (automatic),54.65,2553.7,1.79651545
1722-LDZJS,0,Male,0,1,1,53,1,0,No,0,0,0,0,0,0,One year,0,Credit card (automatic),20.2,1068.15,0.664036818
1723-HKXJQ,1,Male,0,0,0,42,1,1,Fiber optic,0,1,0,0,1,1,Month-to-month,1,Electronic check,101.75,4273.45,3.344838922
1724-BQUHA,1,Male,1,0,0,5,1,0,Fiber optic,0,0,0,0,1,1,Month-to-month,1,Electronic check,89.5,477.7,2.942143327
1724-IQWNM,0,Male,0,0,1,1,1,0,No,0,0,0,0,0,0,Month-to-month,1,Mailed check,19.3,19.3,0.634451019
1725-IQNIY,1,Male,0,1,0,54,1,0,Fiber optic,1,1,1,1,1,1,Two year,0,Bank transfer (automatic),109.75,6110.2,3.6078238
1725-MIMXW,1,Male,0,0,1,1,1,0,No,0,0,0,0,0,0,Month-to-month,1,Mailed check,19.45,19.45,0.639381986
1728-BQDMA,0,Female,0,0,0,2,1,0,DSL,0,0,0,0,0,0,Month-to-month,0,Electronic check,44.45,82.7,1.46120973
1728-CXQBE,0,Male,1,1,0,64,1,1,Fiber optic,0,1,1,0,0,1,Month-to-month,1,Electronic check,94.25,6081.4,3.098290598
1729-VLAZJ,0,Female,0,0,1,10,0,0,DSL,1,1,0,1,0,0,One year,0,Mailed check,40.25,411.45,1.323142669
1730-VFMWO,0,Female,0,1,0,34,1,0,DSL,0,0,0,1,0,0,Month-to-month,0,Bank transfer (automatic),50.2,1815.3,1.650230112
1730-ZMAME,0,Female,1,0,0,32,1,0,Fiber optic,0,0,0,0,0,1,Month-to-month,1,Electronic check,79.5,2665,2.613412229
1731-TVIUK,1,Female,0,0,0,4,1,1,Fiber optic,0,1,0,1,0,1,Month-to-month,1,Electronic check,93.5,362.2,3.073635766
1732-FEKLD,0,Female,0,0,0,54,1,1,Fiber optic,0,1,1,0,1,0,One year,1,Bank transfer (automatic),94.75,5121.75,3.114727153
1732-VHUBQ,1,Female,1,1,1,47,1,0,Fiber optic,0,0,0,0,0,0,Month-to-month,0,Bank transfer (automatic),70.55,3309.25,2.319197896
1734-ZMNTZ,0,Female,0,1,1,11,1,1,No,0,0,0,0,0,0,Two year,0,Mailed check,25,300.7,0.821827745
1735-XMJVH,0,Male,0,1,1,8,1,0,No,0,0,0,0,0,0,Month-to-month,1,Mailed check,19.35,152.6,0.636094675
1740-CSDJP,1,Male,0,0,0,1,0,0,DSL,0,0,0,0,0,1,Month-to-month,1,Bank transfer (automatic),35.25,35.25,1.15877712
1741-WTPON,0,Male,0,1,1,56,1,1,Fiber optic,1,1,1,1,1,1,Two year,0,Mailed check,115.85,6567.9,3.80834977
1744-JHKYS,0,Female,0,1,0,34,1,1,No,0,0,0,0,0,0,Month-to-month,0,Electronic check,24.7,780.2,0.811965812
1746-TGTWV,0,Male,0,1,0,1,1,0,Fiber optic,0,0,1,0,0,0,Month-to-month,0,Credit card (automatic),75.35,75.35,2.476988823
1750-CSKKM,1,Male,0,0,1,9,1,0,DSL,0,0,0,0,1,0,Month-to-month,0,Electronic check,55.35,449.75,1.819526627
1751-NCDLI,0,Male,1,1,0,46,1,1,Fiber optic,0,0,1,0,1,1,Month-to-month,1,Electronic check,98.85,4564.9,3.249506903
1752-OZXFY,0,Male,0,1,0,60,1,0,DSL,1,0,0,0,1,0,One year,1,Mailed check,59.8,3561.15,1.965811966
1754-GKYPY,0,Male,1,1,0,22,1,0,Fiber optic,0,0,0,0,1,1,Month-to-month,1,Bank transfer (automatic),89.75,1938.9,2.950361604
1755-FZQEC,0,Male,0,0,0,39,1,0,No,0,0,0,0,0,0,One year,0,Mailed check,19.9,791.15,0.654174885
1755-RMCXH,0,Male,0,1,1,2,1,0,No,0,0,0,0,0,0,Month-to-month,0,Mailed check,20.3,40.25,0.667324129
1757-TCATG,0,Male,0,1,1,35,1,0,No,0,0,0,0,0,0,One year,0,Bank transfer (automatic),20.05,746.75,0.659105851
1760-CAZHT,0,Male,0,0,1,25,1,0,No,0,0,0,0,0,0,Month-to-month,0,Mailed check,20.8,460.2,0.683760684
1761-AEZZR,1,Male,0,0,0,1,1,0,Fiber optic,0,0,0,0,1,0,Month-to-month,1,Electronic check,79.55,79.55,2.615055884
1763-KUAAW,0,Female,1,0,0,18,1,0,No,0,0,0,0,0,0,One year,0,Bank transfer (automatic),20.35,369.6,0.668967784
1763-WQFUK,0,Male,0,0,0,3,1,0,DSL,0,0,0,1,0,0,Month-to-month,1,Mailed check,50.5,147.75,1.660092045
1764-VUUMT,0,Male,0,0,1,66,1,0,No,0,0,0,0,0,0,Two year,0,Credit card (automatic),19.95,1269.1,0.65581854
1766-GKNMI,0,Male,0,0,0,29,1,1,Fiber optic,0,0,0,0,0,1,Month-to-month,1,Electronic check,84.9,2516.2,2.790927022
1767-CJKBA,0,Male,0,0,0,66,1,1,No,0,0,0,0,0,0,Two year,0,Mailed check,25.1,1697.7,0.825115056
1767-TGTKO,0,Female,0,1,1,8,1,0,DSL,0,0,0,0,0,0,Month-to-month,1,Electronic check,45.45,411.75,1.49408284
1768-HNVGJ,0,Female,1,0,0,45,1,1,DSL,1,0,0,1,0,1,Month-to-month,1,Electronic check,70.05,3062.45,2.302761341
1768-ZAIFU,1,Female,1,0,0,1,0,0,DSL,0,0,0,0,0,0,Month-to-month,1,Electronic check,25.2,25.2,0.828402367
1769-GRUIK,0,Female,0,0,0,18,1,0,Fiber optic,0,0,0,0,0,0,Month-to-month,1,Electronic check,71.1,1247.75,2.337278107
1771-OADNZ,1,Male,1,1,0,29,1,1,Fiber optic,0,1,1,0,0,1,Month-to-month,1,Electronic check,95.9,2745.2,3.152531229
1775-KWJKQ,0,Male,0,1,1,72,1,1,DSL,1,1,1,1,1,1,Two year,0,Credit card (automatic),89.85,6562.9,2.953648915
1776-SPBWV,0,Female,0,1,1,34,1,0,No,0,0,0,0,0,0,One year,1,Bank transfer (automatic),20.1,682.1,0.660749507
1777-JYQPJ,0,Male,0,0,0,2,0,0,DSL,0,0,0,0,0,0,Month-to-month,0,Mailed check,24.3,38.45,0.798816568
1779-PWPMG,0,Female,1,1,0,72,1,1,Fiber optic,1,1,1,1,1,1,Two year,1,Bank transfer (automatic),114.65,8333.95,3.768902038
1784-BXEFA,0,Female,0,0,0,10,1,0,No,0,0,0,0,0,0,Month-to-month,1,Mailed check,20.55,187.35,0.675542406
1784-EZDKJ,0,Male,0,1,0,51,1,1,Fiber optic,0,1,1,0,1,1,One year,1,Bank transfer (automatic),106.8,5498.8,3.510848126
1785-BPHTP,0,Male,0,1,1,28,1,0,Fiber optic,0,0,1,0,1,0,Month-to-month,0,Electronic check,85.45,2289.9,2.809007232
1790-NESIO,0,Female,0,0,0,13,1,0,No,0,0,0,0,0,0,Two year,1,Mailed check,20.4,261.3,0.67061144
1791-PQHBB,0,Female,0,0,1,2,1,0,DSL,1,0,0,0,0,1,Month-to-month,1,Credit card (automatic),61.2,125.95,2.01183432
1792-UXAFY,1,Female,1,0,0,17,1,0,Fiber optic,0,1,1,0,1,0,Month-to-month,1,Electronic check,89.15,1496.9,2.930637738
1794-HBQTJ,1,Female,0,0,0,1,1,0,DSL,1,0,0,0,0,0,Month-to-month,1,Credit card (automatic),48.6,48.6,1.597633136
1794-SWWKL,0,Male,0,1,1,15,1,1,DSL,0,0,1,1,0,0,Month-to-month,1,Bank transfer (automatic),59.65,867.1,1.960880999
1796-JANOW,0,Female,0,0,0,2,1,0,No,0,0,0,0,0,0,Month-to-month,0,Mailed check,19.95,38.15,0.65581854
1803-BGNBD,0,Female,0,0,0,12,1,0,DSL,0,1,0,1,0,0,Month-to-month,1,Electronic check,54.3,654.5,1.785009862
1809-DMJHQ,1,Female,0,0,1,5,1,0,DSL,0,0,0,0,0,0,Month-to-month,0,Mailed check,46,221.7,1.512163051
1810-BOHSY,0,Male,0,1,0,51,1,1,Fiber optic,1,1,0,0,0,1,One year,1,Credit card (automatic),96.4,4911.05,3.168967784
1810-MVMAI,0,Male,0,1,1,30,1,1,DSL,1,1,1,1,0,0,Month-to-month,0,Electronic check,67.6,2000.2,2.222222222
1813-JLKWR,0,Female,0,1,1,64,1,0,No,0,0,0,0,0,0,One year,0,Bank transfer (automatic),19.8,1336.65,0.650887574
1813-JYWTO,0,Female,0,1,0,72,1,1,Fiber optic,1,0,0,0,0,0,Two year,0,Bank transfer (automatic),80.45,5737.6,2.644641683
1814-DKOLC,0,Female,0,0,0,5,1,1,No,0,0,0,0,0,0,Month-to-month,0,Mailed check,25.45,134.75,0.836620644
1814-WFGVS,0,Male,0,1,1,72,0,0,DSL,1,0,1,1,1,0,Two year,0,Mailed check,48.9,3527,1.607495069
1816-FLZDK,0,Male,0,0,0,1,0,0,DSL,0,0,0,1,0,0,Month-to-month,0,Mailed check,29.15,29.15,0.958251151
1818-ESQMW,0,Female,0,0,0,27,1,0,Fiber optic,0,0,1,1,0,1,Month-to-month,1,Electronic check,89.2,2383.6,2.932281394
1820-DJFPH,0,Female,0,1,1,72,1,1,No,0,0,0,0,0,0,Two year,1,Bank transfer (automatic),24.05,1709.15,0.790598291
1820-TQVEV,1,Male,0,0,0,1,1,0,Fiber optic,0,0,0,0,0,0,Month-to-month,1,Electronic check,69.55,69.55,2.286324786
1821-BUCWY,0,Male,0,0,0,30,1,0,DSL,1,0,1,0,0,0,Two year,1,Mailed check,55.65,1653.85,1.82938856
1830-GGFNM,0,Male,0,1,1,65,1,1,Fiber optic,1,1,1,1,0,0,Two year,0,Credit card (automatic),94.55,6078.75,3.108152531
1830-IPXVJ,0,Female,0,1,1,61,1,0,No,0,0,0,0,0,0,Two year,0,Credit card (automatic),19.75,1311.6,0.649243918
1832-PEUTS,0,Male,0,1,1,62,1,1,Fiber optic,0,0,1,0,1,0,Two year,1,Credit card (automatic),89.1,5411.65,2.928994083
1833-TCXKK,0,Male,0,1,0,45,1,1,Fiber optic,0,1,1,0,1,1,Month-to-month,1,Bank transfer (automatic),107.75,4882.8,3.542077581
1833-VGRUM,1,Female,1,0,0,1,1,1,Fiber optic,0,0,0,0,0,0,Month-to-month,1,Electronic check,74.2,74.2,2.439184747
1834-ABKHQ,0,Female,0,1,1,52,1,0,DSL,0,0,1,0,0,0,One year,1,Bank transfer (automatic),50.95,2610.65,1.674884944
1834-WULEG,0,Male,0,1,1,24,1,0,No,0,0,0,0,0,0,One year,0,Mailed check,20.25,439.75,0.665680473
1837-YQUCE,0,Female,0,0,0,70,0,0,DSL,1,0,1,1,1,1,Two year,1,Bank transfer (automatic),58.35,4214.25,1.918145957
1839-FBNFR,0,Female,0,1,1,39,1,0,No,0,0,0,0,0,0,Two year,1,Bank transfer (automatic),19.85,854.8,0.652531229
1839-UMACK,0,Male,0,0,0,42,1,1,No,0,0,0,0,0,0,One year,0,Electronic check,25.05,949.85,0.8234714
1840-BIUOG,0,Male,0,0,0,20,1,1,DSL,0,1,0,1,1,0,One year,1,Electronic check,68.7,1416.2,2.258382643
1841-YSJGV,0,Male,0,1,0,72,1,1,Fiber optic,1,1,0,1,1,1,Two year,1,Credit card (automatic),109.95,7852.4,3.614398422
1842-EZJMK,1,Male,0,1,1,50,1,1,Fiber optic,0,1,0,1,1,1,Month-to-month,0,Electronic check,103.7,5071.05,3.408941486
1843-TLSGD,0,Female,0,1,1,13,1,0,No,0,0,0,0,0,0,Two year,0,Mailed check,20.85,272.35,0.685404339
1845-CSBRZ,0,Female,1,1,1,22,1,1,Fiber optic,0,0,0,0,1,0,Month-to-month,0,Bank transfer (automatic),85.35,1961.6,2.805719921
1845-ZLLIG,0,Male,0,0,0,1,1,0,DSL,0,1,0,0,0,0,Month-to-month,1,Mailed check,50.15,50.15,1.648586456
1846-XWOQN,1,Female,1,0,0,1,1,0,Fiber optic,0,0,0,0,0,0,Month-to-month,1,Electronic check,70.15,70.15,2.306048652
1848-LBZHY,0,Female,0,1,0,7,1,0,DSL,1,0,0,0,0,0,Month-to-month,1,Bank transfer (automatic),50.3,355.1,1.653517423
1849-RJYIG,0,Female,0,0,0,8,1,0,DSL,1,0,0,0,1,0,Month-to-month,1,Electronic check,60,487.75,1.972386588
1850-AKQEP,0,Male,0,0,1,8,1,0,No,0,0,0,0,0,0,Month-to-month,0,Mailed check,20.35,178.7,0.668967784
1852-QSWCD,0,Male,0,1,1,64,1,1,No,0,0,0,0,0,0,Two year,1,Mailed check,24.8,1514.85,0.815253123
1852-XEMDW,0,Male,0,0,0,22,1,1,DSL,1,1,1,0,0,0,Month-to-month,0,Mailed check,65.05,1427.55,2.138395792
1853-ARAAQ,0,Female,0,0,0,26,0,0,DSL,0,0,1,0,1,1,Month-to-month,1,Credit card (automatic),50.35,1277.5,1.655161078
1853-UDXBW,1,Male,0,1,1,1,1,0,Fiber optic,0,0,0,0,0,0,Month-to-month,1,Electronic check,70,70,2.301117686
1855-AGAWH,0,Male,0,1,0,31,1,0,Fiber optic,0,0,1,0,1,1,One year,1,Electronic check,93.8,2939.8,3.083497699
1855-CFULU,0,Female,1,0,0,4,1,0,No,0,0,0,0,0,0,Month-to-month,0,Mailed check,20.05,91.45,0.659105851
1862-QRWPE,0,Female,0,1,1,48,1,0,No,0,0,0,0,0,0,Two year,0,Bank transfer (automatic),20.65,1057,0.678829717
1862-SKORY,1,Female,1,1,0,40,0,0,DSL,0,1,0,0,1,0,Month-to-month,1,Electronic check,39.3,1637.4,1.291913215
1866-DIOQZ,0,Female,0,1,0,71,0,0,DSL,1,1,1,1,1,1,One year,0,Bank transfer (automatic),66.8,4689.15,2.195923734
1866-NXPSP,0,Female,0,0,0,36,1,0,DSL,1,1,1,1,0,1,One year,1,Mailed check,75.55,2680.15,2.483563445
1866-OBPNR,0,Male,0,1,1,1,1,0,Fiber optic,0,1,0,0,0,0,Month-to-month,0,Credit card (automatic),74.6,74.6,2.452333991
1866-RZZQS,1,Male,1,0,0,41,1,1,Fiber optic,0,0,1,0,1,1,Month-to-month,1,Electronic check,98.4,4187.75,3.234714004
1866-ZSLJM,0,Male,0,0,0,21,1,0,No,0,0,0,0,0,0,Month-to-month,0,Credit card (automatic),20.5,402.85,0.673898751
1867-BDVFH,1,Male,0,1,1,11,1,1,Fiber optic,0,0,0,0,0,0,Month-to-month,1,Electronic check,74.35,834.2,2.444115713
1867-TJHTS,0,Female,0,0,0,58,1,1,Fiber optic,1,0,0,0,0,0,Month-to-month,1,Bank transfer (automatic),79.8,4526.85,2.623274162
1871-MOWRM,1,Male,0,1,0,12,1,0,Fiber optic,1,0,0,1,0,0,Month-to-month,0,Bank transfer (automatic),80.85,866.45,2.657790927
1872-EBWSC,0,Female,0,0,0,29,1,0,No,0,0,0,0,0,0,One year,0,Mailed check,20.35,617.35,0.668967784
1875-QIVME,1,Female,0,1,0,2,1,1,Fiber optic,0,0,1,1,1,1,Month-to-month,1,Electronic check,104.4,242.8,3.431952663
1877-HKBQX,0,Female,0,0,0,11,1,0,DSL,1,0,0,1,0,0,One year,1,Mailed check,54.6,617.85,1.794871795
1891-FZYSA,1,Male,1,1,0,69,1,1,Fiber optic,0,1,0,0,1,0,Month-to-month,1,Electronic check,89.95,6143.15,2.956936226
1891-QRQSA,0,Male,1,1,1,64,1,1,Fiber optic,1,0,1,1,1,1,Two year,1,Bank transfer (automatic),111.6,7099,3.668639053
1891-UAWWU,1,Female,1,1,0,20,1,1,Fiber optic,0,0,1,0,1,0,Month-to-month,0,Electronic check,90.8,1951,2.984878369
1894-IGFSG,1,Female,0,0,0,22,1,0,Fiber optic,0,0,0,0,1,1,Month-to-month,0,Electronic check,89.25,1907.85,2.933925049
1895-QTKDO,0,Female,0,0,0,1,1,0,DSL,0,0,0,0,0,0,Month-to-month,0,Credit card (automatic),43.95,43.95,1.444773176
1897-OKVMW,0,Female,0,1,1,64,1,1,DSL,1,1,1,1,1,1,Two year,1,Mailed check,90.6,5817.45,2.978303748
1897-RCFUM,0,Female,0,1,1,39,1,1,No,0,0,0,0,0,0,One year,1,Mailed check,24.2,914.6,0.795529257
1898-JSNDC,0,Female,0,0,0,39,1,0,DSL,0,1,0,0,1,0,One year,1,Credit card (automatic),58.6,2224.5,1.926364234
1899-VXWXM,1,Male,0,0,0,48,1,1,Fiber optic,0,1,1,0,1,1,One year,1,Credit card (automatic),106.1,5082.8,3.487836949
1902-XBTFB,1,Male,0,0,1,22,1,0,Fiber optic,0,1,1,0,1,0,Month-to-month,1,Electronic check,89.4,2001.5,2.938856016
1904-WAJAA,0,Female,0,1,1,24,1,1,DSL,1,1,1,0,0,0,Two year,0,Electronic check,64.35,1558.65,2.115384615
1905-OEILC,0,Female,0,0,0,1,1,0,No,0,0,0,0,0,0,Month-to-month,0,Mailed check,19.5,19.5,0.641025641
1907-UBQFC,1,Male,1,0,0,10,1,0,Fiber optic,0,1,0,0,0,0,Month-to-month,1,Electronic check,72.85,688.65,2.394806049
1907-YLNYW,0,Male,0,0,0,8,1,0,DSL,1,0,1,0,0,1,Month-to-month,1,Electronic check,66.7,579,2.192636423
1910-FMXJM,0,Female,0,1,0,36,1,0,Fiber optic,0,0,0,0,0,1,Month-to-month,0,Electronic check,80.4,2937.65,2.642998028
1915-IOFGU,1,Female,0,0,0,1,1,0,Fiber optic,0,0,0,0,0,0,Month-to-month,0,Electronic check,70.5,70.5,2.317554241
1915-OAKWD,0,Female,0,0,1,16,1,0,No,0,0,0,0,0,0,One year,1,Bank transfer (automatic),19.3,360.35,0.634451019
1918-ZBFQJ,1,Female,0,0,0,13,1,0,Fiber optic,0,1,1,0,0,0,Month-to-month,1,Electronic check,79.25,1111.65,2.605193951
1919-RTPQD,0,Male,0,1,1,7,1,0,DSL,0,0,0,0,0,0,Month-to-month,0,Electronic check,44.75,333.65,1.471071663
1921-KYSAY,0,Female,0,0,0,41,1,1,DSL,0,0,1,1,0,1,One year,1,Electronic check,68.6,2877.05,2.255095332
1925-GMVBW,0,Female,0,0,0,5,1,0,No,0,0,0,0,0,0,Month-to-month,0,Credit card (automatic),20.55,96.1,0.675542406
1925-LFCZZ,0,Male,1,0,0,55,0,0,DSL,0,0,1,0,1,1,One year,1,Bank transfer (automatic),50.05,2743.45,1.645299145
1925-TIBLE,1,Female,0,1,0,7,1,1,Fiber optic,0,0,0,0,1,0,Month-to-month,1,Electronic check,86.5,582.5,2.843523997
1926-QUZNN,0,Female,0,1,0,72,1,1,No,0,0,0,0,0,0,Two year,1,Bank transfer (automatic),25.25,1841.2,0.830046022
1927-QEWMY,0,Female,0,1,0,72,1,0,No,0,0,0,0,0,0,Two year,0,Credit card (automatic),20.5,1502.25,0.673898751
1928-BXYIV,0,Male,0,0,0,1,1,1,DSL,1,1,0,0,0,0,Month-to-month,0,Electronic check,61.15,61.15,2.010190664
1929-ZCBHE,0,Male,0,1,1,47,0,0,DSL,1,0,1,1,0,0,One year,0,Electronic check,40.3,1794.8,1.324786325
1930-BZLHI,0,Male,0,0,0,21,1,0,No,0,0,0,0,0,0,One year,1,Mailed check,20.35,422.7,0.668967784
1930-QPBVZ,0,Male,0,1,1,68,1,0,Fiber optic,1,1,0,1,0,1,Two year,0,Bank transfer (automatic),95.1,6683.4,3.126232742
1930-WNXSB,0,Male,0,1,1,58,1,0,Fiber optic,0,1,0,0,1,1,Month-to-month,1,Electronic check,92.85,5305.05,3.052268245
1932-UEDCX,0,Male,1,1,0,33,1,1,Fiber optic,0,1,0,0,1,1,Month-to-month,1,Bank transfer (automatic),100.6,3270.25,3.307034845
1934-MKPXS,0,Male,0,1,1,33,1,0,No,0,0,0,0,0,0,One year,0,Credit card (automatic),20.1,620.55,0.660749507
1934-SJVJK,1,Male,0,0,0,1,1,0,No,0,0,0,0,0,0,Month-to-month,0,Mailed check,20.15,20.15,0.662393162
1935-IMVBB,0,Male,0,1,0,56,1,0,Fiber optic,0,0,0,0,1,1,Month-to-month,0,Mailed check,89.7,4952.95,2.948717949
1936-CZAKF,0,Male,0,1,0,49,0,0,DSL,0,1,0,0,1,1,Two year,0,Credit card (automatic),49.65,2409.9,1.632149901
1936-UAFEH,0,Female,0,0,0,68,1,1,Fiber optic,1,1,0,1,1,1,Two year,0,Credit card (automatic),110.25,7279.35,3.624260355
1937-OTUKY,0,Female,0,1,0,72,1,1,Fiber optic,1,0,1,1,1,0,Two year,1,Bank transfer (automatic),98.2,7015.9,3.228139382
1941-HOSAM,0,Male,0,1,1,1,1,0,Fiber optic,0,0,0,0,1,1,Month-to-month,1,Electronic check,90.1,90.1,2.961867193
1942-OQFRW,0,Male,0,0,0,1,1,0,DSL,0,0,0,0,0,0,Month-to-month,0,Electronic check,44,44,1.446416831
1945-XISKS,0,Female,0,1,0,67,1,0,No,0,0,0,0,0,0,Two year,0,Mailed check,19.65,1335.2,0.645956607
1950-KSVVJ,0,Female,0,1,0,45,1,1,Fiber optic,1,1,1,1,1,1,One year,0,Mailed check,113.3,5032.25,3.72452334
1951-IEYXM,0,Male,0,1,1,72,1,1,DSL,1,1,1,1,1,1,Two year,1,Credit card (automatic),90.6,6441.85,2.978303748
1952-DVVSW,0,Female,0,1,0,10,1,0,No,0,0,0,0,0,0,One year,0,Mailed check,20.1,184.4,0.660749507
1955-IBMMB,0,Male,0,0,0,59,1,0,No,0,0,0,0,0,0,Two year,1,Bank transfer (automatic),20.2,1192.3,0.664036818
1956-YIFGE,0,Male,0,1,1,22,1,0,Fiber optic,0,1,1,0,1,1,One year,1,Mailed check,100.05,2090.25,3.288954635
1958-RNRKS,0,Male,0,1,0,30,1,1,DSL,0,0,0,0,0,0,Month-to-month,0,Electronic check,49.9,1441.95,1.640368179
1960-UOTYM,0,Male,0,1,1,52,1,0,DSL,1,1,1,0,1,1,Two year,0,Electronic check,79.2,4016.3,2.603550296
1960-UYCNN,0,Male,0,0,0,10,1,1,Fiber optic,0,1,1,0,0,1,Month-to-month,1,Electronic check,95.25,1021.55,3.131163708
1963-SVUCV,1,Male,0,0,0,1,1,0,DSL,0,0,0,0,0,0,Month-to-month,0,Electronic check,45.3,45.3,1.489151874
1963-VAUKV,1,Female,0,0,0,1,1,0,No,0,0,0,0,0,0,Month-to-month,0,Mailed check,20.4,20.4,0.67061144
1964-SVLEA,0,Male,0,0,0,20,1,0,No,0,0,0,0,0,0,One year,1,Mailed check,19.7,415.9,0.647600263
1965-AKTSX,1,Female,1,0,0,14,1,1,Fiber optic,0,1,0,0,0,0,Month-to-month,1,Electronic check,78.95,1101.85,2.595332018
1965-DDBWU,1,Male,0,0,0,16,1,1,Fiber optic,0,0,0,1,0,1,Month-to-month,1,Credit card (automatic),89.05,1448.6,2.927350427
1970-KKFWL,0,Female,0,0,0,35,1,1,No,0,0,0,0,0,0,Two year,0,Bank transfer (automatic),23.3,797.1,0.765943458
1971-DTCZB,0,Female,0,1,0,72,1,1,DSL,1,1,1,1,1,1,Two year,1,Bank transfer (automatic),90.95,6468.6,2.989809336
1972-XMUWV,0,Female,0,1,0,65,1,0,DSL,0,0,0,1,1,0,Two year,1,Credit card (automatic),59.8,3808.2,1.965811966
1976-AZZPJ,0,Male,0,1,0,7,0,0,DSL,1,1,0,0,0,0,Month-to-month,0,Mailed check,34.2,256.6,1.124260355
1976-CFOCS,1,Female,1,1,0,1,1,0,DSL,0,0,0,0,0,0,Month-to-month,0,Electronic check,46,46,1.512163051
1977-STDKI,1,Female,1,0,0,1,1,0,Fiber optic,0,1,0,0,0,0,Month-to-month,1,Electronic check,73,73,2.399737015
1980-KXVPM,1,Female,1,0,0,3,1,1,Fiber optic,0,0,0,0,0,0,Month-to-month,1,Credit card (automatic),75.05,256.25,2.46712689
1981-INRFU,1,Female,0,0,0,2,1,0,Fiber optic,0,0,0,0,1,0,Month-to-month,1,Electronic check,79.75,164.5,2.621630506
1982-FEBTD,0,Female,0,1,1,23,1,1,No,0,0,0,0,0,0,Two year,1,Credit card (automatic),25.6,514.75,0.841551611
1984-FCOWB,1,Female,0,1,0,70,1,1,Fiber optic,0,1,1,1,1,1,One year,1,Electronic check,109.5,7674.55,3.599605523
1984-GPTEH,0,Female,0,0,0,29,1,1,No,0,0,0,0,0,0,Month-to-month,0,Electronic check,25.15,702,0.826758711
1985-MBRYP,0,Female,0,0,0,43,1,0,No,0,0,0,0,0,0,Two year,1,Bank transfer (automatic),19.65,779.25,0.645956607
1986-PHGZF,0,Male,1,0,0,18,1,1,DSL,1,1,0,0,0,0,Month-to-month,1,Credit card (automatic),58.4,964.9,1.919789612
1987-AUELQ,0,Female,0,1,0,71,1,1,No,0,0,0,0,0,0,Two year,0,Credit card (automatic),25.05,1873.7,0.8234714
1989-PRJHP,1,Male,1,1,0,27,1,1,Fiber optic,0,0,0,0,0,0,Month-to-month,1,Electronic check,75.5,1893.95,2.48191979
1991-VOPLL,0,Female,0,0,0,9,1,0,No,0,0,0,0,0,0,Month-to-month,0,Mailed check,19.05,157.65,0.626232742
1996-DBMUS,0,Female,1,1,0,48,1,0,Fiber optic,0,0,0,0,0,0,Month-to-month,1,Bank transfer (automatic),70.65,3545.05,2.322485207
1998-VHJHK,0,Female,0,0,0,27,1,0,No,0,0,0,0,0,0,One year,0,Mailed check,19.15,501.35,0.629520053
2000-DHJUY,0,Female,1,1,0,70,1,1,DSL,1,1,1,1,1,1,Two year,1,Bank transfer (automatic),92.2,6474.45,3.030900723
2000-MPKCA,0,Female,0,0,0,58,1,1,Fiber optic,1,1,1,0,1,1,One year,1,Electronic check,107.75,6332.75,3.542077581
2001-EWBQU,0,Female,0,0,0,60,1,1,Fiber optic,0,1,1,0,1,1,Two year,0,Electronic check,104.7,6333.8,3.441814596
2001-MCUUW,0,Male,0,0,0,46,1,1,Fiber optic,0,1,1,1,1,1,Two year,0,Electronic check,108.65,4903.2,3.571663379
2002-MZHWP,1,Female,0,0,0,1,1,0,No,0,0,0,0,0,0,Month-to-month,0,Mailed check,20.5,20.5,0.673898751
2003-CKLOR,1,Male,0,0,0,66,1,0,Fiber optic,0,1,1,0,1,1,Month-to-month,0,Electronic check,99.5,6710.5,3.270874425
2004-OCQXK,1,Female,0,0,0,1,1,0,Fiber optic,0,0,0,0,0,1,Month-to-month,1,Electronic check,81.95,81.95,2.693951348
2005-DWQZJ,0,Female,0,1,1,8,1,0,No,0,0,0,0,0,0,Two year,0,Mailed check,19.05,201.7,0.626232742
2007-QVGAW,0,Female,0,1,1,68,1,0,No,0,0,0,0,0,0,Two year,1,Bank transfer (automatic),19.35,1292.65,0.636094675
2011-TRQYE,1,Male,0,0,0,18,0,0,DSL,0,1,1,0,0,0,Month-to-month,1,Credit card (automatic),33.5,600,1.101249178
2012-NWRPA,1,Female,1,1,0,11,1,1,Fiber optic,0,0,1,0,1,1,Month-to-month,1,Electronic check,99.55,1131.2,3.27251808
2013-SGDXK,1,Female,0,0,0,1,1,0,Fiber optic,0,1,0,0,1,0,Month-to-month,0,Electronic check,84.3,84.3,2.771203156
2014-MKGMH,0,Female,0,0,0,46,1,1,Fiber optic,0,0,1,0,1,1,One year,1,Electronic check,101.1,4674.4,3.3234714
2017-CCBLH,0,Female,0,0,0,8,1,0,No,0,0,0,0,0,0,Two year,0,Mailed check,20,141.6,0.657462196
2018-PZKMU,0,Male,0,1,1,9,1,0,Fiber optic,0,0,1,1,1,1,Month-to-month,0,Electronic check,103.1,970.45,3.38921762
2018-QKYGT,0,Male,0,1,1,1,1,0,Fiber optic,0,0,0,0,0,1,Month-to-month,1,Electronic check,81.05,81.05,2.664365549
2019-HDCZY,0,Male,0,1,0,63,1,1,Fiber optic,0,0,1,0,1,1,Two year,0,Electronic check,102.6,6296.75,3.372781065
2023-VQFDL,0,Male,0,0,0,18,1,0,No,0,0,0,0,0,0,Month-to-month,0,Electronic check,19,348.8,0.624589086
2024-BASKD,1,Female,0,0,0,1,1,0,Fiber optic,0,0,1,0,0,0,Month-to-month,1,Mailed check,74.6,74.6,2.452333991
2025-JKFWI,1,Male,0,0,0,13,1,1,Fiber optic,0,0,0,1,1,1,Month-to-month,1,Mailed check,99,1301.7,3.25443787
2026-TGDHM,1,Female,0,0,0,7,1,0,Fiber optic,0,0,0,0,0,1,Month-to-month,1,Electronic check,79.3,523.15,2.606837607
2027-CWDNU,0,Male,0,1,1,18,1,0,Fiber optic,0,0,0,1,0,1,Month-to-month,1,Electronic check,85.6,1601.5,2.813938199
2027-DNKIV,0,Male,0,1,1,37,1,0,DSL,1,0,1,1,0,0,One year,1,Mailed check,58.75,2203.1,1.931295201
2027-FECZV,1,Male,0,0,0,12,1,1,Fiber optic,0,1,1,0,1,1,Month-to-month,1,Electronic check,106.7,1253.9,3.507560815
2027-OAQQC,1,Female,0,0,0,43,0,0,DSL,0,0,1,0,1,1,Month-to-month,1,Bank transfer (automatic),49.05,2076.2,1.612426036
2027-WKXMW,0,Female,0,1,0,63,1,1,Fiber optic,0,1,1,1,1,1,Month-to-month,1,Electronic check,108.75,6871.7,3.57495069
2030-BTZRO,0,Male,0,1,1,6,1,0,No,0,0,0,0,0,0,Two year,1,Credit card (automatic),20.4,107.6,0.67061144
2034-CGRHZ,1,Male,1,0,0,24,1,1,Fiber optic,0,1,1,0,1,1,Month-to-month,1,Credit card (automatic),102.95,2496.7,3.384286654
2034-GDRCN,1,Female,0,0,0,2,1,0,Fiber optic,0,0,0,0,1,1,Month-to-month,1,Electronic check,90.4,168.2,2.971729126
2037-SGXHH,1,Male,0,1,1,38,1,1,Fiber optic,0,1,1,0,1,0,Month-to-month,1,Electronic check,94.65,3624.3,3.111439842
2037-XJFUP,1,Male,0,1,0,33,1,0,Fiber optic,0,0,1,0,1,1,One year,1,Electronic check,95.8,3036.75,3.149243918
2038-LLMLM,0,Female,0,0,0,48,1,1,Fiber optic,0,0,1,1,1,1,Month-to-month,1,Electronic check,103.85,4946.05,3.413872452
2038-OEQZH,0,Male,0,0,0,4,1,0,Fiber optic,0,0,1,0,0,1,Month-to-month,0,Electronic check,86.05,308.1,2.828731098
2038-YSEZE,0,Female,0,0,0,29,1,1,DSL,1,1,0,1,0,0,Month-to-month,0,Mailed check,67.45,1801.1,2.217291256
2039-JONDJ,0,Male,0,0,0,27,1,0,DSL,1,1,0,0,0,0,One year,0,Bank transfer (automatic),55.45,1477.65,1.822813938
2040-LDIWQ,0,Male,0,1,1,65,1,1,DSL,0,1,1,1,1,1,Two year,1,Bank transfer (automatic),84.2,5324.5,2.767915845
2040-OBMLJ,0,Male,0,0,0,31,1,1,Fiber optic,0,0,0,1,0,0,One year,0,Credit card (automatic),81.7,2548.65,2.68573307
2040-VZIKE,0,Female,0,1,0,49,1,1,Fiber optic,1,0,0,0,1,1,Month-to-month,1,Mailed check,100.85,4847.35,3.315253123
2040-XBAVJ,0,Male,0,1,1,72,1,1,Fiber optic,1,1,1,1,1,1,Two year,0,Bank transfer (automatic),114.45,8100.55,3.762327416
2041-JIJCI,0,Female,0,0,0,5,1,1,DSL,0,1,0,0,0,1,Month-to-month,1,Electronic check,64,370.25,2.103879027
2043-WVTQJ,0,Male,0,1,0,1,1,0,DSL,1,0,1,0,0,0,Month-to-month,0,Mailed check,55.7,55.7,1.831032216
2045-BMBTJ,0,Female,1,0,0,33,0,0,DSL,1,1,1,0,1,1,Month-to-month,1,Bank transfer (automatic),59.45,1884.65,1.954306377
2049-BAFNW,0,Female,0,0,0,1,0,0,DSL,0,0,1,1,0,0,Month-to-month,0,Mailed check,35.9,35.9,1.180144642
2050-ONYDQ,0,Female,0,1,1,65,1,1,No,0,0,0,0,0,0,Two year,0,Credit card (automatic),26,1654.85,0.854700855
2054-PJOCK,0,Female,0,0,0,60,1,1,DSL,0,0,1,1,1,1,One year,0,Credit card (automatic),80.55,4847.05,2.647928994
2055-BFOCC,0,Male,1,1,0,63,1,0,DSL,1,1,1,1,1,1,One year,1,Bank transfer (automatic),84,5329.55,2.761341223
2055-PDADH,1,Female,1,0,0,3,1,0,Fiber optic,0,0,0,0,0,0,Month-to-month,1,Electronic check,70.4,204.7,2.31426693
2055-SIFSS,0,Female,1,1,0,55,1,1,DSL,0,0,0,0,0,0,Month-to-month,0,Bank transfer (automatic),51.65,2838.55,1.697896121
2056-EVGZL,0,Male,0,1,1,68,1,0,Fiber optic,0,1,1,1,1,1,One year,0,Credit card (automatic),105.75,7322.5,3.476331361
2057-BOYKM,0,Female,1,1,0,72,1,1,Fiber optic,1,1,1,1,0,0,Two year,1,Bank transfer (automatic),96.6,6827.5,3.175542406
2057-ZBLPD,1,Female,0,1,0,21,1,1,Fiber optic,0,0,0,0,0,1,Month-to-month,1,Electronic check,86.5,1808.7,2.843523997
2058-DCJBE,1,Male,0,0,0,5,1,0,Fiber optic,0,0,0,0,0,0,Month-to-month,1,Electronic check,69.75,324.6,2.292899408
2061-VVFST,0,Female,0,1,0,37,1,0,No,0,0,0,0,0,0,Month-to-month,0,Bank transfer (automatic),19.5,805.2,0.641025641
2065-MMKGR,0,Female,0,0,0,29,1,1,DSL,0,0,0,0,1,1,One year,1,Credit card (automatic),71,2080.1,2.333990796
2067-QYTCF,0,Female,0,1,0,64,1,1,Fiber optic,0,1,1,1,1,1,Month-to-month,1,Electronic check,111.15,6953.4,3.653846154
2068-WWXQZ,0,Male,0,0,0,46,1,0,No,0,0,0,0,0,0,Two year,0,Bank transfer (automatic),20.05,902,0.659105851
2070-FNEXE,1,Female,1,0,0,7,1,0,Fiber optic,1,0,0,0,0,0,Month-to-month,0,Bank transfer (automatic),76.45,503.6,2.513149244
2070-XYMFH,0,Female,1,0,0,23,1,1,Fiber optic,0,0,1,0,0,0,Month-to-month,1,Mailed check,79.35,1835.3,2.608481262
2072-ZVJJX,0,Male,0,1,0,68,1,1,No,0,0,0,0,0,0,Two year,0,Bank transfer (automatic),25.25,1728.2,0.830046022
2073-QBVBI,0,Female,0,1,0,41,0,0,DSL,0,1,0,1,0,0,One year,0,Mailed check,35.45,1391.65,1.165351742
2074-GKOWZ,1,Male,0,1,1,2,1,0,Fiber optic,0,0,0,0,1,1,Month-to-month,1,Bank transfer (automatic),89.55,185.55,2.943786982
2074-GUHPQ,0,Female,0,0,1,17,1,1,Fiber optic,0,1,1,1,0,0,Month-to-month,1,Credit card (automatic),92.7,1556.85,3.047337278
2075-PUEPR,0,Male,0,1,1,55,1,0,No,0,0,0,0,0,0,Two year,0,Bank transfer (automatic),19.35,1153.25,0.636094675
2075-RMJIK,0,Female,0,1,1,5,1,0,DSL,1,0,0,0,0,0,Month-to-month,1,Mailed check,49.4,232.55,1.623931624
2077-DDHJK,0,Female,0,1,0,68,1,1,DSL,1,1,1,1,0,0,Two year,0,Credit card (automatic),70.9,4911.35,2.330703485
2077-MPJQO,0,Male,1,1,0,7,1,1,Fiber optic,0,0,0,0,0,0,Month-to-month,1,Electronic check,75.4,533.05,2.478632479
2079-FBMZK,1,Female,0,0,0,6,1,0,Fiber optic,0,0,0,0,0,0,Month-to-month,1,Mailed check,69.25,418.4,2.276462853
2080-CAZNM,0,Female,1,0,0,41,1,1,Fiber optic,0,1,1,0,1,1,Month-to-month,1,Electronic check,104.4,4133.95,3.431952663
2080-GKCWQ,0,Male,0,0,0,2,1,0,Fiber optic,0,1,0,0,0,0,Month-to-month,0,Electronic check,74.95,151.75,2.463839579
2080-SRCDE,0,Female,0,0,1,1,1,1,No,0,0,0,0,0,0,Month-to-month,0,Mailed check,25.4,25.4,0.834976989
2081-KJSQF,0,Male,0,0,0,1,1,0,No,0,0,0,0,0,0,Month-to-month,1,Mailed check,20.25,20.25,0.665680473
2081-VEYEH,0,Male,0,0,0,3,1,0,Fiber optic,0,1,1,1,1,1,Month-to-month,1,Electronic check,107.95,318.6,3.548652202
2082-CEFLT,1,Male,0,0,0,1,1,0,DSL,0,0,0,0,0,0,Month-to-month,1,Electronic check,45.6,45.6,1.499013807
2082-OJVTK,1,Male,0,1,1,29,1,1,Fiber optic,0,0,1,0,0,1,Month-to-month,1,Electronic check,89.2,2698.35,2.932281394
2085-BOJKI,0,Male,0,1,0,17,1,0,Fiber optic,0,0,1,0,1,1,One year,1,Bank transfer (automatic),96.65,1588.25,3.177186062
2085-JVGAD,0,Male,0,1,0,37,1,0,No,0,0,0,0,0,0,Month-to-month,0,Bank transfer (automatic),20.35,697.65,0.668967784
2087-QAREY,0,Female,0,1,0,22,1,0,DSL,0,1,1,0,0,0,Month-to-month,1,Mailed check,54.7,1178.75,1.798159106
2088-IEBAU,0,Female,0,0,0,68,1,1,DSL,1,1,1,1,1,1,Two year,1,Electronic check,88.15,6148.45,2.897764629
2091-GPPIQ,0,Female,0,1,1,72,1,1,DSL,0,1,0,1,1,1,Two year,1,Electronic check,78.95,5730.15,2.595332018
2091-MJTFX,1,Female,0,1,1,30,0,0,DSL,0,0,0,1,1,1,Month-to-month,0,Credit card (automatic),51.2,1561.5,1.683103222
2091-RFFBA,1,Female,1,0,0,31,1,1,Fiber optic,0,0,0,0,0,0,Month-to-month,1,Electronic check,73.9,2217.15,2.429322814
2096-XOTMO,0,Female,0,1,1,16,1,0,No,0,0,0,0,0,0,Month-to-month,0,Mailed check,19.35,275.9,0.636094675
2097-YVPKN,0,Male,0,0,0,65,1,1,No,0,0,0,0,0,0,Two year,0,Mailed check,25.75,1654.75,0.846482577
2100-BDNSN,1,Female,0,1,0,5,1,1,DSL,0,0,1,1,1,0,Month-to-month,0,Bank transfer (automatic),67.95,350.3,2.233727811
2101-RANCD,0,Female,0,0,0,55,1,1,Fiber optic,0,0,0,0,0,0,Month-to-month,1,Electronic check,73.1,4144.9,2.403024326
2103-ZRXFN,0,Male,0,0,0,1,1,1,DSL,0,0,0,0,0,0,Month-to-month,0,Mailed check,50.75,50.75,1.668310322
2105-PHWON,0,Female,0,1,0,33,1,1,Fiber optic,0,0,1,1,0,1,Month-to-month,1,Credit card (automatic),95,3008.15,3.122945431
2107-FBPTK,0,Female,1,0,0,30,1,1,Fiber optic,0,1,1,0,1,1,Month-to-month,1,Electronic check,104.1,3121.1,3.42209073
2108-GLPQB,0,Male,0,1,0,25,1,1,DSL,0,0,1,0,0,0,Month-to-month,0,Credit card (automatic),55.55,1405.3,1.826101249
2108-XWMPY,1,Male,0,0,0,3,0,0,DSL,1,1,0,0,0,0,Month-to-month,1,Mailed check,35.45,106.85,1.165351742
2108-YKQTY,1,Female,0,0,0,4,1,0,DSL,0,1,0,0,0,0,Month-to-month,0,Credit card (automatic),50.7,151.3,1.666666667
2111-DWYHN,0,Male,0,0,0,1,1,0,No,0,0,0,0,0,0,Month-to-month,0,Mailed check,21.1,21.1,0.693622617
2114-MGINA,1,Female,0,0,0,14,1,0,Fiber optic,0,0,0,0,1,1,Month-to-month,1,Mailed check,89.8,1129.1,2.95200526
2115-BFTIW,1,Male,0,0,0,25,1,0,Fiber optic,0,0,0,0,0,0,Month-to-month,0,Mailed check,70.95,1767.35,2.33234714
2120-SMPEX,0,Male,0,0,0,25,1,0,No,0,0,0,0,0,0,Month-to-month,1,Mailed check,20.15,536.35,0.662393162
2121-JAFOM,0,Female,0,1,0,72,1,1,Fiber optic,1,1,1,1,1,1,Two year,1,Credit card (automatic),115.55,8312.4,3.798487837
2122-SZZZD,0,Male,0,0,0,44,1,0,No,0,0,0,0,0,0,One year,0,Credit card (automatic),19.5,835.5,0.641025641
2122-YWVYA,0,Female,0,0,0,18,1,0,Fiber optic,1,0,0,0,0,0,Month-to-month,1,Electronic check,75.4,1380.4,2.478632479
2123-AGEEN,0,Female,1,0,0,7,1,0,Fiber optic,0,0,1,0,1,0,Month-to-month,1,Electronic check,84.35,609.65,2.772846811
2123-VSCOT,0,Female,0,1,1,59,1,1,DSL,0,0,1,1,1,0,Two year,1,Bank transfer (automatic),72.1,4194.85,2.370151216
2126-GSEGL,0,Female,0,1,0,70,1,1,DSL,0,1,1,1,1,1,Two year,1,Bank transfer (automatic),84.8,5917.55,2.787639711
2129-ALKBS,0,Female,0,1,1,40,1,1,No,0,0,0,0,0,0,Month-to-month,1,Electronic check,26.2,1077.5,0.861275477
2133-TSRRM,0,Female,0,0,1,34,1,0,Fiber optic,1,1,1,0,1,1,Month-to-month,1,Bank transfer (automatic),105.35,3688.6,3.463182117
2135-DQWAQ,0,Female,0,0,0,5,1,0,Fiber optic,0,1,0,0,1,0,Month-to-month,1,Mailed check,85.3,420.45,2.804076266
2135-RXIHG,1,Male,0,0,0,1,1,0,DSL,0,0,0,0,0,0,Month-to-month,1,Electronic check,45.65,45.65,1.500657462
2137-DQMEV,0,Male,0,1,1,68,0,0,DSL,1,1,0,0,1,0,One year,0,Mailed check,44.8,2983.65,1.472715319
2138-VFAPZ,0,Female,0,1,1,14,1,0,No,0,0,0,0,0,0,Two year,1,Mailed check,19.7,263.65,0.647600263
2139-FQHLM,0,Male,0,0,0,19,1,0,Fiber optic,0,0,1,1,1,0,Month-to-month,0,Mailed check,89.95,1682.4,2.956936226
2141-RRYGO,1,Female,0,0,0,4,1,0,DSL,0,1,0,0,1,1,Month-to-month,1,Bank transfer (automatic),68.65,261.25,2.256738988
2143-LJULT,0,Female,0,1,0,67,1,1,No,0,0,0,0,0,0,Two year,1,Credit card (automatic),25.25,1733.15,0.830046022
2144-BFDSO,0,Female,1,1,0,50,1,1,Fiber optic,1,1,1,0,1,1,Month-to-month,0,Bank transfer (automatic),108.75,5431.9,3.57495069
2144-ESWKO,0,Male,0,0,0,43,0,0,DSL,1,0,1,0,0,0,One year,1,Credit card (automatic),35.2,1463.7,1.157133465
2146-EGVDT,0,Male,0,1,1,59,1,0,No,0,0,0,0,0,0,Two year,0,Credit card (automatic),19.3,1192.7,0.634451019
2150-OEGBV,0,Male,0,0,0,27,1,0,No,0,0,0,0,0,0,One year,0,Bank transfer (automatic),20.1,562.6,0.660749507
2150-UWTFY,1,Female,0,1,1,22,1,0,DSL,1,1,1,0,0,0,Month-to-month,0,Mailed check,61.15,1422.05,2.010190664
2150-WLKUW,0,Female,0,1,0,40,1,1,DSL,0,1,0,0,1,0,One year,0,Bank transfer (automatic),63.9,2635,2.100591716
2153-MREFK,1,Female,0,1,0,37,1,1,Fiber optic,1,0,1,1,0,1,One year,1,Electronic check,99.2,3754.6,3.261012492
2154-KVJFF,1,Female,0,0,0,15,1,1,Fiber optic,0,1,0,0,0,0,Month-to-month,1,Electronic check,79.75,1111.85,2.621630506
2155-AMQRX,0,Female,0,0,0,28,1,1,DSL,0,0,0,1,0,0,Month-to-month,1,Credit card (automatic),54.9,1505.15,1.804733728
2157-MXBJS,1,Male,0,1,0,13,1,1,DSL,0,0,1,0,1,1,One year,1,Mailed check,75.3,989.45,2.475345168
2159-TURXX,0,Male,0,0,0,5,1,0,No,0,0,0,0,0,0,Month-to-month,0,Credit card (automatic),20.05,95.55,0.659105851
2160-GPFXD,0,Male,0,1,1,54,1,1,DSL,1,1,0,1,0,0,Two year,1,Credit card (automatic),65.65,3566.7,2.158119658
2162-FRZAA,0,Male,0,1,1,63,0,0,DSL,0,1,1,1,0,0,Two year,0,Bank transfer (automatic),39.35,2395.05,1.29355687
2164-SOQXL,0,Female,0,1,1,20,1,0,No,0,0,0,0,0,0,Month-to-month,0,Mailed check,20.05,406.05,0.659105851
2165-VOEGB,1,Female,0,0,1,46,1,0,Fiber optic,1,1,0,1,1,1,One year,1,Bank transfer (automatic),105.2,4822.85,3.458251151
2167-FQSTQ,0,Female,0,1,0,72,1,1,DSL,1,1,1,1,1,1,Two year,1,Electronic check,92.4,6786.1,3.037475345
2169-RRLFW,0,Female,0,1,0,71,1,1,No,0,0,0,0,0,0,Two year,0,Credit card (automatic),25.6,1888.25,0.841551611
2171-UDMFD,0,Male,0,1,1,32,1,0,No,0,0,0,0,0,0,Month-to-month,1,Credit card (automatic),19.45,674.55,0.639381986
2172-EJXVF,0,Female,1,0,0,71,1,1,Fiber optic,0,1,1,0,1,1,One year,1,Electronic check,105.9,7521.95,3.481262327
2176-LVPNX,0,Female,1,0,0,71,1,1,DSL,1,1,1,1,1,1,Two year,0,Mailed check,89.85,6293.45,2.953648915
2176-OSJUV,0,Male,0,1,0,71,1,1,DSL,1,1,0,1,0,0,Two year,0,Bank transfer (automatic),65.15,4681.75,2.141683103
2178-PMGCJ,0,Male,0,0,0,22,1,0,Fiber optic,0,0,0,0,0,0,Month-to-month,1,Mailed check,69.7,1490.4,2.291255753
2180-DXNEG,1,Female,0,0,0,12,1,0,Fiber optic,0,0,1,0,1,1,Month-to-month,1,Electronic check,96,1062.1,3.15581854
2181-TIDSV,0,Male,0,1,1,68,1,0,No,0,0,0,0,0,0,Two year,1,Bank transfer (automatic),19.95,1303.25,0.65581854
2181-UAESM,0,Male,0,0,0,2,1,0,DSL,1,0,1,0,0,0,Month-to-month,0,Electronic check,53.45,119.5,1.757067719
2186-QZEYA,0,Female,1,0,0,29,1,1,DSL,1,1,0,0,0,0,Month-to-month,1,Bank transfer (automatic),58.55,1718.95,1.924720579
2187-LZGPL,1,Female,0,0,0,7,0,0,DSL,0,1,0,0,0,1,Month-to-month,1,Credit card (automatic),40.1,293.3,1.318211703
2187-PKZAY,0,Male,0,0,0,12,1,0,Fiber optic,0,0,0,0,0,1,Month-to-month,1,Bank transfer (automatic),79.95,1043.4,2.628205128
2188-SXWVT,0,Female,0,0,0,34,1,0,DSL,1,1,0,0,0,0,One year,0,Mailed check,55,1885.15,1.808021039
2189-UXTKY,1,Female,0,1,0,22,1,1,DSL,1,0,0,1,1,1,Month-to-month,1,Electronic check,79.2,1742.75,2.603550296
2189-WWOEW,1,Female,0,0,1,15,1,0,Fiber optic,0,1,0,0,0,1,Month-to-month,1,Bank transfer (automatic),85.9,1269.55,2.823800131
2190-BCXEC,0,Female,0,1,0,40,1,1,Fiber optic,0,0,0,1,0,0,Month-to-month,1,Credit card (automatic),78.85,3126.85,2.592044707
2190-PHBHR,0,Female,0,1,0,72,1,1,Fiber optic,1,1,0,0,0,1,Two year,1,Credit card (automatic),94.45,6921.7,3.10486522
2192-CKRLV,0,Female,0,1,0,72,0,0,DSL,1,1,1,0,0,1,Two year,1,Electronic check,49.2,3580.95,1.617357002
2192-OZITF,0,Female,0,0,0,45,1,1,DSL,1,0,0,1,0,1,Two year,0,Mailed check,73.55,3349.1,2.417817226
2193-SFWQW,0,Male,0,1,1,72,1,0,Fiber optic,1,1,1,1,1,1,Two year,0,Bank transfer (automatic),111.95,8033.1,3.680144642
2194-IIQOF,0,Female,0,1,0,71,1,1,DSL,1,1,1,1,1,1,Two year,0,Credit card (automatic),89.3,6388.65,2.935568705
2195-VVRJF,0,Male,1,1,0,18,1,0,DSL,1,0,0,0,0,1,Month-to-month,1,Credit card (automatic),59.1,1011.05,1.942800789
2195-ZRVAX,1,Female,0,1,0,47,1,0,Fiber optic,0,0,1,0,0,1,Month-to-month,1,Electronic check,85.3,4045.65,2.804076266
2197-OMWGI,0,Female,1,1,1,68,0,0,DSL,0,1,1,0,1,1,Two year,1,Electronic check,53,3656.25,1.742274819
2200-DSAAL,0,Female,0,0,0,68,1,1,DSL,0,1,1,0,1,1,Two year,1,Electronic check,80.65,5330.2,2.651216305
2202-CUYXZ,1,Male,0,0,0,1,1,0,Fiber optic,0,0,1,0,1,0,Month-to-month,1,Electronic check,84.85,84.85,2.789283366
2202-OUTMO,0,Female,0,1,0,34,1,1,DSL,1,0,0,1,0,0,Month-to-month,1,Bank transfer (automatic),60.85,2003.6,2.000328731
2203-GHNWN,0,Female,0,1,0,24,1,1,Fiber optic,0,0,1,0,0,0,Month-to-month,1,Mailed check,79.65,1928.7,2.618343195
2205-LPVGL,0,Male,1,1,1,58,1,1,Fiber optic,1,1,0,1,0,0,One year,1,Bank transfer (automatic),89.85,5125.75,2.953648915
2205-YMZZJ,1,Male,1,0,0,7,1,1,Fiber optic,0,0,0,0,1,0,Month-to-month,1,Electronic check,84.8,546.95,2.787639711
2207-NHRJK,1,Male,0,0,0,1,1,0,DSL,0,1,0,0,0,0,Month-to-month,0,Electronic check,50.8,50.8,1.669953978
2207-OBZNX,1,Male,0,0,0,7,1,0,DSL,1,0,0,0,0,0,Month-to-month,1,Mailed check,51,354.05,1.6765286
2207-QPJED,0,Female,1,1,0,37,1,0,Fiber optic,0,0,1,1,1,0,Month-to-month,0,Electronic check,90,3371.75,2.958579882
2207-RYYRL,0,Male,0,1,1,52,1,1,No,0,0,0,0,0,0,Two year,0,Mailed check,24.55,1331.05,0.807034845
2208-MPXIO,0,Female,0,1,1,45,1,0,No,0,0,0,0,0,0,Two year,1,Bank transfer (automatic),20,886.4,0.657462196
2208-NKVVH,0,Male,0,1,1,43,1,1,No,0,0,0,0,0,0,Two year,0,Mailed check,24.25,1077.95,0.797172913
2208-NQBCT,0,Female,0,1,1,26,1,0,Fiber optic,1,1,0,0,0,0,Month-to-month,0,Electronic check,81.95,2070.05,2.693951348
2208-UGTGR,0,Male,0,0,0,56,1,1,Fiber optic,0,1,0,0,1,1,Month-to-month,0,Electronic check,98.6,5581.05,3.241288626
2209-XADXF,0,Female,0,0,0,1,0,0,DSL,0,0,0,0,0,0,Month-to-month,0,Bank transfer (automatic),25.25,25.25,0.830046022
2211-RMNHO,0,Female,0,1,1,68,1,1,DSL,0,1,1,1,1,1,Two year,0,Bank transfer (automatic),85.3,5560,2.804076266
2212-LYASK,0,Male,0,1,1,27,0,0,DSL,0,1,1,0,0,1,One year,1,Credit card (automatic),45.85,1246.4,1.507232084
2215-ZAFGX,0,Male,0,0,0,9,1,1,Fiber optic,0,0,0,0,1,0,Month-to-month,1,Electronic check,85.5,791.7,2.810650888
2219-MVUSO,1,Male,0,0,0,8,1,0,DSL,0,0,0,0,0,0,Month-to-month,1,Mailed check,45.15,438.4,1.484220907
2220-IAHLS,0,Female,0,0,0,1,1,0,No,0,0,0,0,0,0,Month-to-month,0,Credit card (automatic),19.4,19.4,0.63773833
2223-GDSHL,0,Male,0,1,1,71,1,1,Fiber optic,1,1,1,1,1,1,Two year,1,Bank transfer (automatic),116.05,8297.5,3.814924392
2223-KAGMX,1,Female,0,0,0,15,1,0,No,0,0,0,0,0,0,Month-to-month,0,Bank transfer (automatic),19.4,289.3,0.63773833
2225-ZRGSG,1,Female,0,1,1,70,1,1,Fiber optic,1,1,1,1,0,0,Two year,0,Bank transfer (automatic),93.9,6579.05,3.08678501
2226-ICFDO,0,Female,0,1,1,72,1,1,DSL,1,0,1,1,1,1,Two year,1,Credit card (automatic),85.9,6110.75,2.823800131
2227-JRSJX,0,Female,0,0,0,21,1,0,Fiber optic,0,1,0,1,1,1,Month-to-month,1,Bank transfer (automatic),99.15,1956.4,3.259368836
2228-BZDEE,0,Female,0,0,0,54,1,0,No,0,0,0,0,0,0,Two year,0,Mailed check,20.1,1079.45,0.660749507
2229-DPMBI,0,Female,0,1,1,8,1,0,No,0,0,0,0,0,0,Two year,0,Mailed check,19.5,162.15,0.641025641
2229-VWQJH,0,Female,0,0,0,24,1,0,DSL,0,0,1,0,0,0,Month-to-month,1,Credit card (automatic),49.3,1233.25,1.620644313
2230-XTUWL,0,Female,0,1,1,48,1,0,No,0,0,0,0,0,0,Two year,0,Mailed check,19.55,883.35,0.642669297
2232-DMLXU,1,Female,0,1,0,1,1,0,DSL,0,0,0,0,1,0,Month-to-month,0,Mailed check,55.2,55.2,1.814595661
2233-FAGXV,0,Female,0,1,1,5,1,1,No,0,0,0,0,0,0,Month-to-month,1,Mailed check,24.3,132.25,0.798816568
2233-TXSIU,0,Male,0,1,1,17,0,0,DSL,1,0,1,0,1,0,One year,0,Credit card (automatic),44.45,792.15,1.46120973
2234-EOFPT,0,Male,0,1,0,72,1,0,DSL,1,1,0,1,1,1,Two year,1,Bank transfer (automatic),79.35,5753.25,2.608481262
2234-XADUH,0,Female,0,1,1,72,1,1,Fiber optic,0,1,1,0,1,1,One year,1,Credit card (automatic),103.2,7362.9,3.392504931
2235-DWLJU,0,Female,1,0,0,6,0,0,DSL,0,0,0,0,1,1,Month-to-month,1,Electronic check,44.4,263.05,1.459566075
2235-EZAIK,0,Female,0,1,0,72,1,1,DSL,1,1,1,1,1,0,Two year,0,Credit card (automatic),79.2,5401.9,2.603550296
2235-ZGKPT,1,Female,0,1,1,4,1,1,DSL,0,0,0,0,0,0,Month-to-month,0,Mailed check,50.85,239.55,1.671597633
2236-HILPA,0,Male,0,1,1,62,1,0,No,0,0,0,0,0,0,Two year,0,Credit card (automatic),20.65,1218.45,0.678829717
2237-ZFSMY,1,Female,0,0,0,39,1,0,Fiber optic,1,0,1,1,1,0,One year,1,Electronic check,95.55,3692.85,3.141025641
2239-CFOUJ,0,Male,0,1,1,1,1,0,No,0,0,0,0,0,0,One year,0,Mailed check,20.4,20.4,0.67061144
2239-CGBUZ,0,Female,0,1,0,51,1,0,DSL,1,1,0,1,0,0,One year,1,Bank transfer (automatic),60.5,3145.15,1.988823143
2239-JALAW,1,Male,0,0,0,58,1,1,Fiber optic,0,1,1,0,1,1,One year,1,Bank transfer (automatic),103.25,6017.65,3.394148586
2240-HSJQD,0,Male,0,0,1,38,1,1,Fiber optic,0,1,0,0,0,0,Month-to-month,1,Mailed check,81.85,3141.7,2.690664037
2242-MFOTG,0,Male,0,0,0,33,1,1,Fiber optic,1,0,0,0,0,0,One year,0,Bank transfer (automatic),80.1,2603.3,2.633136095
2243-FNMMI,0,Male,0,0,0,20,1,0,No,0,0,0,0,0,0,Month-to-month,0,Mailed check,19.4,415.4,0.63773833
2245-ADZFJ,0,Female,0,1,1,31,1,1,DSL,0,1,0,1,1,1,Two year,0,Bank transfer (automatic),80.55,2471.6,2.647928994
2249-YPRNG,1,Female,0,1,1,20,1,1,Fiber optic,0,1,1,0,1,1,Month-to-month,1,Bank transfer (automatic),105.85,2239.65,3.479618672
2250-IVBWA,0,Male,0,1,1,64,1,0,Fiber optic,1,1,0,0,0,0,Month-to-month,0,Electronic check,81.05,5135.35,2.664365549
2251-PYLPB,0,Male,0,1,0,72,1,1,DSL,1,1,1,1,0,1,Two year,0,Credit card (automatic),79.55,5810.9,2.615055884
2252-ISRNH,0,Male,0,1,1,9,1,1,Fiber optic,0,0,1,0,1,0,One year,1,Electronic check,90.35,767.9,2.97008547
2252-JHJGE,0,Male,0,0,0,61,1,1,Fiber optic,1,0,1,0,1,1,One year,0,Electronic check,104,6363.45,3.418803419
2252-NKNSI,0,Male,0,0,1,52,1,1,DSL,1,1,0,1,1,1,Two year,1,Mailed check,85.15,4461.85,2.799145299
2253-KPMNB,0,Female,0,1,1,69,0,0,DSL,1,1,1,1,0,0,Two year,0,Bank transfer (automatic),46.25,3121.4,1.520381328
2254-DLXRI,0,Female,0,0,0,1,1,1,Fiber optic,0,1,0,0,0,0,Month-to-month,1,Mailed check,79.15,79.15,2.60190664
2256-YLYLP,0,Male,0,1,1,68,1,0,DSL,0,0,1,1,1,1,Two year,1,Bank transfer (automatic),72.95,4953.25,2.39809336
2257-BOVXD,0,Male,0,1,0,14,1,1,DSL,0,0,0,1,1,0,Month-to-month,1,Credit card (automatic),66.6,979.5,2.189349112
2259-OUUSZ,0,Male,0,0,0,7,0,0,DSL,0,0,1,1,0,0,One year,1,Credit card (automatic),35.5,249.55,1.166995398
2260-USTRB,1,Female,1,0,0,2,1,0,Fiber optic,0,0,0,0,0,0,Month-to-month,1,Bank transfer (automatic),70.2,115.95,2.307692308
2262-SLNVK,0,Female,0,0,0,1,1,0,Fiber optic,0,0,0,0,0,0,Month-to-month,0,Electronic check,70.1,70.1,2.304404997
2263-SFSQZ,0,Male,0,1,1,51,1,1,No,0,0,0,0,0,0,Two year,1,Mailed check,24.95,1222.25,0.820184089
2265-CYWIV,1,Female,1,1,0,4,1,1,Fiber optic,1,0,0,0,1,1,Month-to-month,1,Electronic check,99.6,347.65,3.274161736
2266-FUBDZ,0,Male,0,1,1,15,1,0,No,0,0,0,0,0,0,Two year,0,Mailed check,19.35,278.85,0.636094675
2266-SJNAT,0,Female,0,1,0,72,1,1,Fiber optic,0,1,1,1,1,1,One year,0,Credit card (automatic),109.15,7789.6,3.588099934
2267-FPIMA,0,Male,0,1,0,50,1,1,Fiber optic,1,1,0,0,0,1,Month-to-month,1,Credit card (automatic),94.4,4914.9,3.103221565
2267-WTPYD,0,Female,1,1,0,57,1,1,Fiber optic,0,1,1,0,0,1,Month-to-month,0,Credit card (automatic),94,5438.95,3.090072321
2270-CHBFN,0,Female,0,1,0,44,1,1,Fiber optic,1,1,1,1,0,0,Month-to-month,1,Credit card (automatic),95.1,4060.55,3.126232742
2272-JKMSI,0,Female,0,1,1,62,1,1,Fiber optic,0,1,1,1,1,1,One year,1,Electronic check,110.8,6840.95,3.642340565
2272-QAGFO,1,Female,1,0,0,14,1,1,Fiber optic,0,0,0,0,0,0,Month-to-month,1,Electronic check,74.3,1096.25,2.442472058
2272-UOINI,0,Female,0,0,0,7,1,0,DSL,1,1,0,1,1,1,Month-to-month,1,Electronic check,78.5,571.05,2.580539119
2272-WUSPA,0,Female,0,1,0,72,1,1,Fiber optic,1,1,1,0,1,1,Two year,1,Electronic check,110.75,7751.7,3.64069691
2273-QCKXA,0,Male,0,0,0,1,1,0,DSL,0,0,0,1,0,0,Month-to-month,0,Mailed check,49.05,49.05,1.612426036
2274-XUATA,0,Male,1,1,0,72,0,0,DSL,1,1,1,1,1,1,Two year,1,Bank transfer (automatic),63.1,4685.55,2.074293228
2275-RBYQS,0,Female,0,0,0,1,1,0,DSL,0,0,0,0,0,0,Month-to-month,1,Mailed check,45.4,45.4,1.492439185
2276-YDAVZ,1,Female,0,0,0,3,1,1,Fiber optic,0,0,0,0,0,0,Month-to-month,1,Credit card (automatic),75.1,270.7,2.468770546
2277-AXSDC,0,Female,0,0,0,32,1,0,No,0,0,0,0,0,0,One year,0,Bank transfer (automatic),19.75,624.15,0.649243918
2277-BKJKN,0,Female,1,1,0,71,1,0,Fiber optic,0,1,1,0,1,1,Two year,1,Electronic check,99.2,7213.75,3.261012492
2277-DJJDL,0,Male,1,1,0,60,1,1,Fiber optic,0,0,0,1,1,1,Month-to-month,1,Electronic check,99,6017.9,3.25443787
2277-VWCNI,0,Female,1,0,0,4,1,1,DSL,0,0,0,0,0,0,Month-to-month,0,Mailed check,48.75,179.85,1.602564103
2279-AXJJK,0,Male,0,1,0,52,1,1,Fiber optic,0,1,0,1,0,1,Month-to-month,1,Credit card (automatic),95.65,5088.4,3.144312952
2282-YGNOR,0,Female,0,0,0,29,1,0,DSL,1,0,1,1,0,0,One year,0,Credit card (automatic),58,1734.5,1.906640368
2284-VFLKH,0,Male,0,1,0,49,1,0,Fiber optic,0,0,1,1,1,1,One year,1,Credit card (automatic),99.25,4920.8,3.262656147
2292-XQWSV,0,Male,0,1,1,40,0,0,DSL,0,1,1,1,1,1,One year,0,Mailed check,60.3,2448.5,1.982248521
2293-IJWPS,0,Female,0,1,0,57,1,1,Fiber optic,0,0,1,0,1,1,One year,1,Credit card (automatic),100.75,5985,3.311965812
2294-DMMUS,0,Female,0,1,1,62,1,1,DSL,0,0,0,0,1,1,Month-to-month,1,Credit card (automatic),70.45,4300.45,2.315910585
2294-SALNE,0,Male,0,1,1,23,1,0,Fiber optic,0,1,1,1,0,0,One year,0,Mailed check,86.8,1940.8,2.85338593
2296-DKZFP,0,Female,0,1,0,65,1,0,DSL,1,1,1,0,0,1,Two year,0,Bank transfer (automatic),71,4386.2,2.333990796
2300-RQGOI,0,Female,0,0,0,38,1,0,No,0,0,0,0,0,0,Two year,0,Mailed check,20.05,741.5,0.659105851
2302-ANTDP,1,Female,1,1,0,48,1,1,Fiber optic,1,1,1,1,1,1,Month-to-month,0,Electronic check,117.45,5438.9,3.860946746
2302-OUZXB,0,Male,0,1,0,72,1,1,DSL,0,1,1,0,1,1,Two year,0,Bank transfer (automatic),82.15,5784.3,2.70052597
2303-PJYHN,0,Female,0,1,0,2,1,0,No,0,0,0,0,0,0,Month-to-month,0,Bank transfer (automatic),19.85,52,0.652531229
2305-MRGLV,0,Male,0,1,0,28,1,0,Fiber optic,0,0,0,1,0,0,Month-to-month,0,Bank transfer (automatic),76.55,2065.4,2.516436555
2307-FYNNL,0,Male,1,0,0,65,1,1,Fiber optic,1,0,1,1,1,1,Two year,1,Electronic check,109.05,7108.2,3.584812623
2308-STERM,0,Female,0,0,0,2,1,0,No,0,0,0,0,0,0,Month-to-month,0,Mailed check,19.4,61.05,0.63773833
2309-OSFEU,1,Male,0,0,0,10,0,0,DSL,0,0,0,0,0,1,Month-to-month,1,Mailed check,33.9,298.45,1.114398422
2311-QYMUQ,1,Female,0,1,1,16,1,0,Fiber optic,0,1,1,0,1,0,Month-to-month,1,Credit card (automatic),89.45,1430.25,2.940499671
2314-TNDJQ,0,Female,0,1,1,72,0,0,DSL,1,1,1,1,0,1,Two year,0,Credit card (automatic),55.65,3880.05,1.82938856
2316-ESMLS,0,Female,0,1,1,12,0,0,DSL,1,0,0,1,0,0,One year,0,Credit card (automatic),33.15,444.75,1.08974359
2320-JRSDE,1,Female,0,1,1,1,1,0,No,0,0,0,0,0,0,Month-to-month,1,Electronic check,19.9,19.9,0.654174885
2320-SLKMB,0,Female,0,0,0,26,0,0,DSL,0,0,1,1,1,0,Month-to-month,1,Credit card (automatic),44.45,1183.8,1.46120973
2320-TZRRH,0,Female,0,0,0,20,1,0,No,0,0,0,0,0,0,One year,0,Mailed check,19.5,403.15,0.641025641
2320-YKQBO,0,Female,0,0,0,7,1,0,No,0,0,0,0,0,0,Month-to-month,0,Mailed check,19.3,144.95,0.634451019
2321-OMBXY,1,Female,0,1,1,38,1,0,DSL,1,1,0,1,1,1,One year,0,Credit card (automatic),80.3,3058.65,2.639710717
2322-VCZHZ,0,Male,1,1,0,23,1,0,Fiber optic,1,1,0,0,0,1,Month-to-month,1,Electronic check,90,2024.1,2.958579882
2323-ARSVR,0,Male,0,1,0,67,1,0,Fiber optic,1,1,1,1,1,1,Two year,1,Electronic check,111.05,7321.05,3.650558843
2324-AALNO,0,Female,0,0,0,48,1,1,No,0,0,0,0,0,0,One year,0,Bank transfer (automatic),24.55,1203.95,0.807034845
2324-EFHVG,0,Male,0,0,0,64,1,1,Fiber optic,0,1,1,0,1,1,Two year,1,Bank transfer (automatic),104.4,6692.65,3.431952663
2325-NBPZG,0,Female,0,0,0,3,1,0,Fiber optic,1,0,0,0,0,0,Month-to-month,1,Electronic check,74.55,233.65,2.450690335
2325-WINES,0,Female,0,0,0,32,1,1,Fiber optic,0,1,1,0,1,1,One year,1,Credit card (automatic),104.05,3416.85,3.420447074
2325-ZUSFD,1,Female,0,1,1,57,1,0,DSL,1,0,0,0,1,1,One year,1,Bank transfer (automatic),70.1,3913.3,2.304404997
2330-PQGDQ,0,Male,0,1,1,51,1,1,Fiber optic,0,1,0,1,0,0,One year,0,Bank transfer (automatic),84.2,4299.75,2.767915845
2332-EFBJY,1,Male,0,0,0,16,1,0,No,0,0,0,0,0,0,Month-to-month,1,Mailed check,19.7,342.4,0.647600263
2332-TODQS,0,Female,0,0,0,48,1,1,No,0,0,0,0,0,0,One year,0,Credit card (automatic),25.05,1171.5,0.8234714
2333-KWEWW,0,Male,0,0,0,18,1,0,No,0,0,0,0,0,0,Two year,0,Credit card (automatic),20.05,388.6,0.659105851
2335-GSODA,0,Male,0,0,1,23,0,0,DSL,1,0,1,1,0,0,Two year,0,Mailed check,40.1,857.75,1.318211703
2338-BQEZT,0,Female,0,0,0,55,1,0,DSL,1,0,0,0,0,0,Month-to-month,1,Credit card (automatic),50.55,2832.75,1.6617357
2342-CKIAO,0,Female,0,0,0,2,1,0,No,0,0,0,0,0,0,Month-to-month,0,Mailed check,20.3,41.2,0.667324129
2344-JMOGN,1,Male,0,1,0,9,1,0,Fiber optic,0,1,1,1,1,0,Month-to-month,1,Mailed check,94.85,890.6,3.118014464
2346-CZYIL,0,Male,0,0,0,27,1,0,No,0,0,0,0,0,0,Two year,0,Credit card (automatic),20.35,531.6,0.668967784
2346-DJQTB,0,Female,0,0,0,35,0,0,DSL,0,0,0,0,0,0,Month-to-month,0,Electronic check,24.15,812.5,0.793885602
2346-LOCWC,0,Female,0,1,1,58,1,0,No,0,0,0,0,0,0,Two year,0,Credit card (automatic),20.5,1191.4,0.673898751
2347-WKKAE,0,Male,0,1,0,42,1,1,Fiber optic,1,0,1,0,0,1,Month-to-month,1,Electronic check,94.4,4014.6,3.103221565
2348-KCJLT,0,Female,0,1,0,44,1,0,DSL,1,1,1,0,0,0,One year,1,Mailed check,61.5,2722.2,2.021696252
2351-BKRZW,0,Female,0,1,1,43,1,0,DSL,1,0,1,0,1,1,Two year,0,Bank transfer (automatic),75.2,3254.35,2.472057857
2351-RRBUE,0,Female,0,1,1,7,1,0,No,0,0,0,0,0,0,One year,0,Mailed check,20.65,134.05,0.678829717
2357-COQEK,1,Female,1,0,0,28,1,1,Fiber optic,0,0,1,1,1,1,Month-to-month,1,Electronic check,103.3,2890.65,3.395792242
2359-KLTEK,0,Female,0,1,1,41,1,0,Fiber optic,0,0,1,0,1,1,Month-to-month,1,Bank transfer (automatic),94.9,3848,3.11965812
2359-KMGLI,1,Male,0,0,0,24,1,1,Fiber optic,0,1,0,0,0,0,Month-to-month,1,Electronic check,80.25,1861.5,2.638067061
2359-QWQUL,1,Female,0,1,0,39,1,0,Fiber optic,1,0,1,1,1,1,One year,1,Credit card (automatic),104.7,4134.85,3.441814596
2360-RDGRO,0,Male,0,1,0,65,1,1,Fiber optic,1,0,1,0,1,1,Month-to-month,1,Electronic check,104.25,6812.95,3.427021696
2361-FJWNO,0,Male,0,0,0,40,0,0,DSL,0,1,0,1,0,0,One year,0,Credit card (automatic),36,1382.9,1.183431953
2361-UPSND,0,Female,0,1,0,46,1,0,DSL,1,1,0,1,0,1,One year,0,Mailed check,70.6,3231.05,2.320841552
2362-IBOOY,1,Male,0,0,0,36,1,1,Fiber optic,0,0,0,0,0,1,Month-to-month,1,Electronic check,84.75,3050.15,2.785996055
2363-BJLSL,0,Male,0,0,0,62,1,0,DSL,0,1,1,1,1,1,Month-to-month,1,Bank transfer (automatic),80.4,4981.15,2.642998028
2364-UFROM,0,Male,0,0,0,30,1,0,DSL,1,1,0,1,1,0,One year,0,Electronic check,70.4,2044.75,2.31426693
2368-GAKKQ,0,Female,0,0,0,70,1,1,Fiber optic,1,1,1,1,1,1,Two year,1,Bank transfer (automatic),113.65,7939.25,3.736028928
2369-FEVNO,0,Male,0,0,0,1,1,0,No,0,0,0,0,0,0,Month-to-month,1,Mailed check,19.9,19.9,0.654174885
2369-UAPKZ,1,Male,0,0,0,5,1,1,Fiber optic,0,1,1,0,1,1,Month-to-month,0,Mailed check,104.1,541.9,3.42209073
2371-JQHZZ,0,Male,0,1,0,24,1,1,Fiber optic,0,0,0,0,1,1,Month-to-month,1,Electronic check,93,2248.05,3.057199211
2371-JUNGC,0,Male,0,0,0,11,1,0,No,0,0,0,0,0,0,Month-to-month,0,Mailed check,20.25,208,0.665680473
2371-KFUOG,0,Male,0,0,0,58,1,0,Fiber optic,1,1,0,0,1,1,One year,0,Bank transfer (automatic),99.15,5720.95,3.259368836
2372-HWUHI,1,Male,0,0,0,2,1,0,DSL,0,0,0,0,0,0,Month-to-month,0,Electronic check,44.35,81.25,1.457922419
2373-NTKOD,0,Male,0,0,0,8,1,0,DSL,0,0,0,0,1,1,Month-to-month,1,Electronic check,66.25,546.45,2.177843524
2378-HTWFW,0,Male,1,0,0,35,1,1,Fiber optic,1,0,0,0,0,1,Month-to-month,0,Credit card (automatic),91,3180.5,2.991452991
2378-VTKDH,0,Male,1,1,0,65,1,1,Fiber optic,0,1,1,0,1,1,Month-to-month,1,Electronic check,104.35,6578.55,3.430309007
2378-YIZKA,0,Female,0,1,1,68,1,0,DSL,1,1,1,1,1,1,Two year,1,Credit card (automatic),85,5607.75,2.794214333
2379-ENZGV,1,Male,0,0,0,6,1,0,Fiber optic,0,1,0,0,1,0,Month-to-month,1,Electronic check,84.85,523.5,2.789283366
2379-GYFLQ,0,Male,0,0,0,46,1,1,Fiber optic,0,1,1,0,1,0,One year,1,Credit card (automatic),94.9,4422.95,3.11965812
2380-DAMQP,0,Female,0,1,0,72,1,1,Fiber optic,1,1,1,1,1,1,Two year,0,Electronic check,115.15,8349.7,3.785338593
2382-BCKQJ,1,Female,0,0,1,62,1,1,Fiber optic,0,0,1,0,1,1,One year,1,Electronic check,100.15,6413.65,3.292241946
2384-OVPSA,0,Female,1,0,0,38,1,0,No,0,0,0,0,0,0,Two year,0,Mailed check,20.2,735.9,0.664036818
2386-LAHRK,1,Male,0,0,0,1,1,0,DSL,0,0,0,0,1,0,Month-to-month,1,Mailed check,53.5,53.5,1.758711374
2386-OWURY,0,Female,0,0,0,58,1,0,Fiber optic,0,0,0,1,1,1,Month-to-month,1,Electronic check,95.3,5817.7,3.132807364
2387-KDZQY,0,Male,0,0,0,17,1,0,No,0,0,0,0,0,0,One year,1,Mailed check,20.1,279.5,0.660749507
2388-LAESQ,0,Female,1,1,0,72,1,1,Fiber optic,1,1,1,1,1,1,Two year,1,Bank transfer (automatic),114.85,8317.95,3.77547666
2391-IPLOP,0,Male,0,1,1,50,1,1,DSL,0,0,1,1,1,0,One year,1,Electronic check,69.65,3442.15,2.289612097
2391-SOORI,1,Male,0,0,1,4,1,0,DSL,1,0,0,0,0,0,Month-to-month,0,Electronic check,49.35,219.65,1.622287968
2393-DIVAI,0,Female,0,0,0,3,1,0,No,0,0,0,0,0,0,Month-to-month,1,Mailed check,20,61.7,0.657462196
2397-BRLOM,1,Male,1,1,1,8,1,0,Fiber optic,0,0,0,0,1,0,Month-to-month,1,Credit card (automatic),80.45,583.45,2.644641683
2398-YPMUR,1,Female,1,1,0,13,1,0,Fiber optic,0,0,0,0,0,0,Month-to-month,1,Electronic check,70.15,916.75,2.306048652
2400-FEQME,0,Male,0,1,1,55,1,0,No,0,0,0,0,0,0,Two year,0,Mailed check,20.5,1177.95,0.673898751
2400-XIWIO,0,Female,0,1,0,71,1,1,DSL,1,1,1,1,1,1,Two year,0,Electronic check,90.1,6310.9,2.961867193
2402-TAIRZ,0,Female,0,0,0,37,1,0,Fiber optic,0,1,1,0,0,0,One year,0,Electronic check,80.05,3019.1,2.631492439
2403-BCASL,1,Male,1,1,1,41,1,1,Fiber optic,0,1,1,1,1,1,One year,1,Electronic check,111.95,4534.9,3.680144642
2404-JIBFC,0,Female,0,1,1,55,1,1,DSL,1,0,1,1,1,1,Two year,1,Bank transfer (automatic),85.1,4657.95,2.797501644
2405-LBMUW,0,Female,0,1,1,61,0,0,DSL,1,1,0,1,0,1,One year,1,Bank transfer (automatic),50.7,3088.75,1.666666667
2408-PSJVE,0,Male,0,1,1,44,1,0,DSL,0,1,1,1,0,0,Month-to-month,1,Mailed check,61.9,2924.05,2.034845496
2408-TZMJL,1,Male,0,1,0,59,1,1,Fiber optic,1,1,1,0,1,1,One year,1,Electronic check,110.15,6448.05,3.620973044
2408-WITXK,1,Female,1,0,0,10,0,0,DSL,0,0,0,0,0,1,Month-to-month,1,Electronic check,34.7,329.8,1.14069691
2410-CIYFZ,0,Male,0,0,1,2,1,0,No,0,0,0,0,0,0,Month-to-month,0,Mailed check,20.4,42.9,0.67061144
2418-TPEUN,0,Female,0,1,1,56,1,0,No,0,0,0,0,0,0,Two year,1,Credit card (automatic),19.8,1119.9,0.650887574
2419-FSORS,0,Male,0,1,0,72,1,1,Fiber optic,0,1,1,1,1,1,Two year,1,Electronic check,108.4,7719.5,3.563445102
2424-WVHPL,0,Male,1,0,0,1,1,0,Fiber optic,0,0,0,1,0,0,Month-to-month,0,Electronic check,74.7,74.7,2.455621302
2428-HYUNX,0,Male,1,1,0,44,1,0,No,0,0,0,0,0,0,Two year,1,Credit card (automatic),19.35,847.25,0.636094675
2428-ZMCTB,0,Male,0,0,0,10,1,0,No,0,0,0,0,0,0,Month-to-month,0,Credit card (automatic),19.75,208.25,0.649243918
2429-AYKKO,0,Male,0,0,0,72,1,0,No,0,0,0,0,0,0,Two year,0,Bank transfer (automatic),19.85,1434.1,0.652531229
2430-RRYUW,0,Male,0,0,0,66,1,0,DSL,1,1,0,0,0,0,One year,1,Mailed check,54.8,3465.7,1.801446417
2430-USGXP,1,Male,0,1,0,24,1,1,Fiber optic,0,0,1,0,1,1,Month-to-month,1,Electronic check,101.05,2391.8,3.321827745
2432-TFSMK,0,Male,0,0,0,18,1,1,Fiber optic,0,0,1,0,1,0,One year,1,Credit card (automatic),89.6,1633,2.945430638
2433-KMEAS,1,Male,0,0,0,22,1,1,DSL,1,0,0,0,0,0,Month-to-month,1,Electronic check,54.45,1127.35,1.789940828
2434-EEVDB,0,Female,0,1,0,64,1,1,Fiber optic,1,0,1,0,1,0,Two year,1,Credit card (automatic),94.6,5948.7,3.109796187
2436-QBZFP,0,Female,0,1,1,22,0,0,DSL,0,1,0,0,1,0,Month-to-month,0,Electronic check,39.2,849.9,1.288625904
2439-LYPMQ,0,Male,1,1,0,38,1,1,Fiber optic,0,1,1,0,1,1,Month-to-month,1,Electronic check,102.6,4009.2,3.372781065
2439-QKJUL,0,Male,0,0,0,5,1,0,No,0,0,0,0,0,0,Month-to-month,0,Mailed check,20.25,109.8,0.665680473
2446-BEGGB,1,Female,1,0,0,6,1,1,Fiber optic,0,1,0,0,1,1,Month-to-month,1,Electronic check,98.25,560.6,3.229783037
2446-PLQVO,1,Male,0,0,0,1,1,0,Fiber optic,0,0,0,0,0,0,Month-to-month,1,Electronic check,70.3,70.3,2.310979619
2446-ZKVAF,0,Male,0,1,0,18,1,1,DSL,0,1,0,0,0,0,Month-to-month,0,Credit card (automatic),56.8,1074.65,1.867192636
2450-ZKEED,0,Female,0,0,0,11,1,0,DSL,0,0,1,1,0,0,One year,0,Bank transfer (automatic),53.8,651.55,1.768573307
2451-YMUXS,0,Male,1,0,0,67,1,1,DSL,1,1,0,1,0,0,Two year,1,Bank transfer (automatic),64.55,4250.1,2.121959237
2452-KDRRH,0,Male,1,0,0,67,1,1,Fiber optic,0,0,1,0,1,1,Month-to-month,1,Credit card (automatic),101.4,6841.05,3.333333333
2452-MRMZF,0,Female,1,1,0,72,1,1,No,0,0,0,0,0,0,Two year,1,Credit card (automatic),25.7,1937.4,0.844838922
2452-SNHFZ,0,Female,0,0,0,47,1,0,Fiber optic,1,0,0,0,0,0,Month-to-month,0,Credit card (automatic),75.45,3545.1,2.480276134
2453-SAFNS,0,Female,1,0,0,54,1,1,DSL,0,1,0,1,1,0,One year,0,Mailed check,72.1,3886.05,2.370151216
2454-RPBRZ,1,Female,1,1,0,12,1,1,Fiber optic,0,1,1,0,1,0,Month-to-month,1,Electronic check,98.1,1060.2,3.224852071
2455-USLMV,0,Female,0,0,0,31,1,1,Fiber optic,1,0,1,0,0,0,Month-to-month,1,Credit card (automatic),84.75,2613.4,2.785996055
2458-EOMRE,0,Female,0,0,0,11,1,0,DSL,1,0,1,0,0,1,Month-to-month,0,Bank transfer (automatic),64.05,733.95,2.105522682
2460-FPSYH,1,Female,1,0,0,40,0,0,DSL,1,1,0,0,1,1,Month-to-month,1,Electronic check,55.8,2109.35,1.834319527
2460-NGXBJ,0,Male,1,1,1,11,1,1,Fiber optic,0,0,0,0,0,0,Month-to-month,1,Credit card (automatic),75.2,775.3,2.472057857
2462-XIIJB,1,Male,0,0,0,5,1,1,Fiber optic,0,0,1,0,1,0,Month-to-month,1,Electronic check,92.5,452.7,3.040762656
2465-BLLEU,0,Male,0,0,0,1,1,0,No,0,0,0,0,0,0,Month-to-month,1,Mailed check,19.75,19.75,0.649243918
2466-FCCPT,0,Female,0,1,1,20,1,0,No,0,0,0,0,0,0,One year,0,Bank transfer (automatic),19.7,395.6,0.647600263
2466-NEJOJ,0,Male,0,1,1,8,1,0,No,0,0,0,0,0,0,Month-to-month,0,Credit card (automatic),19.65,169.75,0.645956607
2468-SJFLM,0,Male,0,0,0,1,1,0,Fiber optic,0,0,0,1,0,0,Month-to-month,1,Mailed check,74.3,74.3,2.442472058
2469-DTSGX,0,Female,1,0,0,72,1,1,Fiber optic,0,1,1,1,1,1,Two year,0,Electronic check,111.65,7943.45,3.670282709
2472-OVKUP,1,Male,0,1,0,6,1,0,Fiber optic,0,1,1,0,0,1,Month-to-month,1,Electronic check,91,531,2.991452991
2474-BRUCM,1,Male,1,1,0,40,1,1,Fiber optic,1,0,0,0,1,1,Month-to-month,0,Electronic check,101.85,4086.3,3.348126233
2474-LCNUE,0,Female,0,1,0,23,1,1,DSL,0,0,0,1,1,1,Month-to-month,1,Credit card (automatic),73.65,1642.75,2.421104536
2475-MROZF,0,Male,0,0,0,30,1,1,Fiber optic,1,1,1,1,0,0,Month-to-month,1,Credit card (automatic),95,2852.4,3.122945431
2476-YGEFM,0,Female,0,0,0,29,1,1,Fiber optic,0,0,0,0,0,0,Month-to-month,1,Credit card (automatic),76,2215.25,2.498356345
2478-EEWWM,0,Male,0,1,0,59,0,0,DSL,0,0,0,0,1,1,Month-to-month,1,Electronic check,44.3,2666.75,1.456278764
2479-BRAMR,1,Male,1,1,0,41,1,1,Fiber optic,1,0,1,0,0,0,Month-to-month,1,Bank transfer (automatic),83.75,3273.55,2.753122945
2480-EJWYP,0,Female,1,1,0,58,1,1,Fiber optic,0,1,0,0,1,1,One year,1,Bank transfer (automatic),97.8,5458.8,3.214990138
2480-JZOSN,0,Female,0,1,0,1,1,0,No,0,0,0,0,0,0,Month-to-month,1,Mailed check,20.65,20.65,0.678829717
2480-SQIOB,0,Male,0,1,1,4,1,0,DSL,0,0,0,0,0,0,Month-to-month,0,Electronic check,44.8,169.65,1.472715319
2481-SBOYW,0,Female,0,0,1,61,1,1,No,0,0,0,0,0,0,Two year,1,Credit card (automatic),25,1498.35,0.821827745
2482-CZGBB,1,Male,0,0,0,10,1,0,Fiber optic,0,0,0,0,0,0,Month-to-month,1,Electronic check,70,740,2.301117686
2483-XSSMZ,0,Female,0,0,0,39,1,0,DSL,1,0,0,0,0,0,One year,1,Electronic check,47.85,1886.4,1.572978304
2484-DGXPZ,1,Female,0,1,1,31,1,0,No,0,0,0,0,0,0,Month-to-month,1,Mailed check,19.55,658.95,0.642669297
2485-ITVKB,1,Female,0,1,0,2,0,0,DSL,0,0,0,0,0,1,Month-to-month,1,Electronic check,35.1,68.75,1.153846154
2486-WYVVE,0,Male,0,1,0,31,1,1,DSL,0,0,1,1,1,1,One year,1,Mailed check,79.3,2484,2.606837607
2495-INZWQ,1,Male,0,0,0,4,0,0,DSL,0,0,0,0,1,1,Month-to-month,1,Electronic check,44.55,174.3,1.464497041
2495-KZNFB,0,Female,0,0,0,33,1,1,Fiber optic,1,0,0,0,0,1,Month-to-month,1,Electronic check,90.65,2989.6,2.979947403
2495-TTHBQ,0,Female,0,0,1,4,1,0,No,0,0,0,0,0,0,One year,1,Mailed check,20.4,84.75,0.67061144
2498-XLDZR,0,Female,0,1,1,32,1,0,DSL,1,1,1,1,0,1,Two year,0,Mailed check,73.6,2316.85,2.419460881
2499-AJYUA,0,Female,1,1,0,72,1,1,Fiber optic,0,1,1,1,1,1,Two year,1,Credit card (automatic),110.8,7882.25,3.642340565
2501-XWWTZ,0,Male,0,0,0,11,1,0,Fiber optic,0,0,0,0,0,0,Month-to-month,0,Electronic check,70.2,760.05,2.307692308
2504-DSHIH,0,Male,1,1,0,23,1,1,Fiber optic,0,0,0,0,0,1,Month-to-month,0,Electronic check,86.8,1975.85,2.85338593
2506-CLAKW,1,Female,0,0,0,6,1,0,Fiber optic,1,1,1,1,0,1,Month-to-month,1,Bank transfer (automatic),98.15,567.45,3.226495726
2506-TNFCO,1,Female,1,1,0,1,1,0,Fiber optic,0,0,0,0,0,0,Month-to-month,1,Electronic check,69.55,69.55,2.286324786
2507-QZPQS,0,Male,0,0,0,15,1,1,Fiber optic,0,1,0,1,0,1,Month-to-month,0,Electronic check,95.7,1451.1,3.145956607
2509-TFPJU,0,Male,0,1,0,72,1,1,No,0,0,0,0,0,0,Two year,0,Credit card (automatic),25.75,1864.2,0.846482577
2511-ALLCS,0,Female,0,1,1,35,1,1,No,0,0,0,0,0,0,Two year,0,Bank transfer (automatic),24.3,821.6,0.798816568
2511-MORQY,0,Male,0,1,1,50,1,1,DSL,0,0,1,0,0,0,One year,0,Bank transfer (automatic),54.9,2614.1,1.804733728
2514-GINMM,1,Male,0,0,0,1,1,0,Fiber optic,0,0,0,0,1,0,Month-to-month,1,Electronic check,79.5,79.5,2.613412229
2516-VQRRV,1,Female,1,0,0,2,1,1,Fiber optic,0,0,0,0,0,0,Month-to-month,1,Mailed check,75.45,158.4,2.480276134
2516-XSJKX,0,Female,0,1,1,41,1,0,DSL,1,1,0,1,1,1,Two year,0,Electronic check,78.45,3126.45,2.578895464
2519-ERQOJ,0,Male,1,0,0,33,0,0,DSL,0,0,1,1,1,1,Month-to-month,1,Electronic check,54.6,1803.7,1.794871795
2519-FAKOD,1,Male,0,0,1,38,1,1,Fiber optic,0,0,1,0,1,1,Month-to-month,1,Bank transfer (automatic),99.25,3777.15,3.262656147
2519-LBNQL,0,Male,1,1,0,60,1,1,Fiber optic,0,1,1,0,1,1,One year,1,Electronic check,104.35,6339.45,3.430309007
2519-TWKFS,0,Male,0,1,1,25,1,1,DSL,0,0,0,1,0,0,One year,1,Mailed check,55.1,1466.1,1.81130835
2520-SGTTA,0,Female,0,1,1,0,1,0,No,0,0,0,0,0,0,Two year,0,Mailed check,20,0,0.657462196
2521-NPUZR,0,Male,0,1,0,70,1,0,Fiber optic,1,1,1,1,0,1,Two year,0,Credit card (automatic),101,7085.5,3.320184089
2522-AHJXR,0,Male,0,1,0,60,1,1,Fiber optic,1,0,1,1,1,1,Month-to-month,1,Bank transfer (automatic),109.45,6572.85,3.597961867
2522-WLNSF,0,Female,1,1,0,34,1,0,DSL,0,0,1,1,1,0,One year,0,Bank transfer (automatic),64.2,2106.3,2.110453649
2523-EWWZL,0,Female,0,1,0,27,1,0,Fiber optic,0,1,0,0,0,0,Month-to-month,1,Electronic check,76.1,2093.4,2.501643655
2525-GVKQU,0,Female,0,0,0,60,1,0,No,0,0,0,0,0,0,Two year,0,Mailed check,20.6,1093,0.677186062
2528-HFYZX,1,Male,1,1,0,17,1,0,Fiber optic,0,1,0,0,0,0,Month-to-month,1,Electronic check,76.45,1233.4,2.513149244
2530-ENDWQ,1,Female,0,1,0,71,1,1,Fiber optic,0,0,0,0,1,1,Two year,1,Bank transfer (automatic),93.7,6585.35,3.080210388
2530-FMFXO,0,Male,0,1,1,56,1,1,Fiber optic,0,0,1,1,1,1,Two year,1,Electronic check,103.2,5873.75,3.392504931
2533-QVMSK,1,Male,0,1,0,61,1,1,Fiber optic,0,1,0,1,1,0,Two year,1,Electronic check,94.1,5638.3,3.093359632
2533-TIBIX,0,Male,0,1,1,15,0,0,DSL,1,0,0,0,0,0,Month-to-month,1,Bank transfer (automatic),30.2,469.65,0.992767916
2535-PBCGC,0,Female,0,1,0,70,0,0,DSL,1,1,1,1,1,1,Two year,0,Bank transfer (automatic),64.55,4504.9,2.121959237
2538-OIMXF,0,Female,0,0,1,1,0,0,DSL,0,0,0,0,0,0,Month-to-month,0,Mailed check,24.7,24.7,0.811965812
2541-YGPKE,0,Male,0,1,1,42,1,0,DSL,1,0,0,1,0,1,One year,0,Credit card (automatic),63.7,2763.35,2.094017094
2542-HYGIQ,0,Female,0,0,0,1,1,0,No,0,0,0,0,0,0,Month-to-month,0,Credit card (automatic),19.95,19.95,0.65581854
2545-EBUPK,0,Female,1,0,0,2,1,1,Fiber optic,0,0,0,0,0,1,Month-to-month,1,Electronic check,84.05,186.05,2.762984878
2545-LXYVJ,0,Male,0,1,0,72,1,0,No,0,0,0,0,0,0,Two year,0,Bank transfer (automatic),20.7,1492.1,0.680473373
2546-KZAAT,0,Male,0,1,0,52,1,0,DSL,1,1,0,0,1,1,One year,1,Mailed check,75.4,3865.45,2.478632479
2550-AEVRU,0,Female,0,1,1,57,1,0,DSL,1,1,0,0,0,0,One year,0,Electronic check,53.45,3053,1.757067719
2550-QHZGP,0,Male,0,0,0,7,1,0,No,0,0,0,0,0,0,One year,0,Mailed check,19.5,128.6,0.641025641
2558-BUOZZ,0,Male,0,0,0,47,1,1,Fiber optic,1,1,0,0,1,0,One year,0,Bank transfer (automatic),94.8,4535.85,3.116370809
2560-PPCHE,0,Female,0,0,0,65,1,1,Fiber optic,0,1,0,1,1,1,One year,1,Bank transfer (automatic),105.05,6744.25,3.453320184
2560-QTSBS,0,Female,0,1,1,72,1,1,No,0,0,0,0,0,0,One year,1,Bank transfer (automatic),23.3,1623.15,0.765943458
2560-WBWXF,0,Male,0,0,0,68,1,1,No,0,0,0,0,0,0,Two year,1,Bank transfer (automatic),24.15,1498.85,0.793885602
2565-JSLRY,1,Male,0,0,0,1,1,1,No,0,0,0,0,0,0,Month-to-month,1,Mailed check,24.05,24.05,0.790598291
2568-BRGYX,1,Male,0,0,0,4,1,0,Fiber optic,0,0,0,0,0,0,Month-to-month,1,Electronic check,70.2,237.95,2.307692308
2568-OIADY,1,Female,0,1,0,37,1,1,Fiber optic,0,0,1,0,1,1,Month-to-month,1,Electronic check,99.5,3762,3.270874425
2569-WGERO,0,Female,0,0,0,72,1,0,No,0,0,0,0,0,0,Two year,1,Bank transfer (automatic),21.15,1419.4,0.695266272
2573-GYRUU,0,Male,1,1,0,48,1,1,Fiber optic,0,0,1,0,0,1,Month-to-month,1,Credit card (automatic),91.05,4370.75,2.993096647
2575-GFSOE,1,Female,0,1,1,7,1,0,Fiber optic,0,0,0,0,0,0,Month-to-month,1,Electronic check,69,506.9,2.268244576
2576-HXMPA,0,Female,0,0,0,1,1,0,No,0,0,0,0,0,0,Month-to-month,0,Credit card (automatic),19.55,19.55,0.642669297
2577-GVSIL,0,Male,0,1,1,35,1,1,DSL,0,0,0,1,1,1,One year,1,Bank transfer (automatic),73.45,2661.1,2.414529915
2578-JQPHZ,0,Male,0,0,0,44,1,0,Fiber optic,0,0,1,1,1,1,Two year,0,Bank transfer (automatic),100.1,4378.35,3.290598291
2580-ASVVY,0,Female,0,1,0,37,0,0,DSL,1,0,0,1,1,0,Two year,0,Electronic check,45.4,1593.1,1.492439185
2580-ATZSQ,0,Female,0,1,1,65,1,0,DSL,1,1,1,0,0,0,One year,0,Bank transfer (automatic),61.35,3874.1,2.016765286
2581-VKIRT,0,Female,0,1,1,59,1,1,DSL,1,1,0,1,0,0,One year,0,Mailed check,65.5,3801.3,2.153188692
2582-FFFZR,0,Female,0,0,0,22,0,0,DSL,0,0,1,0,1,1,Month-to-month,1,Electronic check,50.6,1073.3,1.663379356
2585-KTFRE,0,Male,0,0,1,1,1,0,DSL,1,1,0,1,0,1,Month-to-month,1,Bank transfer (automatic),70.45,70.45,2.315910585
2586-CWXVV,0,Male,0,1,0,54,0,0,DSL,0,1,0,0,0,0,Month-to-month,0,Electronic check,30.4,1621.35,0.999342538
2587-EKXTS,0,Male,0,0,0,44,1,1,Fiber optic,1,1,1,0,1,1,Month-to-month,1,Electronic check,111.5,4915.15,3.665351742
2587-YNLES,0,Female,0,1,1,6,1,0,No,0,0,0,0,0,0,Two year,0,Mailed check,20.1,100.35,0.660749507
2589-AYCRP,0,Female,0,0,0,50,1,0,No,0,0,0,0,0,0,One year,0,Bank transfer (automatic),19.75,989.05,0.649243918
2592-HODOV,0,Male,0,0,0,13,1,0,No,0,0,0,0,0,0,One year,0,Credit card (automatic),19.3,259.65,0.634451019
2592-SEIFQ,1,Male,0,0,0,3,0,0,DSL,0,0,0,0,0,0,Month-to-month,0,Electronic check,24.75,66.95,0.813609467
2592-YKDIF,0,Female,0,0,0,1,1,0,No,0,0,0,0,0,0,Month-to-month,0,Mailed check,20.35,20.35,0.668967784
2595-KIWPV,0,Male,0,0,1,27,1,0,No,0,0,0,0,0,0,Two year,0,Credit card (automatic),19.7,509.3,0.647600263
2599-CIPQE,0,Male,0,1,1,71,1,0,Fiber optic,1,1,1,1,1,1,Two year,0,Credit card (automatic),109.3,7782.85,3.593030901
2599-CZABP,0,Male,0,1,0,14,1,0,DSL,0,0,0,0,0,0,One year,0,Electronic check,44.6,641.25,1.466140697
2603-HVKCG,0,Male,0,0,0,31,1,0,Fiber optic,0,1,1,0,1,1,Month-to-month,1,Electronic check,101.4,3143.65,3.333333333
2604-IJPDU,0,Female,0,1,0,20,1,0,Fiber optic,1,1,0,1,1,0,Month-to-month,1,Electronic check,96.55,1901.65,3.173898751
2604-XVDAM,0,Female,0,0,0,12,1,0,DSL,0,0,0,0,0,0,Month-to-month,0,Bank transfer (automatic),43.8,540.95,1.439842209
2606-PKWJB,0,Male,0,0,1,40,0,0,DSL,1,1,0,1,0,0,One year,0,Mailed check,40.25,1564.05,1.323142669
2606-RMDHZ,1,Male,0,0,0,6,0,0,DSL,0,1,0,0,0,0,Month-to-month,1,Credit card (automatic),30.5,208.7,1.002629849
2607-DHDAK,0,Male,0,1,1,72,1,0,No,0,0,0,0,0,0,Two year,1,Credit card (automatic),19.8,1414.65,0.650887574
2607-FBDFF,0,Male,0,0,0,1,1,0,DSL,0,0,0,1,0,0,Month-to-month,0,Credit card (automatic),49,49,1.61078238
2608-BHKFN,1,Female,0,0,0,4,1,0,Fiber optic,0,0,0,0,0,0,Month-to-month,1,Credit card (automatic),70.05,266.9,2.302761341
2609-IAICY,1,Female,0,0,0,1,1,1,Fiber optic,0,0,0,0,0,0,Month-to-month,1,Electronic check,77.15,77.15,2.536160421
2612-PHGOX,0,Male,0,1,0,64,1,1,DSL,0,1,1,1,1,0,Two year,1,Bank transfer (automatic),76.1,4818.8,2.501643655
2612-RANWT,1,Female,0,0,0,12,1,1,Fiber optic,0,0,1,0,1,1,Month-to-month,1,Bank transfer (automatic),100.15,1164.3,3.292241946
2612-RRIDN,1,Male,0,0,0,4,1,0,Fiber optic,0,0,0,0,1,0,Month-to-month,1,Electronic check,81,340.85,2.662721893
2615-YVMYX,0,Male,1,1,0,71,1,1,Fiber optic,1,1,1,0,1,1,Month-to-month,1,Electronic check,107.5,7713.55,3.533859303
2616-FLVQC,0,Male,0,0,0,64,1,0,No,0,0,0,0,0,0,Two year,0,Mailed check,19.55,1240.15,0.642669297
2616-UUTFK,0,Male,0,1,0,33,1,1,DSL,1,1,1,0,1,0,Month-to-month,1,Bank transfer (automatic),72.75,2447.45,2.391518738
2619-WFQWU,1,Female,0,0,0,1,1,0,Fiber optic,0,0,0,0,0,0,Month-to-month,1,Mailed check,70.15,70.15,2.306048652
2621-UDNLU,0,Female,0,1,0,3,1,0,No,0,0,0,0,0,0,Month-to-month,0,Mailed check,20.85,72,0.685404339
2623-DRYAM,0,Female,0,1,0,70,1,1,Fiber optic,0,0,1,0,1,1,One year,1,Electronic check,101.75,7069.3,3.344838922
2625-TRCZQ,0,Female,0,1,0,51,0,0,DSL,0,1,0,0,1,1,Month-to-month,1,Electronic check,49.65,2553.35,1.632149901
2626-URJFX,1,Male,0,1,1,4,1,1,DSL,0,0,0,0,0,0,Month-to-month,1,Electronic check,50.9,225.6,1.673241289
2626-VEEWG,0,Male,0,1,1,67,1,0,No,0,0,0,0,0,0,Two year,1,Credit card (automatic),19.4,1284.2,0.63773833
2632-IVXVF,0,Female,0,1,1,68,1,1,Fiber optic,1,0,1,1,1,1,Two year,0,Credit card (automatic),111.75,7511.3,3.67357002
2632-TACXW,0,Female,0,1,0,62,1,1,No,0,0,0,0,0,0,Two year,0,Bank transfer (automatic),23.65,1416.75,0.777449047
2632-UCGVD,1,Male,1,1,0,66,1,1,Fiber optic,0,0,0,1,1,1,Month-to-month,1,Credit card (automatic),100.05,6871.9,3.288954635
2634-HCZGT,1,Male,1,1,0,53,1,1,DSL,1,0,0,1,0,0,One year,1,Electronic check,60.05,3229.65,1.974030243
2636-ALXXZ,1,Female,1,0,0,1,1,0,Fiber optic,0,0,0,0,0,0,Month-to-month,1,Electronic check,69.6,69.6,2.287968442
2636-OHFMN,1,Male,0,1,0,4,0,0,DSL,0,1,0,0,1,1,Month-to-month,1,Electronic check,48.55,201,1.595989481
2636-SJDOU,0,Male,0,0,0,64,1,1,Fiber optic,1,1,0,0,0,0,One year,1,Credit card (automatic),84.3,5289.05,2.771203156
2637-FKFSY,0,Female,0,1,0,3,1,0,DSL,0,0,0,0,0,0,Month-to-month,1,Mailed check,46.1,130.15,1.515450362
2639-UGMAZ,0,Male,1,0,0,71,0,0,DSL,1,1,0,0,1,1,One year,1,Electronic check,56.45,3985.35,1.855687048
2640-LYMOV,0,Male,0,0,0,2,1,0,No,0,0,0,0,0,0,Month-to-month,1,Mailed check,19.65,38.8,0.645956607
2640-PMGFL,1,Male,0,0,1,27,1,1,Fiber optic,0,0,0,1,0,0,Month-to-month,1,Electronic check,79.5,2180.55,2.613412229
2642-DTVCO,1,Male,1,0,0,9,1,1,Fiber optic,0,0,0,0,0,1,Month-to-month,1,Electronic check,85.05,746.5,2.795857988
2642-MAWLJ,0,Female,0,1,1,36,1,0,No,0,0,0,0,0,0,Two year,0,Bank transfer (automatic),20.25,717.95,0.665680473
2645-QTLMB,1,Male,0,0,0,7,1,0,Fiber optic,0,1,0,0,1,1,Month-to-month,1,Electronic check,94.25,669,3.098290598
2649-HWLYB,0,Male,0,1,0,65,1,1,DSL,1,0,1,1,0,1,Two year,0,Bank transfer (automatic),76.15,4929.55,2.503287311
2650-GYRYL,0,Male,0,1,1,33,1,0,No,0,0,0,0,0,0,One year,1,Bank transfer (automatic),19.45,600.25,0.639381986
2651-ZCBXV,0,Male,0,0,0,54,1,1,Fiber optic,1,1,0,1,1,1,Two year,1,Credit card (automatic),108,5760.65,3.550295858
2654-VBVPB,0,Female,0,0,0,1,1,0,No,0,0,0,0,0,0,Month-to-month,0,Bank transfer (automatic),19.9,19.9,0.654174885
2656-FMOKZ,1,Female,1,0,0,15,1,1,Fiber optic,0,0,0,0,0,0,Month-to-month,1,Mailed check,74.45,1145.7,2.447403024
2656-TABEH,1,Male,0,1,0,4,1,1,Fiber optic,0,1,0,0,1,1,Month-to-month,1,Electronic check,100.2,420.2,3.293885602
2657-ALMWY,1,Female,1,1,0,26,1,0,Fiber optic,0,1,0,0,0,1,Month-to-month,0,Electronic check,84.95,2169.75,2.792570677
2657-VPXTA,0,Female,0,1,1,10,1,0,Fiber optic,0,0,0,0,1,1,Month-to-month,1,Electronic check,88.85,929.45,2.920775805
2659-VXMWZ,1,Male,0,1,1,67,1,1,Fiber optic,1,1,1,0,1,1,One year,1,Electronic check,111.3,7482.1,3.65877712
2660-EMUBI,1,Male,1,0,0,10,1,1,Fiber optic,0,0,0,0,1,1,Month-to-month,1,Electronic check,95.35,898.35,3.134451019
2661-GKBTK,0,Male,0,1,1,60,1,0,DSL,0,1,0,1,1,1,Two year,0,Bank transfer (automatic),76.95,4543.95,2.529585799
2662-NNTDK,0,Male,0,0,0,65,1,1,No,0,0,0,0,0,0,One year,0,Credit card (automatic),24.8,1600.95,0.815253123
2664-XJZNO,0,Male,0,1,1,72,1,0,Fiber optic,1,0,1,1,1,1,Two year,1,Credit card (automatic),104.9,7559.55,3.448389218
2665-NPTGL,0,Female,1,1,0,26,1,1,Fiber optic,0,0,1,0,1,1,Month-to-month,1,Bank transfer (automatic),98.1,2510.7,3.224852071
2667-WYLWJ,1,Female,0,1,1,8,1,0,No,0,0,0,0,0,0,One year,1,Mailed check,19.75,145,0.649243918
2668-TZSPS,0,Male,0,0,0,1,1,0,No,0,0,0,0,0,0,Month-to-month,0,Mailed check,20.45,20.45,0.672255095
2669-OIDSD,0,Female,0,1,0,48,1,0,Fiber optic,0,0,1,1,1,1,Month-to-month,1,Credit card (automatic),100.05,4834,3.288954635
2669-QVCRG,0,Female,0,0,0,41,1,1,Fiber optic,1,0,0,0,0,0,Month-to-month,1,Credit card (automatic),81.3,3190.65,2.672583826
2672-DZUOY,1,Male,0,0,0,1,0,0,DSL,0,0,0,0,0,0,Month-to-month,1,Electronic check,25.15,25.15,0.826758711
2672-HUYVI,1,Female,0,0,0,6,1,0,Fiber optic,0,0,0,0,1,1,Month-to-month,1,Electronic check,91.1,455.3,2.994740302
2672-OJQZP,0,Female,0,0,0,1,1,0,DSL,0,0,0,0,0,0,Month-to-month,0,Mailed check,44.75,44.75,1.471071663
2672-TGEFF,0,Female,0,1,1,37,1,1,Fiber optic,0,1,0,0,1,0,Month-to-month,1,Electronic check,88.8,3340.55,2.91913215
2673-CXQEU,0,Female,1,0,0,56,1,1,Fiber optic,1,1,1,0,1,1,One year,0,Electronic check,110.5,6139.5,3.632478632
2673-ZALNP,0,Female,0,0,0,7,1,0,No,0,0,0,0,0,0,One year,0,Mailed check,19.9,173.15,0.654174885
2674-MIAHT,0,Female,0,0,0,4,1,1,Fiber optic,0,1,0,0,0,0,Month-to-month,1,Mailed check,80.3,324.2,2.639710717
2674-MLXMN,0,Female,1,0,0,71,1,1,Fiber optic,0,1,0,0,1,1,Month-to-month,1,Credit card (automatic),99.65,6951.15,3.275805391
2675-DHUTR,0,Male,1,1,0,58,1,1,Fiber optic,0,1,0,0,1,1,Month-to-month,1,Electronic check,98.9,5780.7,3.251150559
2675-IJRGJ,0,Male,0,0,0,53,1,0,No,0,0,0,0,0,0,Two year,0,Bank transfer (automatic),19.65,978,0.645956607
2675-OTVVJ,0,Male,1,1,0,31,1,1,Fiber optic,1,0,0,0,1,0,Month-to-month,0,Electronic check,89.45,2807.65,2.940499671
2676-ISHSF,0,Male,0,0,0,1,1,0,No,0,0,0,0,0,0,Month-to-month,0,Mailed check,20.3,20.3,0.667324129
2676-OXPPQ,0,Male,0,0,0,6,1,0,DSL,1,1,0,0,0,0,Month-to-month,1,Bank transfer (automatic),55.7,335.65,1.831032216
2676-SSLTO,0,Male,0,0,0,49,1,1,DSL,0,0,0,1,1,0,Two year,1,Bank transfer (automatic),66.15,3199,2.174556213
2680-XKKNJ,0,Female,0,0,0,8,1,0,DSL,1,1,0,1,0,0,One year,0,Bank transfer (automatic),58.2,469.25,1.91321499
2682-KEVRP,0,Female,1,0,0,22,1,0,No,0,0,0,0,0,0,One year,1,Mailed check,20.05,417,0.659105851
2683-BPJSO,1,Male,0,1,0,29,1,1,Fiber optic,1,1,0,0,0,0,Month-to-month,1,Electronic check,84.45,2467.1,2.776134122
2683-JXWQQ,0,Male,0,1,1,61,0,0,DSL,1,0,1,0,0,0,Month-to-month,0,Bank transfer (automatic),33.6,2117.2,1.104536489
2684-EIWEO,1,Female,1,0,0,30,1,1,Fiber optic,1,1,1,0,0,0,Month-to-month,0,Credit card (automatic),91.7,2758.15,3.014464168
2685-SREOM,1,Female,0,1,1,25,1,1,Fiber optic,0,0,1,0,0,1,Month-to-month,1,Electronic check,89.1,2368.4,2.928994083
2688-BHGOG,0,Male,1,0,0,9,1,0,Fiber optic,0,0,0,0,0,1,Month-to-month,1,Electronic check,79.55,718.55,2.615055884
2690-DVRVK,0,Male,0,1,1,5,1,0,No,0,0,0,0,0,0,One year,0,Electronic check,20.55,99.45,0.675542406
2691-NZETQ,1,Male,0,0,0,9,1,1,Fiber optic,0,0,0,0,1,0,Month-to-month,1,Electronic check,85.35,758.6,2.805719921
2692-AQCPF,0,Female,0,1,0,65,1,1,Fiber optic,0,1,1,1,1,1,One year,1,Credit card (automatic),108.05,7118.9,3.551939513
2692-BUCFV,0,Male,1,0,0,29,1,0,Fiber optic,0,1,1,0,1,1,Month-to-month,1,Bank transfer (automatic),101.45,2948.6,3.334976989
2692-PFYTJ,0,Female,0,0,0,1,1,1,No,0,0,0,0,0,0,Month-to-month,1,Mailed check,25.75,25.75,0.846482577
2694-CIUMO,0,Female,0,0,0,12,1,1,Fiber optic,0,0,0,1,0,0,Month-to-month,1,Credit card (automatic),79.55,958.25,2.615055884
2696-ECXKC,0,Female,0,1,1,55,1,1,Fiber optic,1,0,0,0,1,1,One year,0,Mailed check,100.9,5448.6,3.316896778
2696-NARTR,1,Male,0,0,0,11,1,0,Fiber optic,0,0,0,1,0,0,Month-to-month,1,Electronic check,73.85,926.25,2.427679158
2696-RZVZW,0,Male,0,1,0,68,1,1,No,0,0,0,0,0,0,Two year,0,Credit card (automatic),25.05,1629.2,0.8234714
2697-NQBPF,0,Male,0,0,0,34,1,1,Fiber optic,0,1,0,1,1,1,Month-to-month,1,Electronic check,105.35,3540.65,3.463182117
2700-LUEVA,0,Male,0,0,0,1,1,0,No,0,0,0,0,0,0,Month-to-month,0,Credit card (automatic),20.75,20.75,0.682117028
2703-AMTUL,0,Male,0,1,1,36,1,0,DSL,1,1,0,0,0,0,One year,0,Mailed check,53.65,1939.35,1.763642341
2706-QZIHY,0,Female,0,1,0,15,1,1,No,0,0,0,0,0,0,Two year,0,Mailed check,25.2,387.9,0.828402367
2709-UQGNP,0,Male,0,0,0,10,1,0,DSL,1,0,0,0,0,0,Month-to-month,1,Mailed check,51.65,524.5,1.697896121
2710-WYVXG,0,Female,0,0,0,3,1,0,DSL,1,1,0,1,0,1,Two year,0,Mailed check,71.1,213.35,2.337278107
2712-SYWAY,0,Female,0,0,0,1,1,1,No,0,0,0,0,0,0,Month-to-month,1,Electronic check,25.7,25.7,0.844838922
2716-GFZOR,0,Male,0,1,0,43,1,0,Fiber optic,1,1,1,0,0,0,Month-to-month,1,Credit card (automatic),86.1,3551.65,2.830374753
2717-HVIZY,0,Female,0,0,1,8,1,0,No,0,0,0,0,0,0,Month-to-month,0,Mailed check,20.05,163.6,0.659105851
2718-GAXQD,1,Female,1,1,1,4,1,0,DSL,0,0,0,0,0,0,Month-to-month,0,Electronic check,46,181.6,1.512163051
2718-YSKCS,0,Male,0,1,1,71,1,0,No,0,0,0,0,0,0,Two year,1,Bank transfer (automatic),19.6,1387.45,0.644312952
2719-BDAQO,1,Male,0,0,0,17,1,0,Fiber optic,1,0,0,0,1,1,Month-to-month,0,Electronic check,93.85,1625.65,3.085141354
2720-FVBQP,0,Female,0,1,1,6,1,1,DSL,0,0,0,0,0,0,Month-to-month,1,Credit card (automatic),48.95,273.25,1.609138725
2720-WGKHP,1,Male,1,0,0,2,1,1,Fiber optic,0,0,0,0,1,1,Month-to-month,1,Electronic check,94,181.7,3.090072321
2722-JMONI,1,Female,1,1,0,1,1,0,DSL,1,0,0,0,0,0,Month-to-month,1,Electronic check,49.55,49.55,1.62886259
2722-VOJQL,1,Male,0,0,0,64,1,1,Fiber optic,0,1,0,1,1,1,One year,1,Credit card (automatic),105.65,6903.1,3.47304405
2724-FJDYW,0,Male,0,0,1,39,0,0,DSL,0,0,1,1,1,1,One year,0,Bank transfer (automatic),54.85,2191.7,1.803090072
2725-IWWBA,0,Male,0,1,1,46,1,0,DSL,1,0,1,1,0,0,One year,0,Mailed check,56.9,2560.1,1.870479947
2725-KXXWT,1,Male,0,1,0,1,1,0,Fiber optic,0,0,0,0,1,1,Month-to-month,1,Electronic check,90.75,90.75,2.983234714
2725-TTRIQ,0,Female,0,1,1,72,1,1,DSL,1,0,1,1,1,1,Two year,1,Bank transfer (automatic),84.2,5986.55,2.767915845
2729-VNVAP,0,Female,0,1,1,33,1,0,No,0,0,0,0,0,0,Two year,0,Credit card (automatic),19.8,641.35,0.650887574
2731-GJRDG,0,Female,0,0,0,32,1,1,Fiber optic,1,0,1,1,1,1,One year,1,Bank transfer (automatic),109.55,3608,3.601249178
2732-ISEZX,0,Female,0,0,0,5,1,0,No,0,0,0,0,0,0,Month-to-month,1,Mailed check,20.5,104.3,0.673898751
2737-WFVYW,1,Female,0,0,0,2,0,0,DSL,0,0,0,0,1,1,Month-to-month,1,Electronic check,45.25,85.5,1.487508218
2737-YNGYW,1,Female,0,0,0,2,1,0,Fiber optic,0,0,0,0,0,1,Month-to-month,0,Electronic check,80.55,184.1,2.647928994
2739-CACDQ,0,Female,1,0,0,17,1,1,Fiber optic,0,0,1,0,0,0,Month-to-month,1,Credit card (automatic),82.65,1470.05,2.716962525
2739-CCZMB,0,Male,0,0,1,5,1,0,No,0,0,0,0,0,0,Month-to-month,0,Credit card (automatic),20.35,122,0.668967784
2740-JFBOK,0,Male,0,0,0,10,1,1,No,0,0,0,0,0,0,Month-to-month,1,Electronic check,24,226.55,0.788954635
2740-TVLFN,0,Male,0,0,0,1,1,1,DSL,0,0,0,0,0,0,Month-to-month,1,Electronic check,50.15,50.15,1.648586456
2746-DIJLO,0,Female,0,0,0,41,1,1,DSL,0,1,0,0,0,0,One year,1,Credit card (automatic),56.3,2364,1.850756082
2748-MYRVK,1,Female,0,0,0,63,1,1,Fiber optic,0,1,0,0,1,1,One year,0,Bank transfer (automatic),99.9,6137,3.284023669
2749-CTKAJ,0,Male,0,1,1,22,1,0,No,0,0,0,0,0,0,One year,0,Mailed check,20.15,419.9,0.662393162
2750-BJLSB,0,Female,0,0,0,47,1,0,Fiber optic,1,0,1,1,1,1,One year,1,Electronic check,103.7,4730.6,3.408941486
2753-JMMCV,0,Male,0,0,0,65,1,1,DSL,0,1,1,1,0,1,Two year,1,Credit card (automatic),74.2,4805.65,2.439184747
2754-SDJRD,0,Female,1,0,0,8,1,1,Fiber optic,0,0,0,1,1,1,Month-to-month,1,Credit card (automatic),100.15,908.55,3.292241946
2754-VDLTR,1,Male,0,0,1,10,1,1,Fiber optic,0,0,0,0,1,1,Month-to-month,0,Electronic check,95.2,930.4,3.129520053
2754-XBHTB,1,Female,0,0,0,9,1,0,Fiber optic,0,0,0,0,1,0,Month-to-month,1,Bank transfer (automatic),77.65,714.15,2.552596976
2758-RNWXS,0,Male,0,0,0,35,1,0,Fiber optic,1,0,0,1,0,1,One year,1,Electronic check,89.2,3251.3,2.932281394
2761-OCIAX,1,Male,1,0,0,2,1,0,Fiber optic,0,1,0,0,0,0,Month-to-month,1,Electronic check,74.7,165.4,2.455621302
2761-XECQW,0,Male,1,1,0,8,0,0,DSL,0,1,1,0,0,1,Month-to-month,1,Mailed check,43.35,371.4,1.42504931
2770-NSVDG,0,Male,0,1,0,24,0,0,DSL,0,0,1,0,0,0,Month-to-month,0,Electronic check,29.1,688,0.956607495
2773-MADBQ,0,Female,0,0,0,36,0,0,DSL,1,1,1,1,0,1,Two year,1,Mailed check,53.1,1901.25,1.74556213
2773-OVBPK,0,Male,0,1,0,67,1,1,Fiber optic,0,1,1,1,1,1,Two year,1,Bank transfer (automatic),111.3,7567.2,3.65877712
2774-LVQUS,1,Female,1,1,0,15,1,1,Fiber optic,0,0,1,1,0,0,Month-to-month,1,Electronic check,83.05,1258.3,2.730111769
2775-SEFEE,0,Male,0,0,1,0,1,1,DSL,1,1,0,1,0,0,Two year,1,Bank transfer (automatic),61.9,0,2.034845496
2777-PHDEI,1,Female,0,0,0,1,1,0,Fiber optic,0,0,0,0,1,0,Month-to-month,0,Electronic check,78.05,78.05,2.56574622
2778-OCLGR,1,Male,1,1,0,24,0,0,DSL,1,0,0,0,0,1,Month-to-month,0,Bank transfer (automatic),39.1,971.3,1.285338593
2782-JEEBU,0,Male,0,0,0,21,0,0,DSL,0,1,0,1,0,0,Month-to-month,1,Mailed check,36,780.15,1.183431953
2782-LFZVW,0,Female,0,0,0,11,1,1,DSL,0,0,0,0,0,1,Month-to-month,1,Mailed check,58.95,601.6,1.937869822
2786-GCDPI,0,Female,1,0,0,50,1,1,Fiber optic,0,0,1,1,1,1,Month-to-month,1,Electronic check,104.95,5222.35,3.450032873
2788-CJQAQ,0,Male,0,0,0,13,1,0,No,0,0,0,0,0,0,One year,0,Mailed check,19.45,270.2,0.639381986
2789-CZANW,0,Female,0,1,1,64,1,1,Fiber optic,1,1,0,1,1,1,Two year,0,Bank transfer (automatic),110.3,6997.3,3.625904011
2789-HQBOU,0,Male,0,0,0,3,1,0,Fiber optic,0,0,0,0,0,1,Month-to-month,1,Electronic check,80.35,253.8,2.641354372
2790-XUYMV,0,Male,0,0,1,71,1,1,Fiber optic,1,1,0,0,0,0,One year,1,Credit card (automatic),85.45,6028.95,2.809007232
2791-SFVEW,0,Female,0,0,0,9,1,0,No,0,0,0,0,0,0,Month-to-month,0,Bank transfer (automatic),20.15,238.15,0.662393162
2792-LSHWX,0,Female,0,0,0,1,1,0,Fiber optic,1,1,0,1,0,0,Month-to-month,1,Mailed check,83.4,83.4,2.741617357
2792-VPPET,0,Male,0,0,0,3,1,0,No,0,0,0,0,0,0,Month-to-month,1,Electronic check,20.5,76.95,0.673898751
2794-XIMMO,1,Male,0,1,0,53,0,0,DSL,0,1,1,1,1,1,One year,1,Electronic check,60.45,3184.25,1.987179487
2796-NNUFI,0,Female,0,1,1,46,1,0,No,0,0,0,0,0,0,Two year,1,Mailed check,19.95,927.1,0.65581854
2796-UUZZO,0,Male,0,1,1,63,1,0,Fiber optic,0,1,1,0,0,0,Month-to-month,1,Credit card (automatic),80.3,4896.35,2.639710717
2798-NYLMZ,0,Male,0,1,0,71,1,1,Fiber optic,1,0,1,1,1,1,Two year,1,Credit card (automatic),108.55,7616,3.568376068
2799-ARNLO,0,Female,1,1,0,5,1,0,Fiber optic,0,0,0,0,0,0,Month-to-month,1,Electronic check,69.35,341.6,2.279750164
2799-TSLAG,0,Female,0,1,1,65,1,1,No,0,0,0,0,0,0,Two year,1,Bank transfer (automatic),25.3,1748.55,0.831689678
2800-QQUSO,0,Male,0,0,0,42,1,1,Fiber optic,0,0,0,1,1,1,Month-to-month,1,Electronic check,100.3,4222.95,3.297172913
2800-VEQXM,0,Female,0,0,0,3,1,0,Fiber optic,0,0,1,0,0,0,Month-to-month,1,Mailed check,74.75,238.1,2.457264957
2801-NISEI,0,Male,0,0,0,24,1,0,DSL,1,0,0,1,0,0,Month-to-month,0,Electronic check,54.95,1348.5,1.806377383
2804-ETQDK,0,Male,0,0,1,66,1,0,No,0,0,0,0,0,0,Two year,0,Mailed check,20.55,1357.1,0.675542406
2805-AUFQN,0,Female,0,0,0,25,1,0,No,0,0,0,0,0,0,Two year,0,Credit card (automatic),19.8,475.2,0.650887574
2805-EDJPQ,0,Female,0,1,1,56,1,1,Fiber optic,0,1,1,1,0,1,One year,1,Credit card (automatic),99.75,5608.4,3.279092702
2806-MLNTI,0,Male,1,1,0,52,1,1,Fiber optic,0,1,1,0,1,1,One year,1,Bank transfer (automatic),105.1,5376.4,3.45496384
2808-CHTDM,0,Female,0,1,1,23,1,1,No,0,0,0,0,0,0,Two year,0,Mailed check,25.1,611.45,0.825115056
2809-ILCYT,0,Female,0,1,0,25,1,1,No,0,0,0,0,0,0,One year,1,Mailed check,26.8,733.55,0.880999343
2809-ZMYOQ,0,Female,0,0,0,32,1,1,Fiber optic,0,0,1,0,1,1,Month-to-month,1,Electronic check,101.35,3334.9,3.331689678
2810-FTLEM,1,Female,0,0,0,16,1,0,DSL,1,0,0,0,0,0,Month-to-month,1,Electronic check,50.15,762.25,1.648586456
2811-POVEX,0,Female,1,1,1,23,1,0,Fiber optic,0,1,1,0,0,1,Month-to-month,1,Bank transfer (automatic),88.45,2130.55,2.907626561
2812-ENYMO,0,Male,0,0,0,26,0,0,DSL,1,0,0,1,1,1,One year,0,Credit card (automatic),54.55,1362.85,1.793228139
2812-REYAT,0,Female,0,1,0,49,1,0,No,0,0,0,0,0,0,One year,1,Bank transfer (automatic),20.05,923.1,0.659105851
2812-SFXMJ,0,Male,0,0,1,1,1,0,No,0,0,0,0,0,0,Month-to-month,0,Mailed check,20.05,20.05,0.659105851
2815-CPTUL,1,Male,1,0,0,5,1,0,Fiber optic,0,0,0,0,0,0,Month-to-month,1,Mailed check,70.25,331.9,2.309335963
2817-LVCPP,0,Female,0,0,0,50,1,0,No,0,0,0,0,0,0,Two year,0,Credit card (automatic),19.4,1023.95,0.63773833
2817-NTQDO,1,Male,0,0,0,13,0,0,DSL,1,0,0,1,1,0,Month-to-month,1,Credit card (automatic),45.55,597,1.497370151
2819-GWENI,0,Female,0,1,1,28,1,0,No,0,0,0,0,0,0,One year,0,Mailed check,19.9,543,0.654174885
2821-WARNZ,0,Female,0,0,1,49,1,0,No,0,0,0,0,0,0,One year,0,Credit card (automatic),19.45,921.3,0.639381986
2823-LKABH,0,Female,0,0,0,18,1,1,Fiber optic,0,0,1,1,0,1,Month-to-month,1,Bank transfer (automatic),95.05,1679.4,3.124589086
2824-DXNKN,0,Female,0,1,1,72,1,1,DSL,1,0,1,0,1,0,Two year,1,Bank transfer (automatic),71.45,5025.85,2.348783695
2824-MYYBN,0,Female,0,1,1,37,1,1,Fiber optic,0,0,0,0,1,1,Month-to-month,1,Electronic check,95.25,3314.15,3.131163708
2826-DXLQO,0,Male,1,1,0,7,0,0,DSL,1,0,0,0,0,0,Month-to-month,0,Bank transfer (automatic),29.8,220.45,0.979618672
2826-UWHIS,0,Male,0,1,0,45,1,1,Fiber optic,0,1,0,0,0,0,Month-to-month,0,Bank transfer (automatic),81.4,3775.85,2.675871137
2828-SLQPF,0,Male,0,0,0,19,1,0,DSL,0,0,0,0,0,0,Month-to-month,1,Bank transfer (automatic),45,865.85,1.479289941
2829-HYVZP,0,Male,0,0,0,29,1,0,No,0,0,0,0,0,0,One year,1,Mailed check,19.8,572.2,0.650887574
2830-LEWOA,0,Male,0,1,1,61,1,0,Fiber optic,0,1,1,1,1,1,One year,0,Credit card (automatic),103.9,6449.15,3.415516108
2831-EBWRN,0,Male,0,0,0,4,1,0,DSL,0,0,0,0,0,0,Month-to-month,1,Electronic check,45.9,199.75,1.50887574
2832-KJCRD,0,Female,0,0,0,38,1,1,Fiber optic,0,0,1,1,1,1,Month-to-month,1,Electronic check,103.65,3988.5,3.40729783
2832-SCUCO,0,Female,0,0,0,2,1,0,No,0,0,0,0,0,0,Month-to-month,0,Electronic check,19.9,57.4,0.654174885
2833-SLKDQ,1,Male,0,0,0,1,1,0,DSL,0,0,0,0,0,0,Month-to-month,0,Mailed check,45.05,45.05,1.480933596
2834-JKOOW,0,Female,0,0,0,15,0,0,DSL,1,1,1,1,0,0,One year,0,Mailed check,45.9,693.45,1.50887574
2834-JRTUA,1,Male,0,0,0,71,1,1,Fiber optic,1,0,1,1,1,1,Two year,1,Electronic check,108.05,7532.15,3.551939513
2834-SPCJV,1,Male,0,1,0,52,1,0,Fiber optic,1,0,0,0,1,0,Month-to-month,0,Electronic check,84.1,4348.65,2.764628534
2839-RFSQE,1,Female,0,0,0,2,1,0,No,0,0,0,0,0,0,Month-to-month,0,Mailed check,20.65,38.7,0.678829717
2840-XANRC,1,Male,1,1,0,24,1,0,Fiber optic,0,0,1,0,1,1,Month-to-month,1,Electronic check,93.15,2231.05,3.062130178
2842-BCQGE,0,Male,0,0,0,43,1,1,Fiber optic,0,0,0,0,0,0,Month-to-month,1,Credit card (automatic),75.35,3161.4,2.476988823
2842-JTCCU,1,Male,0,0,0,2,1,0,DSL,0,0,0,0,0,0,Month-to-month,0,Bank transfer (automatic),46.05,80.35,1.513806706
2843-CQMEG,0,Male,0,0,0,24,1,0,DSL,0,1,0,0,0,0,Month-to-month,1,Mailed check,49.7,1218.25,1.633793557
2845-AFFTX,1,Male,1,1,0,41,1,1,Fiber optic,0,0,1,0,1,1,Month-to-month,1,Electronic check,99.8,4259.3,3.280736358
2845-HSJCY,1,Female,0,1,1,14,1,1,Fiber optic,0,0,1,0,0,1,Month-to-month,1,Electronic check,87.25,1258.6,2.86817883
2845-KDHVX,0,Female,0,1,0,64,1,0,DSL,0,1,1,1,0,1,Two year,1,Mailed check,68.3,4378.8,2.245233399
2848-YXSMW,0,Male,0,1,1,72,1,0,No,0,0,0,0,0,0,Two year,0,Credit card (automatic),19.4,1363.25,0.63773833
2851-MMUTZ,0,Female,0,0,0,27,1,0,DSL,0,1,0,1,0,0,Month-to-month,1,Mailed check,56.15,1439.35,1.845825115
2851-STERV,0,Male,1,0,0,35,1,0,DSL,0,0,1,1,1,1,One year,1,Electronic check,73,2471.25,2.399737015
2853-CWQFQ,0,Male,0,0,1,1,1,0,DSL,0,0,0,1,0,1,Month-to-month,1,Mailed check,59.55,59.55,1.957593688
2856-HYAPG,1,Female,0,0,0,1,1,0,Fiber optic,0,0,0,0,0,0,Month-to-month,0,Electronic check,68.65,68.65,2.256738988
2856-NNASM,1,Male,1,0,0,43,1,0,Fiber optic,0,0,0,0,1,1,Month-to-month,1,Mailed check,89.55,3856.75,2.943786982
2858-EIMXH,0,Female,1,1,0,53,1,1,Fiber optic,0,0,0,0,1,1,One year,1,Credit card (automatic),95.85,5016.25,3.150887574
2858-MOFSQ,1,Female,0,0,1,17,1,1,DSL,0,0,1,0,0,0,One year,1,Mailed check,55.85,937.5,1.835963182
2860-RANUS,1,Female,1,0,0,20,1,1,Fiber optic,0,0,0,0,0,1,Month-to-month,1,Credit card (automatic),85.8,1727.5,2.820512821
2862-JVEOY,0,Male,0,0,0,6,1,0,No,0,0,0,0,0,0,One year,0,Mailed check,19.15,124.4,0.629520053
2862-PFNIK,0,Male,0,0,1,1,0,0,DSL,0,0,0,0,0,0,Month-to-month,1,Electronic check,24.7,24.7,0.811965812
2863-IMQDR,0,Female,0,0,0,61,1,1,DSL,1,1,1,1,1,1,Two year,0,Electronic check,89.65,5308.7,2.947074293
2865-TCHJW,1,Female,1,0,0,4,1,1,Fiber optic,0,0,1,0,1,0,Month-to-month,1,Electronic check,89.2,346.2,2.932281394
2866-IKBTM,0,Female,0,0,0,1,1,0,No,0,0,0,0,0,0,Month-to-month,0,Mailed check,19.55,19.55,0.642669297
2867-UIMSS,1,Male,0,0,0,1,1,0,Fiber optic,0,0,0,0,0,1,Month-to-month,0,Electronic check,80.5,80.5,2.646285339
2868-LLSKM,0,Female,0,1,1,68,1,1,Fiber optic,0,1,0,1,0,0,One year,1,Bank transfer (automatic),83.65,5733.4,2.749835634
2868-MZAGQ,1,Male,0,0,0,1,1,0,Fiber optic,0,0,0,0,0,1,Month-to-month,1,Electronic check,79.25,79.25,2.605193951
2868-SNELZ,1,Female,0,0,0,2,1,1,Fiber optic,0,0,1,0,0,0,Month-to-month,0,Mailed check,80.6,155.8,2.64957265
2869-ADAWR,1,Female,0,0,0,45,1,1,Fiber optic,0,1,0,0,1,0,Month-to-month,1,Credit card (automatic),89.3,4016.85,2.935568705
2873-ZLIWT,1,Female,0,1,1,40,1,1,Fiber optic,0,0,1,1,0,0,Month-to-month,1,Electronic check,84.85,3303.05,2.789283366
2874-YXVVA,0,Female,0,0,0,34,1,0,Fiber optic,0,1,1,1,1,1,Month-to-month,1,Electronic check,105.1,3634.8,3.45496384
2876-GZYZC,0,Female,0,0,0,13,1,1,Fiber optic,0,0,0,0,0,1,Month-to-month,1,Electronic check,85.95,1215.65,2.825443787
2876-VBBBL,1,Female,0,0,0,1,1,0,No,0,0,0,0,0,0,Month-to-month,1,Mailed check,20.25,20.25,0.665680473
2877-VDUER,0,Female,0,1,1,35,0,0,DSL,0,0,0,1,1,0,One year,0,Mailed check,40.9,1383.6,1.344510191
2878-DHMIN,0,Male,0,1,1,35,1,0,No,0,0,0,0,0,0,One year,0,Electronic check,19.9,666,0.654174885
2878-RMWXY,0,Male,1,1,0,72,1,1,Fiber optic,1,1,1,0,0,1,Two year,1,Credit card (automatic),102.65,7550.3,3.374424721
2880-FPNAE,0,Male,1,1,0,2,1,0,Fiber optic,0,0,1,0,0,0,Month-to-month,1,Electronic check,74.2,140.1,2.439184747
2882-DDZPG,0,Female,0,0,0,12,1,0,No,0,0,0,0,0,0,Month-to-month,0,Bank transfer (automatic),19.45,227.45,0.639381986
2882-WDTBA,0,Male,0,1,1,69,1,0,DSL,1,1,1,1,1,0,Two year,1,Bank transfer (automatic),75.75,5388.15,2.490138067
2883-ILGWO,0,Male,1,0,0,57,1,1,Fiber optic,0,1,0,1,1,1,Month-to-month,1,Bank transfer (automatic),104.9,5913.95,3.448389218
2884-GBPFB,1,Female,0,1,0,35,1,0,Fiber optic,0,0,0,0,0,0,Month-to-month,1,Electronic check,70.3,2416.55,2.310979619
2885-HIJDH,0,Male,0,1,1,69,1,1,DSL,1,0,1,1,1,1,Two year,0,Bank transfer (automatic),86.9,6194.1,2.856673241
2886-KEFUM,1,Female,0,1,0,63,1,1,Fiber optic,0,1,1,0,1,1,One year,1,Electronic check,107.5,6873.75,3.533859303
2887-JPYLU,0,Female,0,0,1,41,1,0,DSL,0,0,0,0,0,0,Month-to-month,0,Bank transfer (automatic),45.2,1841.9,1.485864563
2888-ADFAO,0,Female,0,1,1,47,1,0,No,0,0,0,0,0,0,Two year,1,Bank transfer (automatic),21.3,1041.8,0.700197239
2889-FPWRM,1,Male,0,1,0,72,1,1,Fiber optic,1,1,1,1,1,1,One year,1,Bank transfer (automatic),117.8,8684.8,3.872452334
2890-WFBHU,0,Female,0,0,0,59,1,1,DSL,1,1,1,1,0,1,One year,0,Credit card (automatic),79.85,4786.1,2.624917817
2892-GESUL,0,Female,0,1,1,18,1,0,No,0,0,0,0,0,0,Two year,0,Mailed check,19.35,309.25,0.636094675
2894-QOJRX,1,Female,0,1,0,25,0,0,DSL,0,0,0,0,1,0,Month-to-month,1,Bank transfer (automatic),34,853,1.117685733
2896-TBNBE,0,Male,0,1,0,40,1,0,Fiber optic,0,1,1,0,0,0,One year,0,Electronic check,80.8,3132.75,2.656147272
2897-DOVND,0,Male,0,0,0,2,1,0,Fiber optic,0,0,0,0,0,0,Month-to-month,1,Electronic check,69.8,146.65,2.294543064
2898-LSJGD,1,Female,0,1,1,21,0,0,DSL,1,0,1,0,1,1,One year,1,Electronic check,55.95,1157.05,1.839250493
2898-MRKPI,0,Male,0,1,1,68,1,1,Fiber optic,0,1,0,0,1,1,One year,1,Credit card (automatic),101.05,6770.5,3.321827745
2900-PHPLN,0,Female,1,1,0,70,1,0,No,0,0,0,0,0,0,Two year,1,Credit card (automatic),19.55,1462.05,0.642669297
2903-YYTBW,0,Male,0,1,1,1,1,0,DSL,0,0,0,0,0,0,Month-to-month,0,Electronic check,44.55,44.55,1.464497041
2904-GGUAZ,0,Female,0,1,0,72,1,1,Fiber optic,1,1,0,0,0,0,Two year,1,Bank transfer (automatic),84.05,6052.25,2.762984878
2905-KFQUV,0,Female,0,1,0,2,1,0,Fiber optic,0,0,0,0,0,0,Month-to-month,1,Credit card (automatic),70.4,154.8,2.31426693
2907-ILJBN,0,Female,0,1,1,11,1,0,No,0,0,0,0,0,0,One year,0,Mailed check,20.6,233.9,0.677186062
2908-WGAXL,0,Female,0,1,1,56,1,1,No,0,0,0,0,0,0,Two year,1,Credit card (automatic),24.95,1468.9,0.820184089
2908-ZTPNF,0,Female,0,0,0,36,0,0,DSL,0,1,0,1,0,0,Month-to-month,1,Bank transfer (automatic),34.85,1267.2,1.145627876
2911-IJORQ,0,Male,0,0,0,37,1,1,DSL,1,1,1,1,1,1,One year,1,Bank transfer (automatic),90.6,3358.65,2.978303748
2911-UREFD,1,Female,0,1,0,39,0,0,DSL,1,0,1,0,1,1,Month-to-month,0,Electronic check,55.9,2184.35,1.837606838
2911-WDXMV,0,Male,0,0,1,18,1,1,Fiber optic,0,0,1,0,0,0,Month-to-month,1,Credit card (automatic),80.55,1406.65,2.647928994
2916-BQZLN,0,Male,0,0,0,19,1,1,Fiber optic,1,0,1,0,0,0,Month-to-month,1,Electronic check,84.75,1651.95,2.785996055
2919-HBCJO,1,Female,0,0,0,4,1,0,Fiber optic,0,1,0,0,0,0,Month-to-month,1,Bank transfer (automatic),76.65,333.6,2.519723866
2920-RNCEZ,0,Male,0,1,1,1,1,0,Fiber optic,0,0,0,0,0,0,Month-to-month,1,Credit card (automatic),69.95,69.95,2.29947403
2921-XWDJH,0,Female,1,1,0,38,1,0,Fiber optic,1,0,0,0,0,1,Month-to-month,1,Electronic check,83.45,3147.15,2.743261012
2923-ARZLG,0,Male,0,1,1,0,1,0,No,0,0,0,0,0,0,One year,1,Mailed check,19.7,0,0.647600263
2924-KHUVI,0,Male,0,1,0,56,1,1,Fiber optic,1,0,0,0,1,1,One year,1,Electronic check,100.55,5514.95,3.30539119
2925-MXLSX,0,Female,0,0,0,30,1,1,DSL,0,1,1,0,1,0,One year,1,Credit card (automatic),68.95,2038.7,2.26660092
2925-VDZHY,0,Male,0,1,1,72,1,1,DSL,1,1,1,1,1,1,Two year,0,Credit card (automatic),88.7,6501.35,2.915844839
2926-JEJJC,0,Female,0,0,0,8,1,0,No,0,0,0,0,0,0,One year,1,Bank transfer (automatic),20.2,140.95,0.664036818
2927-CVULT,0,Female,0,1,1,53,1,1,Fiber optic,1,1,1,1,0,1,Two year,1,Bank transfer (automatic),104.05,5566.4,3.420447074
2927-QRRQV,0,Male,0,1,0,46,1,1,Fiber optic,0,1,1,0,1,0,One year,1,Electronic check,94.65,4312.5,3.111439842
2928-HLDBA,0,Female,0,0,0,6,1,0,No,0,0,0,0,0,0,Month-to-month,0,Mailed check,20.7,112.75,0.680473373
2929-ERCFZ,1,Female,0,1,1,8,1,0,Fiber optic,0,0,1,0,1,1,Month-to-month,1,Electronic check,94.2,777.3,3.096646943
2929-QNSRW,1,Female,0,1,0,56,1,1,Fiber optic,0,1,0,0,1,1,One year,1,Electronic check,98.25,5508.35,3.229783037
2930-UOTMB,1,Female,0,0,0,31,1,1,DSL,1,0,1,1,0,0,Month-to-month,0,Credit card (automatic),65.25,1994.3,2.144970414
2931-FSOHN,0,Male,1,0,0,13,1,0,DSL,0,1,0,0,1,0,Month-to-month,1,Electronic check,59.9,788.35,1.969099277
2931-SVLTV,0,Male,0,1,1,40,1,1,Fiber optic,1,1,0,1,1,1,Month-to-month,1,Credit card (automatic),110.1,4469.1,3.619329389
2931-VUVJN,0,Female,1,1,0,59,1,1,Fiber optic,1,1,1,1,0,0,One year,1,Electronic check,94.05,5483.9,3.091715976
2931-XIQBR,0,Female,0,1,1,50,1,0,Fiber optic,0,0,1,1,1,1,One year,0,Mailed check,103.05,5153.5,3.387573964
2933-FILNV,1,Female,0,1,1,2,0,0,DSL,0,0,0,0,0,0,Month-to-month,1,Mailed check,24.4,36.55,0.802103879
2933-XEUJM,0,Female,0,0,0,46,1,1,DSL,1,0,1,0,1,1,Two year,0,Mailed check,79.2,3593.8,2.603550296
2937-FTHUR,0,Female,0,0,1,18,1,1,DSL,1,0,0,0,0,1,Month-to-month,0,Electronic check,64.8,1166.7,2.130177515
2946-KIQSP,0,Female,0,0,0,35,0,0,DSL,0,0,1,1,0,0,Month-to-month,1,Mailed check,33.45,1175.85,1.099605523
2947-DOMLJ,1,Male,0,0,1,1,1,0,DSL,1,0,0,0,0,0,Month-to-month,0,Mailed check,50.6,50.6,1.663379356
2951-QOQTK,1,Male,0,0,1,4,1,1,Fiber optic,0,0,0,1,0,0,Month-to-month,0,Credit card (automatic),80.8,332.45,2.656147272
2952-QAYZF,1,Male,0,0,0,5,1,1,Fiber optic,0,1,1,0,0,0,Month-to-month,1,Electronic check,85.3,424.15,2.804076266
2954-PIBKO,0,Female,0,1,1,69,1,1,DSL,1,0,1,1,0,0,Two year,1,Credit card (automatic),64.15,4254.1,2.108809993
2955-BJZHG,1,Male,0,1,1,17,1,0,Fiber optic,0,0,0,0,1,0,Month-to-month,0,Electronic check,80.85,1400.85,2.657790927
2955-PSXOE,1,Female,0,0,0,1,1,0,No,0,0,0,0,0,0,Month-to-month,1,Bank transfer (automatic),20.2,20.2,0.664036818
2956-GGUCQ,1,Male,1,1,0,24,1,1,Fiber optic,1,0,0,0,0,0,Month-to-month,1,Electronic check,78.85,1772.25,2.592044707
2957-JIRMN,0,Female,1,0,0,62,1,1,Fiber optic,0,0,0,0,1,0,One year,0,Electronic check,84.45,4959.15,2.776134122
2957-LOLHO,1,Male,0,0,0,12,1,0,DSL,0,0,0,0,0,0,Month-to-month,1,Bank transfer (automatic),45.4,518.9,1.492439185
2958-NHPPS,0,Male,0,0,0,23,1,0,No,0,0,0,0,0,0,Month-to-month,0,Electronic check,20.85,473.9,0.685404339
2959-EEXWB,0,Female,0,1,1,45,0,0,DSL,1,0,0,0,1,1,Month-to-month,1,Bank transfer (automatic),50.9,2333.85,1.673241289
2959-FENLU,0,Female,0,0,0,9,1,0,Fiber optic,0,0,1,0,0,1,Month-to-month,1,Credit card (automatic),85.3,781.4,2.804076266
2959-MJHIC,1,Male,0,1,0,4,1,0,Fiber optic,0,0,0,0,1,0,Month-to-month,1,Electronic check,80.35,307.4,2.641354372
2960-NKRSO,0,Male,0,0,0,24,1,0,Fiber optic,0,1,1,1,0,0,Month-to-month,1,Electronic check,85.95,2107.15,2.825443787
2961-VNFKL,0,Female,0,1,0,71,1,1,No,0,0,0,0,0,0,Two year,1,Credit card (automatic),25.95,1801.9,0.853057199
2962-XPMCQ,1,Male,0,0,0,2,1,0,DSL,0,0,0,0,0,0,Month-to-month,1,Electronic check,45.15,98.5,1.484220907
2967-MXRAV,0,Male,0,1,1,1,1,0,No,0,0,0,0,0,0,One year,0,Mailed check,18.8,18.8,0.618014464
2968-SSGAA,1,Female,0,0,0,10,1,1,Fiber optic,0,0,1,0,1,1,Month-to-month,1,Electronic check,100.6,1060.2,3.307034845
2969-QWUBZ,0,Female,0,0,0,2,0,0,DSL,0,1,0,0,1,1,Month-to-month,0,Electronic check,51.4,96.8,1.689677844
2969-VAPYH,0,Female,0,0,0,67,1,0,DSL,1,1,0,1,0,0,One year,0,Credit card (automatic),60.5,3870,1.988823143
2969-WGHQO,0,Female,0,1,1,7,1,0,DSL,1,1,1,0,1,0,One year,0,Electronic check,69.45,477.05,2.283037475
2971-SGAFL,0,Female,0,0,0,13,1,1,DSL,1,0,1,0,1,1,Month-to-month,1,Electronic check,78.75,995.35,2.588757396
2972-YDYUW,0,Female,0,0,0,57,1,1,Fiber optic,0,1,0,1,0,1,One year,0,Electronic check,94.7,5468.95,3.113083498
2974-GGUXS,0,Female,1,1,0,36,1,1,Fiber optic,0,1,0,0,1,0,Month-to-month,1,Credit card (automatic),91.95,3301.05,3.022682446
2977-CEBSX,0,Female,0,0,0,66,1,1,DSL,1,1,1,1,1,1,Two year,1,Credit card (automatic),90.05,5965.95,2.960223537
2978-XXSOG,0,Female,0,0,0,22,1,1,DSL,1,0,0,1,0,0,Month-to-month,1,Mailed check,59.05,1253.5,1.941157133
2979-SXESE,1,Female,0,1,1,17,1,1,Fiber optic,1,0,1,0,1,0,Month-to-month,0,Electronic check,94.4,1607.2,3.103221565
2982-IHMFT,1,Female,1,0,0,1,1,1,Fiber optic,0,0,0,0,0,0,Month-to-month,1,Mailed check,74.45,74.45,2.447403024
2982-VPSGI,1,Female,0,1,0,11,1,1,Fiber optic,0,0,0,0,1,1,Month-to-month,1,Electronic check,94,1078.9,3.090072321
2983-ZANRP,1,Female,0,1,1,2,1,0,Fiber optic,0,1,0,0,0,0,Month-to-month,1,Bank transfer (automatic),73.55,145.4,2.417817226
2984-AFWNC,0,Female,0,0,0,3,1,0,Fiber optic,0,1,0,0,1,1,Month-to-month,0,Electronic check,95.4,293.15,3.136094675
2984-MIIZL,1,Male,0,0,0,4,1,0,Fiber optic,0,0,1,0,0,0,Month-to-month,1,Bank transfer (automatic),74.8,321.9,2.458908613
2984-RGEYA,0,Female,0,1,1,69,1,0,No,0,0,0,0,0,0,Two year,0,Bank transfer (automatic),19.75,1375.4,0.649243918
2984-TBYKU,0,Male,0,1,1,72,1,1,Fiber optic,1,1,1,1,0,1,Two year,1,Credit card (automatic),104.9,7732.65,3.448389218
2985-FMWYF,0,Female,0,0,0,23,1,1,Fiber optic,0,0,0,0,1,1,Month-to-month,1,Electronic check,93.5,2341.55,3.073635766
2985-JUUBZ,0,Male,0,1,1,40,1,1,DSL,0,0,1,0,1,1,Month-to-month,1,Electronic check,74.55,3015.75,2.450690335
2987-BJXIK,0,Female,0,0,0,70,1,1,DSL,1,1,1,0,1,1,Two year,0,Mailed check,84.7,5991.05,2.7843524
2988-GBIVW,0,Female,1,1,0,70,1,1,Fiber optic,1,0,0,0,0,1,Month-to-month,1,Electronic check,90.85,6470.1,2.986522025
2988-PLAHS,0,Female,0,0,0,3,1,0,DSL,0,0,1,0,1,1,One year,1,Electronic check,69.95,220.45,2.29947403
2988-QRAJY,0,Male,0,0,0,69,1,1,Fiber optic,1,1,1,0,1,1,Two year,1,Credit card (automatic),110.05,7430.75,3.617685733
2990-HWIML,1,Female,0,0,0,6,1,0,Fiber optic,0,0,0,0,1,1,Month-to-month,1,Electronic check,89.5,573.3,2.942143327
2990-IAJSV,0,Male,0,0,0,72,1,1,DSL,1,1,1,1,1,1,Two year,0,Bank transfer (automatic),92,6632.75,3.024326101
2990-OGYTD,0,Female,0,1,0,67,1,1,DSL,0,1,1,1,1,1,Two year,0,Bank transfer (automatic),86.15,5883.85,2.832018409
2995-UPRYS,1,Female,1,1,0,40,1,0,Fiber optic,0,1,0,1,1,1,One year,1,Credit card (automatic),99.2,4062.2,3.261012492
2995-YWTCD,0,Female,0,1,1,19,1,1,No,0,0,0,0,0,0,Two year,1,Bank transfer (automatic),24.9,467.7,0.818540434
2996-XAUVF,0,Male,0,0,0,70,0,0,DSL,0,0,0,1,0,1,Two year,1,Mailed check,40.05,2799.75,1.316568047
2999-AANRQ,0,Female,0,0,0,21,1,0,DSL,1,1,0,1,1,0,Two year,0,Credit card (automatic),71.05,1524.85,2.335634451
3001-CBHLQ,1,Male,1,1,0,32,1,1,Fiber optic,0,0,1,1,1,1,Month-to-month,1,Electronic check,104.9,3351.55,3.448389218
3001-UNBTL,0,Male,1,1,1,29,1,1,Fiber optic,0,0,1,0,1,1,Month-to-month,1,Electronic check,103.95,2964.8,3.417159763
3002-WQZWT,0,Female,0,0,0,29,1,1,Fiber optic,0,0,0,0,0,0,Month-to-month,1,Electronic check,74.2,1993.25,2.439184747
3003-CMDUU,0,Female,0,1,0,25,1,0,Fiber optic,0,0,0,1,1,1,Month-to-month,1,Electronic check,95.15,2395.7,3.127876397
3005-NFMTA,1,Male,1,0,0,55,1,1,Fiber optic,1,0,0,0,1,1,Month-to-month,1,Electronic check,98.8,5617.75,3.247863248
3005-TYFRD,0,Female,0,1,0,55,1,1,Fiber optic,0,1,1,0,1,1,Month-to-month,1,Credit card (automatic),103.65,5676.65,3.40729783
3006-XIMLN,1,Female,0,0,1,2,1,1,Fiber optic,0,0,0,0,1,1,Month-to-month,1,Bank transfer (automatic),94.2,193.8,3.096646943
3007-FDPEA,0,Female,0,0,0,2,1,0,No,0,0,0,0,0,0,Month-to-month,1,Bank transfer (automatic),20.7,39.85,0.680473373
3009-JWMPU,1,Male,0,0,0,62,1,1,Fiber optic,0,0,1,0,1,1,One year,1,Electronic check,96.75,6125.4,3.180473373
3011-WQKSZ,0,Male,0,0,1,19,1,0,No,0,0,0,0,0,0,Month-to-month,1,Electronic check,20,377.55,0.657462196
3012-VFFMN,0,Female,0,1,1,7,1,0,No,0,0,0,0,0,0,Month-to-month,0,Mailed check,20.65,158.95,0.678829717
3014-WJKSM,0,Male,0,1,0,29,1,0,Fiber optic,0,0,1,0,0,0,Month-to-month,1,Credit card (automatic),75.3,2263.4,2.475345168
3016-KSVCP,0,Male,0,1,0,29,0,0,DSL,0,0,0,0,1,0,Month-to-month,0,Mailed check,33.75,1009.25,1.109467456
3018-TFTSU,1,Male,0,0,0,12,1,0,Fiber optic,1,0,1,0,0,0,Month-to-month,0,Bank transfer (automatic),81.7,858.6,2.68573307
3021-VLNRJ,0,Female,0,0,1,50,1,0,DSL,1,0,1,1,1,0,One year,1,Credit card (automatic),70.8,3478.15,2.327416174
3022-BEXHZ,0,Male,0,1,1,67,1,1,Fiber optic,0,1,1,1,1,1,Two year,1,Bank transfer (automatic),111.2,7530.8,3.655489809
3023-GFLBR,1,Female,0,1,1,33,1,1,Fiber optic,0,0,0,0,0,1,Month-to-month,0,Credit card (automatic),86.15,2745.7,2.832018409
3026-ATZYV,0,Female,0,1,1,37,1,0,DSL,1,1,0,0,1,1,One year,0,Bank transfer (automatic),75.1,2658.8,2.468770546
3027-YNWZU,0,Female,0,1,0,64,1,1,No,0,0,0,0,0,0,Two year,0,Credit card (automatic),25,1584.8,0.821827745
3027-ZTDHO,1,Male,0,0,0,1,1,0,Fiber optic,0,0,0,0,1,1,Month-to-month,1,Electronic check,89.9,89.9,2.955292571
3030-YDNRM,0,Male,0,0,0,8,1,1,Fiber optic,0,0,0,0,0,0,Month-to-month,1,Electronic check,74.85,572.45,2.460552268
3030-YZADT,1,Male,0,0,0,9,1,0,DSL,0,0,0,0,0,0,Month-to-month,0,Mailed check,44.95,431,1.477646285
3030-ZKIWL,0,Male,0,0,0,1,1,0,No,0,0,0,0,0,0,Month-to-month,0,Mailed check,20.05,20.05,0.659105851
3034-ZBEQN,1,Female,0,1,0,48,0,0,DSL,0,1,1,0,0,0,One year,0,Mailed check,34.7,1604.5,1.14069691
3038-PQIUY,0,Female,0,0,0,38,1,1,DSL,1,1,1,0,0,0,Month-to-month,1,Bank transfer (automatic),66.15,2522.4,2.174556213
3039-MJSLN,0,Male,0,0,1,3,1,0,No,0,0,0,0,0,0,Month-to-month,0,Bank transfer (automatic),20.2,50.6,0.664036818
3043-SUDUA,0,Female,0,0,0,32,1,0,No,0,0,0,0,0,0,Month-to-month,0,Bank transfer (automatic),19.9,601.55,0.654174885
3043-TYBNO,0,Male,0,0,0,3,1,0,DSL,0,0,0,1,0,1,Month-to-month,0,Mailed check,60.65,196.9,1.993754109
3045-XETSH,1,Female,0,0,0,10,1,1,Fiber optic,0,1,1,0,0,1,Month-to-month,1,Electronic check,94.85,953.45,3.118014464
3049-NDXFL,1,Female,0,0,0,1,1,1,Fiber optic,0,0,0,0,0,1,Month-to-month,0,Mailed check,85.8,85.8,2.820512821
3049-SOLAY,1,Female,0,1,0,3,1,1,Fiber optic,0,0,0,0,1,1,Month-to-month,1,Electronic check,95.2,292.85,3.129520053
3050-GBUSH,0,Female,0,0,0,3,0,0,DSL,0,0,0,0,1,0,Month-to-month,1,Credit card (automatic),34.8,113.95,1.143984221
3050-RLLXC,0,Female,0,1,1,56,1,1,DSL,1,1,1,1,1,0,Two year,0,Credit card (automatic),81.25,4620.4,2.670940171
3055-MJDSB,0,Male,0,0,0,9,0,0,DSL,0,0,0,0,0,0,Month-to-month,1,Mailed check,24.6,190.1,0.808678501
3055-OYMSE,0,Female,1,0,0,53,1,0,Fiber optic,0,1,0,0,0,0,Month-to-month,1,Credit card (automatic),73.8,4003.85,2.426035503
3055-VTCGS,0,Female,0,0,0,63,1,0,DSL,0,0,1,0,0,1,One year,0,Credit card (automatic),58.55,3503.5,1.924720579
3057-VJJQE,0,Male,0,0,0,35,1,1,DSL,1,0,0,0,0,0,Two year,0,Mailed check,55.25,1924.1,1.816239316
3058-HJCUY,1,Male,0,1,1,41,1,1,Fiber optic,0,0,1,1,1,1,One year,1,Electronic check,102.6,4213.35,3.372781065
3058-WQDRE,0,Male,0,0,0,13,0,0,DSL,0,0,0,0,0,0,Month-to-month,1,Bank transfer (automatic),25.15,331.85,0.826758711
3059-NGMXB,0,Male,0,1,1,14,1,1,DSL,1,1,0,0,0,1,Month-to-month,0,Mailed check,69.2,944.65,2.274819198
3061-BCKYI,0,Male,0,0,0,14,1,0,No,0,0,0,0,0,0,Month-to-month,0,Mailed check,19.9,283.75,0.654174885
3062-ICYZQ,0,Female,0,1,1,51,1,1,Fiber optic,1,1,0,0,0,1,Month-to-month,1,Electronic check,93.8,4539.35,3.083497699
3063-QFSZL,1,Female,0,0,0,1,1,0,DSL,0,0,0,0,0,1,Month-to-month,1,Electronic check,55.4,55.4,1.821170283
3066-RRJIO,1,Female,0,0,0,1,1,0,Fiber optic,0,0,0,0,0,0,Month-to-month,1,Mailed check,69.95,69.95,2.29947403
3067-SVMTC,0,Female,0,1,0,68,1,0,DSL,1,0,0,1,0,0,One year,0,Bank transfer (automatic),55.9,3848.8,1.837606838
3068-OMWZA,1,Male,1,0,0,1,1,1,Fiber optic,0,0,1,0,1,0,Month-to-month,1,Electronic check,88.8,88.8,2.91913215
3069-SSVSN,0,Female,0,0,0,1,0,0,DSL,0,0,0,0,0,0,One year,0,Mailed check,25.85,25.85,0.849769888
3070-BDOQC,0,Female,0,0,0,60,1,0,Fiber optic,0,1,1,0,1,1,Two year,1,Electronic check,99.65,5941.05,3.275805391
3070-DVEYC,1,Male,1,0,0,7,1,1,Fiber optic,0,0,0,0,0,0,Month-to-month,0,Mailed check,73.75,545.15,2.424391847
3070-FNFZQ,0,Female,0,1,1,23,1,0,No,0,0,0,0,0,0,Two year,0,Bank transfer (automatic),20.4,478.75,0.67061144
3071-MVJCD,0,Male,0,1,1,72,1,1,DSL,1,1,1,1,1,0,Two year,0,Bank transfer (automatic),82.3,5815.15,2.705456936
3071-VBYPO,0,Male,0,1,1,3,1,0,Fiber optic,1,1,0,0,1,0,Month-to-month,0,Electronic check,89.85,248.4,2.953648915
3074-GQWYX,1,Male,0,0,0,5,1,1,Fiber optic,0,0,0,0,0,0,Month-to-month,1,Bank transfer (automatic),75.9,357.75,2.495069034
3077-RSNTJ,0,Female,0,1,1,6,1,0,No,0,0,0,0,0,0,Month-to-month,0,Mailed check,19.7,113.5,0.647600263
3078-ZKNTS,0,Female,0,1,1,13,1,0,No,0,0,0,0,0,0,Two year,1,Bank transfer (automatic),19.75,246.7,0.649243918
3079-BCHLN,0,Male,0,1,0,47,1,0,No,0,0,0,0,0,0,One year,0,Bank transfer (automatic),19.9,942.95,0.654174885
3082-VQXNH,0,Male,0,1,0,3,0,0,DSL,0,1,0,0,0,0,Month-to-month,0,Credit card (automatic),29.8,94.4,0.979618672
3082-WQRVY,0,Male,1,1,0,14,1,0,No,0,0,0,0,0,0,One year,0,Mailed check,19.65,228.65,0.645956607
3082-YVEKW,0,Female,0,1,1,23,1,1,DSL,1,0,1,1,1,0,Two year,1,Bank transfer (automatic),77.15,1759.4,2.536160421
3084-DOWLE,0,Female,0,1,0,72,1,1,DSL,1,1,1,1,1,1,Two year,0,Bank transfer (automatic),92,6474.4,3.024326101
3085-QUOZK,1,Female,0,0,0,1,1,0,DSL,0,0,0,0,0,0,Month-to-month,0,Mailed check,43.95,43.95,1.444773176
3086-RUCRN,0,Female,0,0,0,66,1,1,Fiber optic,1,1,1,1,0,1,Month-to-month,1,Bank transfer (automatic),103.1,6595,3.38921762
3088-FVYWK,0,Male,0,1,1,53,1,1,No,0,0,0,0,0,0,Two year,0,Credit card (automatic),25.55,1336.1,0.839907955
3088-LHEFH,0,Female,0,0,0,11,1,1,Fiber optic,1,0,0,0,0,0,Month-to-month,1,Bank transfer (automatic),79,929.3,2.596975674
3090-HAWSU,1,Male,0,0,0,61,1,1,Fiber optic,1,0,1,1,1,1,Two year,1,Credit card (automatic),111.6,6876.05,3.668639053
3090-LETTY,0,Male,0,0,1,2,1,1,DSL,1,1,0,0,0,0,Month-to-month,0,Bank transfer (automatic),60.95,134.6,2.003616042
3090-QFUVD,0,Female,0,0,0,1,1,0,No,0,0,0,0,0,0,Month-to-month,0,Credit card (automatic),20.3,20.3,0.667324129
3091-FYHKI,1,Male,0,0,0,1,0,0,DSL,0,0,0,0,0,1,Month-to-month,1,Electronic check,35.45,35.45,1.165351742
3092-IGHWF,1,Male,0,1,1,67,1,1,Fiber optic,0,1,1,0,0,0,One year,0,Electronic check,87.4,5918.8,2.873109796
3094-JOJAI,0,Male,0,0,0,18,1,1,Fiber optic,0,0,0,0,0,0,Month-to-month,0,Mailed check,74.15,1387,2.437541091
3096-GKWEB,0,Male,0,1,0,18,1,1,Fiber optic,0,0,0,0,1,1,Month-to-month,1,Electronic check,94.75,1691.9,3.114727153
3096-IZETN,1,Female,0,0,0,12,1,0,Fiber optic,0,0,0,0,0,1,Month-to-month,0,Bank transfer (automatic),78.1,947.3,2.567389875
3096-JRDSO,1,Female,1,1,0,27,1,1,Fiber optic,1,0,0,1,1,1,Month-to-month,1,Bank transfer (automatic),104.3,2867.75,3.428665352
3096-WPXBT,0,Female,0,1,1,61,1,1,Fiber optic,1,1,1,0,0,1,One year,1,Credit card (automatic),100.7,6018.65,3.310322156
3096-YXENJ,0,Female,0,1,0,65,1,1,Fiber optic,0,1,1,1,1,1,Two year,1,Bank transfer (automatic),107.65,7082.85,3.53879027
3097-FQTVJ,0,Female,0,0,0,41,1,0,No,0,0,0,0,0,0,Two year,0,Mailed check,20,810.3,0.657462196
3097-IDVPU,0,Male,0,1,1,19,1,1,DSL,0,0,0,0,0,0,Month-to-month,0,Credit card (automatic),50.1,910.45,1.646942801
3097-NNSPB,1,Female,0,0,0,2,1,0,DSL,0,1,0,0,0,0,Month-to-month,1,Credit card (automatic),49.05,91.1,1.612426036
3097-NQYSN,1,Male,1,1,0,2,1,1,Fiber optic,0,0,0,0,1,0,Month-to-month,1,Mailed check,86.85,156.35,2.855029586
3097-PYWXL,0,Female,0,1,1,4,1,0,No,0,0,0,0,0,0,Month-to-month,1,Electronic check,19.95,82.9,0.65581854
3099-OONVS,0,Male,0,1,1,25,1,0,DSL,1,0,0,1,0,0,Month-to-month,0,Electronic check,54.3,1296.8,1.785009862
3104-OWCGK,1,Male,0,1,1,60,1,0,Fiber optic,0,1,1,0,1,0,One year,0,Electronic check,90.95,5453.4,2.989809336
3106-ULWFW,1,Female,0,1,0,8,1,1,Fiber optic,0,0,0,0,0,1,Month-to-month,1,Credit card (automatic),85.2,627.4,2.800788955
3108-PCCGG,0,Male,1,1,0,72,1,1,DSL,1,1,1,0,1,1,Two year,0,Credit card (automatic),84.45,5899.85,2.776134122
3113-IWHLC,0,Male,0,0,0,5,1,0,DSL,1,0,1,0,0,0,Month-to-month,1,Mailed check,55.8,274.35,1.834319527
3115-CZMZD,0,Male,0,0,1,0,1,0,No,0,0,0,0,0,0,Two year,0,Mailed check,20.25,0,0.665680473
3115-JPJDD,0,Female,0,1,0,59,1,0,Fiber optic,1,0,1,0,0,0,One year,1,Credit card (automatic),81.25,4639.45,2.670940171
3118-UHVVQ,0,Female,0,1,0,68,1,1,No,0,0,0,0,0,0,Two year,0,Credit card (automatic),25.8,1911.5,0.848126233
3120-FAZKD,0,Male,0,1,1,54,1,1,No,0,0,0,0,0,0,Two year,1,Bank transfer (automatic),24.05,1230.9,0.790598291
3125-RAHBV,0,Male,0,0,0,22,1,0,No,0,0,0,0,0,0,One year,0,Credit card (automatic),20.3,467.15,0.667324129
3126-WQMGH,0,Female,0,1,0,49,1,1,DSL,0,0,0,0,0,0,Month-to-month,1,Credit card (automatic),52.15,2583.75,1.714332676
3128-YOVTD,0,Female,0,1,1,51,1,0,Fiber optic,1,1,0,0,0,0,Month-to-month,1,Bank transfer (automatic),79.15,4018.55,2.60190664
3129-AAQOU,0,Female,0,1,1,19,1,1,No,0,0,0,0,0,0,Two year,0,Mailed check,25.6,485.9,0.841551611
3130-ICDUP,0,Female,0,0,1,2,1,1,Fiber optic,1,0,0,0,0,0,Month-to-month,0,Credit card (automatic),80.55,188.1,2.647928994
3131-NWVFJ,0,Female,0,1,1,14,1,0,No,0,0,0,0,0,0,One year,0,Mailed check,19.55,294.5,0.642669297
3132-TVFDZ,1,Male,1,1,0,57,0,0,DSL,0,0,0,0,1,1,Month-to-month,1,Electronic check,44.85,2572.95,1.474358974
3133-PZNSR,0,Male,0,1,1,72,1,1,Fiber optic,1,1,0,1,0,1,Two year,1,Credit card (automatic),97.75,6991.6,3.213346483
3134-DSHVC,0,Female,0,0,0,63,1,1,Fiber optic,1,1,1,0,1,0,Two year,0,Credit card (automatic),98,6218.45,3.22156476
3137-LUPIX,0,Female,0,0,0,4,1,1,DSL,0,0,0,1,1,0,Month-to-month,1,Mailed check,64.4,253,2.117028271
3137-NYQQI,0,Male,0,1,0,17,1,0,DSL,1,1,0,0,0,1,One year,0,Mailed check,64.8,1175.6,2.130177515
3138-BKYAV,1,Male,0,0,0,6,1,0,Fiber optic,0,1,0,0,1,0,Month-to-month,1,Electronic check,85.35,489.45,2.805719921
3143-ILDAL,1,Male,0,0,0,56,1,1,Fiber optic,0,1,0,1,0,1,Month-to-month,1,Electronic check,94.45,5124.6,3.10486522
3143-JQEGI,1,Female,0,1,1,13,1,0,Fiber optic,0,0,0,0,1,1,Month-to-month,0,Electronic check,88.35,1222.8,2.90433925
3144-AUDBS,1,Female,0,1,0,6,1,0,DSL,0,0,0,1,0,0,Month-to-month,1,Electronic check,49.15,270.8,1.615713346
3144-KMTWZ,0,Male,0,1,0,71,1,1,Fiber optic,0,1,1,0,0,1,Month-to-month,1,Bank transfer (automatic),93.25,6669.45,3.065417488
3146-JTQHR,0,Male,0,1,0,10,1,0,No,0,0,0,0,0,0,One year,0,Bank transfer (automatic),19.6,189.45,0.644312952
3146-MSEGF,0,Female,1,1,1,72,1,1,DSL,1,1,1,1,1,1,Two year,1,Credit card (automatic),88.05,6425.65,2.894477318
3148-AOIQT,0,Female,0,1,0,69,1,1,No,0,0,0,0,0,0,Two year,1,Credit card (automatic),24.95,1718.35,0.820184089
3148-BLQJT,1,Male,0,0,0,1,1,0,No,0,0,0,0,0,0,Month-to-month,0,Mailed check,20.1,20.1,0.660749507
3154-CFSZG,0,Male,0,1,1,47,1,0,Fiber optic,1,0,1,0,0,1,Month-to-month,0,Electronic check,90.05,4137.2,2.960223537
3154-HMWUU,0,Male,0,1,0,60,1,0,No,0,0,0,0,0,0,Two year,1,Bank transfer (automatic),20.5,1198.8,0.673898751
3156-QLHBO,0,Male,0,0,1,2,1,0,No,0,0,0,0,0,0,Month-to-month,0,Mailed check,19.25,48.35,0.632807364
3158-MOERK,1,Female,0,0,0,2,1,1,Fiber optic,0,0,0,0,1,1,Month-to-month,1,Electronic check,96,174.8,3.15581854
3160-TYXLT,0,Male,0,0,0,53,0,0,DSL,1,1,0,0,0,1,Month-to-month,1,Bank transfer (automatic),46.3,2546.85,1.522024984
3161-GETRM,0,Male,0,1,1,34,1,1,Fiber optic,0,0,1,0,0,1,Month-to-month,1,Credit card (automatic),90.05,3097,2.960223537
3161-ONRWK,0,Male,0,1,1,60,1,0,DSL,1,1,1,1,0,0,One year,1,Bank transfer (automatic),65.85,3928.3,2.16469428
3162-KKZXO,0,Female,1,0,0,55,1,1,Fiber optic,0,0,1,0,1,1,One year,1,Electronic check,100.15,5409.75,3.292241946
3162-ZJZFU,0,Male,0,1,1,53,1,0,Fiber optic,0,1,0,1,1,0,Month-to-month,1,Electronic check,92.55,4779.45,3.042406312
3164-AALRN,1,Male,0,0,0,5,1,0,DSL,0,0,1,0,1,1,One year,1,Mailed check,70,347.4,2.301117686
3164-YAXFY,0,Male,0,0,0,57,0,0,DSL,1,0,1,0,1,1,Month-to-month,1,Electronic check,53.75,3196,1.766929652
3165-HDOEW,1,Male,0,1,1,1,1,0,DSL,0,0,0,0,0,0,Month-to-month,1,Mailed check,45.85,45.85,1.507232084
3166-PNEOF,0,Female,0,0,0,61,1,1,DSL,1,0,1,1,1,1,Two year,0,Credit card (automatic),86.45,5175.3,2.841880342
3167-SNQPL,0,Male,1,1,1,38,1,1,Fiber optic,0,1,0,0,1,1,Month-to-month,0,Electronic check,101.15,3741.85,3.325115056
3170-GWYKC,0,Female,0,0,0,60,1,0,Fiber optic,1,0,1,1,1,1,Month-to-month,1,Bank transfer (automatic),104.95,6236.75,3.450032873
3170-NMYVV,0,Female,0,1,1,50,1,0,No,0,0,0,0,0,0,Two year,0,Bank transfer (automatic),20.15,930.9,0.662393162
3173-NVMPX,0,Female,0,1,1,9,1,1,DSL,0,1,0,0,0,0,Month-to-month,1,Mailed check,55.3,501.2,1.817882972
3173-WSSUE,0,Female,0,1,1,71,1,0,No,0,0,0,0,0,0,Two year,0,Credit card (automatic),19.7,1415.85,0.647600263
3174-AKMAS,0,Female,0,1,0,46,1,0,DSL,0,1,0,1,1,0,Two year,1,Credit card (automatic),64.2,3009.5,2.110453649
3174-RKMOW,0,Male,0,1,1,35,1,1,Fiber optic,0,1,1,1,1,1,Month-to-month,1,Electronic check,109.95,3782.4,3.614398422
3177-LASXD,1,Female,0,0,0,1,1,0,Fiber optic,0,0,0,0,0,0,Month-to-month,0,Electronic check,71.35,71.35,2.345496384
3178-CIFOT,0,Female,0,0,0,23,1,0,No,0,0,0,0,0,0,One year,1,Credit card (automatic),19.65,478.1,0.645956607
3178-FESZO,1,Female,0,0,0,1,1,1,Fiber optic,0,1,0,0,1,1,Month-to-month,1,Credit card (automatic),100.25,100.25,3.295529257
3179-GBRWV,0,Male,1,1,0,21,1,0,DSL,1,1,0,0,0,1,Month-to-month,1,Bank transfer (automatic),64.95,1339.8,2.135108481
3181-MIZBN,0,Male,0,1,1,16,1,0,No,0,0,0,0,0,0,Month-to-month,0,Electronic check,19.75,313.4,0.649243918
3181-VTHOE,0,Male,0,1,0,70,0,0,DSL,0,1,1,1,0,1,One year,1,Bank transfer (automatic),51.05,3635.15,1.678172255
3186-AJIEK,0,Male,0,0,0,66,1,0,Fiber optic,1,0,1,1,1,1,Two year,1,Bank transfer (automatic),105.65,6844.5,3.47304405
3186-BAXNB,1,Female,0,0,0,1,1,0,Fiber optic,0,1,0,1,1,0,Month-to-month,0,Electronic check,91.7,91.7,3.014464168
3190-FZATL,0,Male,0,0,1,14,1,0,No,0,0,0,0,0,0,Month-to-month,0,Mailed check,19.95,268.4,0.65581854
3190-ITQXP,0,Female,0,1,1,46,1,0,No,0,0,0,0,0,0,Two year,0,Bank transfer (automatic),20.25,890.35,0.665680473
3190-XFANI,1,Male,0,0,1,49,1,1,Fiber optic,0,0,0,1,1,1,One year,1,Bank transfer (automatic),100.6,5069.65,3.307034845
3191-CSNMG,0,Female,0,1,1,3,1,0,Fiber optic,0,0,0,0,1,0,Month-to-month,1,Electronic check,80.7,239.45,2.652859961
3192-LNKRK,0,Male,0,1,1,34,1,0,Fiber optic,0,0,1,0,1,0,Month-to-month,1,Mailed check,84.05,2909.95,2.762984878
3192-NQECA,1,Male,0,1,0,68,1,1,Fiber optic,0,1,1,1,1,1,Two year,1,Bank transfer (automatic),110,7611.85,3.616042078
3194-ORPIK,1,Female,0,1,1,50,1,1,Fiber optic,0,0,0,0,1,0,Month-to-month,1,Bank transfer (automatic),84.4,4116.15,2.774490467
3195-TQDZX,0,Male,0,0,0,3,1,0,No,0,0,0,0,0,0,Month-to-month,1,Electronic check,20.25,61.45,0.665680473
3196-NVXLZ,0,Female,0,0,0,25,1,1,Fiber optic,0,0,0,0,1,0,Month-to-month,1,Mailed check,84.6,2088.05,2.781065089
3197-ARFOY,0,Female,1,0,0,19,1,0,Fiber optic,1,1,0,1,1,1,Month-to-month,1,Mailed check,105,2007.25,3.451676529
3197-NNYNB,0,Male,0,0,0,65,1,1,Fiber optic,0,1,1,0,1,1,Two year,0,Credit card (automatic),105.1,6631.85,3.45496384
3198-VELRD,1,Female,0,1,1,3,1,1,Fiber optic,0,0,0,0,0,1,Month-to-month,1,Bank transfer (automatic),84.75,264.85,2.785996055
3199-NPKCN,0,Female,0,1,0,67,1,1,Fiber optic,1,0,1,1,1,1,One year,1,Electronic check,111.25,7511.65,3.657133465
3199-XGZCY,0,Female,0,0,0,8,1,1,Fiber optic,0,0,0,0,0,0,Month-to-month,1,Electronic check,75.25,576.7,2.473701512
3200-MNQTF,0,Male,0,1,0,67,1,1,DSL,1,1,1,1,0,0,Two year,0,Credit card (automatic),70.9,4677.1,2.330703485
3205-MXZRA,0,Male,0,0,0,26,1,0,DSL,0,0,0,1,1,0,One year,0,Credit card (automatic),59.45,1507,1.954306377
3207-OYBWH,1,Male,1,1,0,57,1,1,Fiber optic,0,1,1,0,0,1,Month-to-month,1,Bank transfer (automatic),95.25,5427.05,3.131163708
3208-YPIOE,1,Male,0,0,0,39,1,1,Fiber optic,0,0,0,0,0,0,Month-to-month,0,Electronic check,75.25,3017.65,2.473701512
3209-ZPKFI,0,Male,0,1,1,47,1,1,DSL,0,1,0,0,0,0,Month-to-month,0,Electronic check,54.25,2538.2,1.783366206
3211-AAPKX,0,Male,0,0,0,20,1,1,Fiber optic,0,0,0,1,1,1,Month-to-month,1,Mailed check,98.55,2031.95,3.23964497
3211-ILJTT,1,Male,0,1,0,17,1,0,Fiber optic,0,0,0,0,0,0,Month-to-month,1,Bank transfer (automatic),70.4,1214.05,2.31426693
3212-KXOCR,0,Male,0,0,0,52,1,0,No,0,0,0,0,0,0,Two year,0,Bank transfer (automatic),21,1107.2,0.690335306
3213-VVOLG,0,Male,0,1,1,0,1,1,No,0,0,0,0,0,0,Two year,0,Mailed check,25.35,0,0.833333333
3214-IYUUQ,0,Female,0,1,0,61,1,0,Fiber optic,1,1,0,1,0,1,One year,0,Bank transfer (automatic),93.7,5860.7,3.080210388
3217-FZDMN,1,Female,1,0,0,8,1,0,Fiber optic,0,0,1,0,1,1,Month-to-month,1,Credit card (automatic),94.45,742.95,3.10486522
3219-JQRSL,0,Female,1,1,0,72,1,1,DSL,1,1,1,1,1,1,Two year,0,Credit card (automatic),89.1,6352.4,2.928994083
3221-CJMSG,0,Male,0,0,0,24,1,0,DSL,0,0,0,1,0,0,Month-to-month,1,Credit card (automatic),51.1,1269.6,1.679815911
3223-DWFIO,0,Male,1,0,0,4,1,0,Fiber optic,0,0,0,0,0,0,Month-to-month,0,Electronic check,69.35,261.65,2.279750164
3223-WZWJM,1,Male,0,0,0,26,1,1,Fiber optic,0,0,0,0,0,1,Month-to-month,1,Electronic check,83.95,2254.2,2.759697567
3224-DFQNQ,0,Female,0,1,0,66,1,1,Fiber optic,1,1,0,1,0,0,One year,0,Electronic check,89,5898.6,2.925706772
3227-WLKLI,0,Female,0,1,1,65,1,1,DSL,1,1,1,1,1,1,Two year,0,Bank transfer (automatic),91.55,5963.95,3.009533202
3229-USWAR,0,Female,0,0,0,34,1,0,DSL,1,0,1,1,1,1,One year,1,Bank transfer (automatic),79.95,2727.3,2.628205128
3230-IUALN,0,Female,0,1,1,45,1,0,DSL,1,0,1,1,1,1,Two year,1,Mailed check,81,3533.6,2.662721893
3230-JCNZS,0,Female,0,1,1,71,1,1,Fiber optic,1,1,1,0,1,0,Two year,1,Credit card (automatic),99,7061.65,3.25443787
3230-WYKIR,1,Male,0,0,0,18,1,1,DSL,0,0,1,1,1,1,One year,1,Credit card (automatic),82,1425.45,2.695595003
3234-VKACU,0,Male,0,0,0,2,1,0,DSL,0,0,0,1,1,1,Month-to-month,0,Electronic check,70.3,132.4,2.310979619
3235-ETOOB,1,Male,0,1,0,8,1,0,Fiber optic,1,0,0,0,0,0,Month-to-month,1,Electronic check,74.5,609.9,2.44904668
3237-AJGEH,1,Female,0,1,1,3,0,0,DSL,0,0,0,1,0,0,Month-to-month,1,Mailed check,31,95.05,1.019066404
3239-TPHPZ,0,Female,0,1,0,12,1,0,No,0,0,0,0,0,0,Two year,1,Electronic check,20.05,264.55,0.659105851
3243-ZHOHY,0,Female,0,0,0,16,1,0,No,0,0,0,0,0,0,One year,0,Mailed check,20.1,296.15,0.660749507
3244-CQPHU,0,Female,1,0,0,72,1,1,Fiber optic,1,1,0,1,1,1,Two year,1,Bank transfer (automatic),110.1,7746.7,3.619329389
3244-DCJWY,1,Female,0,0,0,1,1,0,Fiber optic,0,0,0,0,0,0,Month-to-month,1,Electronic check,70.25,70.25,2.309335963
3247-MHJKM,0,Male,0,0,0,1,1,0,No,0,0,0,0,0,0,Month-to-month,0,Mailed check,20.2,20.2,0.664036818
3247-ZVOUO,1,Male,1,1,0,10,1,1,Fiber optic,0,0,0,0,0,1,Month-to-month,0,Electronic check,85.55,851.75,2.812294543
3249-VHRIP,0,Female,0,0,0,62,0,0,DSL,0,1,1,0,0,1,Two year,1,Credit card (automatic),43.6,2748.7,1.433267587
3249-ZPQRG,1,Male,0,0,0,4,1,1,Fiber optic,0,1,0,0,0,0,Month-to-month,0,Electronic check,78.45,330.05,2.578895464
3251-YMVWZ,0,Male,0,0,0,53,1,1,No,0,0,0,0,0,0,One year,0,Bank transfer (automatic),24.05,1301.9,0.790598291
3253-HKOKL,0,Female,0,1,1,52,1,0,Fiber optic,1,0,1,0,1,1,One year,0,Electronic check,100.3,5244.45,3.297172913
3254-YRILK,1,Male,1,0,0,19,1,1,Fiber optic,0,1,0,0,1,0,Month-to-month,1,Electronic check,88.2,1775.8,2.899408284
3255-GRXMG,0,Male,0,0,1,18,1,0,DSL,0,0,0,0,0,0,Month-to-month,1,Credit card (automatic),45.65,747.2,1.500657462
3256-EZDBI,0,Male,1,1,0,51,0,0,DSL,0,1,0,0,0,0,Month-to-month,1,Credit card (automatic),29.45,1459.35,0.968113083
3258-SANFR,0,Male,1,0,0,6,1,0,DSL,0,0,0,0,0,0,Month-to-month,0,Credit card (automatic),44.7,276.5,1.469428008
3258-SYSWS,0,Male,1,0,0,72,1,1,Fiber optic,1,1,1,1,1,1,Two year,0,Bank transfer (automatic),113.8,7845.8,3.740959895
3258-ZKPAI,0,Male,0,1,1,72,1,1,Fiber optic,1,1,1,1,1,1,Two year,1,Bank transfer (automatic),116.6,8337.45,3.833004602
3259-FDWOY,1,Male,0,1,1,71,1,1,Fiber optic,0,1,1,0,1,1,Two year,1,Bank transfer (automatic),106,7723.7,3.484549638
3259-KNMRR,0,Male,1,0,0,57,1,1,DSL,0,1,1,0,1,1,Two year,1,Bank transfer (automatic),79.75,4438.2,2.621630506
3259-QMXUN,0,Male,0,1,0,58,1,1,DSL,1,1,1,0,1,1,Two year,1,Electronic check,86.1,4890.5,2.830374753
3261-CQXOL,0,Female,0,1,1,71,1,1,No,0,0,0,0,0,0,Two year,0,Bank transfer (automatic),25.45,1813.35,0.836620644
3262-EIDHV,0,Female,0,1,1,72,1,1,DSL,1,0,1,1,1,1,Two year,0,Credit card (automatic),84.7,5893.9,2.7843524
3266-FTKHB,0,Male,0,0,0,17,1,0,No,0,0,0,0,0,0,Two year,0,Mailed check,19.15,343.45,0.629520053
3269-ATYWD,1,Male,1,0,0,39,1,1,Fiber optic,0,0,0,0,1,1,Month-to-month,1,Bank transfer (automatic),95.65,3759.05,3.144312952
3272-VUHPV,0,Female,0,1,1,8,1,0,DSL,0,1,0,1,0,0,Month-to-month,0,Bank transfer (automatic),56.3,401.5,1.850756082
3274-NSDWE,0,Female,0,0,0,68,1,0,No,0,0,0,0,0,0,Two year,0,Credit card (automatic),19.6,1441.65,0.644312952
3275-RHRNE,0,Male,0,1,1,28,0,0,DSL,0,1,1,1,1,1,One year,1,Credit card (automatic),60,1682.05,1.972386588
3276-HDUEG,1,Female,0,0,0,1,1,1,Fiber optic,0,0,0,0,0,0,Month-to-month,1,Mailed check,75.05,75.05,2.46712689
3278-FSIXX,0,Female,0,0,0,2,1,0,DSL,0,0,0,0,0,0,Month-to-month,1,Mailed check,45.25,74.2,1.487508218
3279-DYZQM,0,Male,0,1,1,71,1,0,No,0,0,0,0,0,0,Two year,0,Mailed check,19.45,1378.45,0.639381986
3280-MRDOF,0,Male,1,0,0,30,1,1,DSL,0,0,1,1,1,0,Two year,1,Credit card (automatic),69.1,2093.9,2.271531887
3280-NMUVX,0,Male,0,1,1,34,1,0,No,0,0,0,0,0,0,One year,0,Credit card (automatic),19.6,678.8,0.644312952
3282-ZISZV,0,Male,0,0,1,32,1,1,DSL,0,1,1,1,1,1,One year,0,Credit card (automatic),83.7,2633.3,2.75147929
3283-WCWXT,0,Male,0,1,1,6,1,1,No,0,0,0,0,0,0,Two year,0,Mailed check,25.4,153.3,0.834976989
3284-SVCRO,0,Female,0,1,0,45,1,1,No,0,0,0,0,0,0,Two year,0,Mailed check,25.5,1121.05,0.8382643
3285-UCQVC,1,Female,0,0,0,37,0,0,DSL,0,0,0,1,0,0,Month-to-month,0,Credit card (automatic),28.6,973.55,0.94017094
3292-PBZEJ,0,Male,1,0,0,11,1,1,Fiber optic,0,1,1,1,1,1,Month-to-month,1,Electronic check,111.4,1183.05,3.662064431
3295-YVUSR,0,Male,1,0,0,2,1,1,Fiber optic,0,0,0,0,0,0,Month-to-month,1,Mailed check,72.6,154.3,2.386587771
3296-SILRA,1,Female,1,1,0,1,1,0,Fiber optic,0,1,0,0,0,0,Month-to-month,1,Mailed check,76.4,76.4,2.511505588
3298-QEICA,0,Female,0,1,1,23,0,0,DSL,1,0,0,1,0,0,Two year,0,Mailed check,34.6,813.45,1.137409599
3301-LSLWQ,0,Female,0,0,0,29,1,1,DSL,1,0,0,0,0,1,Month-to-month,1,Electronic check,66.1,1912.15,2.172912558
3301-VKTGC,0,Male,0,1,1,68,1,1,Fiber optic,1,1,0,0,0,0,One year,1,Bank transfer (automatic),85.5,5696.6,2.810650888
3307-TLCUD,0,Male,0,1,0,17,0,0,DSL,1,0,1,0,0,0,Month-to-month,0,Mailed check,34.4,592.75,1.130834977
3308-DGHKL,0,Male,0,0,0,69,1,0,No,0,0,0,0,0,0,Two year,1,Bank transfer (automatic),19.3,1447.9,0.634451019
3308-JSGML,0,Male,1,1,0,59,0,0,DSL,1,0,1,1,1,1,Two year,1,Credit card (automatic),64.05,3886.85,2.105522682
3308-MHOOC,0,Male,0,0,1,1,1,0,No,0,0,0,0,0,0,Month-to-month,1,Mailed check,19.2,19.2,0.631163708
3312-UUMZW,0,Male,0,1,0,32,1,1,Fiber optic,0,1,0,0,1,1,Month-to-month,1,Credit card (automatic),98.85,3145.9,3.249506903
3312-ZWLGF,0,Male,1,1,0,29,1,1,Fiber optic,0,0,0,1,0,0,Month-to-month,1,Electronic check,79.3,2414.55,2.606837607
3313-QKNKB,1,Male,0,1,0,59,1,1,Fiber optic,0,0,0,0,0,1,One year,0,Electronic check,85.55,5084.65,2.812294543
3315-IKYZQ,0,Male,0,1,1,28,0,0,DSL,1,0,1,1,1,0,One year,0,Mailed check,50.8,1386.8,1.669953978
3315-TOTBP,1,Male,0,0,0,15,1,1,Fiber optic,0,0,0,0,0,0,Month-to-month,1,Mailed check,76,1130.85,2.498356345
3316-UWXUY,0,Male,0,0,0,50,1,0,Fiber optic,1,1,0,1,0,1,Month-to-month,1,Credit card (automatic),93.5,4747.5,3.073635766
3317-HRTNN,1,Female,1,0,0,5,0,0,DSL,0,0,0,0,1,1,Month-to-month,0,Electronic check,45.7,198,1.502301118
3317-VLGQT,0,Female,0,1,0,14,1,0,Fiber optic,0,0,0,0,0,1,Month-to-month,1,Electronic check,78.1,1122.4,2.567389875
3318-ISQFQ,0,Female,0,0,0,20,1,0,No,0,0,0,0,0,0,Month-to-month,1,Bank transfer (automatic),19.5,413,0.641025641
3318-NMQXL,0,Male,0,0,0,3,1,0,Fiber optic,0,0,0,0,1,1,Month-to-month,1,Electronic check,92,266.8,3.024326101
3318-OSATS,1,Male,1,0,0,35,1,1,Fiber optic,0,0,0,0,1,1,Month-to-month,1,Electronic check,95.45,3474.05,3.13773833
3319-DWOEP,1,Male,1,1,0,6,1,0,Fiber optic,0,0,1,0,1,1,Month-to-month,1,Electronic check,95.75,573.75,3.147600263
3320-VEOYC,0,Male,1,0,0,14,1,1,Fiber optic,0,0,0,0,1,1,Month-to-month,1,Electronic check,95.6,1273.3,3.142669297
3323-CPBWR,0,Male,0,0,0,23,1,1,Fiber optic,0,0,1,1,1,0,Month-to-month,1,Credit card (automatic),96.9,2085.45,3.185404339
3324-OIRTO,0,Male,0,1,1,71,1,0,Fiber optic,1,1,1,0,1,1,One year,1,Bank transfer (automatic),104.65,7288.4,3.44017094
3325-FUYCG,1,Male,0,1,1,28,1,1,Fiber optic,1,1,0,0,1,1,One year,0,Electronic check,106.1,2847.4,3.487836949
3327-YBAKM,0,Female,0,1,0,64,1,0,Fiber optic,1,0,0,1,1,1,One year,1,Mailed check,96.9,6314.35,3.185404339
3329-WDIOK,1,Female,0,0,0,3,0,0,DSL,0,1,0,0,1,1,Month-to-month,1,Electronic check,50.6,155.35,1.663379356
3331-HQDTW,1,Female,0,0,0,34,1,1,Fiber optic,1,1,1,0,1,1,Month-to-month,1,Mailed check,109.8,3587.25,3.609467456
3334-CTHOL,1,Female,0,0,0,1,1,1,DSL,0,0,0,0,0,0,Month-to-month,1,Bank transfer (automatic),49.95,49.95,1.642011834
3336-JORSO,1,Female,1,0,0,33,1,1,Fiber optic,0,1,1,1,1,1,Month-to-month,1,Electronic check,110.45,3655.45,3.630834977
3338-CVVEH,0,Male,0,0,0,12,1,1,Fiber optic,0,0,0,0,1,1,Month-to-month,0,Electronic check,94.55,1173.55,3.108152531
3339-EAQNV,0,Male,1,1,0,72,1,1,Fiber optic,0,1,0,0,1,1,One year,1,Credit card (automatic),97.25,7133.1,3.196909928
3340-QBBFM,0,Male,1,1,0,36,1,0,DSL,0,0,1,1,0,0,One year,0,Credit card (automatic),54.1,1992.85,1.77843524
3345-JHUEO,0,Male,0,0,0,4,1,0,No,0,0,0,0,0,0,Month-to-month,1,Electronic check,20.2,55.7,0.664036818
3345-PBBFH,0,Male,0,1,0,8,1,0,DSL,0,1,0,0,0,0,Month-to-month,1,Bank transfer (automatic),49.55,393.45,1.62886259
3346-BRMIS,1,Female,1,1,0,18,0,0,DSL,0,0,1,0,1,1,Month-to-month,1,Electronic check,48.35,810.7,1.589414859
3347-YJZZE,0,Male,0,1,1,29,1,1,DSL,0,1,1,0,1,1,Month-to-month,0,Credit card (automatic),80.1,2211.8,2.633136095
3348-CFRNX,1,Female,0,1,0,28,1,0,Fiber optic,1,0,0,0,1,1,Month-to-month,1,Mailed check,92.35,2602.9,3.03583169
3349-ANQNH,0,Female,1,0,0,59,1,1,Fiber optic,0,0,1,0,1,1,One year,1,Electronic check,99.5,5890,3.270874425
3351-NGXYI,0,Female,1,0,0,16,1,1,DSL,1,0,0,0,0,0,Month-to-month,1,Electronic check,54.1,889,1.77843524
3351-NQLDI,1,Female,0,1,1,67,1,1,Fiber optic,1,0,0,1,0,1,One year,1,Credit card (automatic),94.35,6341.45,3.101577909
3352-ALMCK,0,Male,0,0,0,40,1,1,Fiber optic,0,1,1,0,1,1,Month-to-month,1,Mailed check,102.65,4108.15,3.374424721
3352-RICWQ,0,Female,0,1,1,9,1,0,No,0,0,0,0,0,0,Two year,0,Mailed check,19.75,210.65,0.649243918
3354-OADJP,0,Female,0,0,0,8,1,0,DSL,1,0,0,1,0,0,One year,0,Bank transfer (automatic),54.25,447.75,1.783366206
3359-DSRKA,0,Female,0,1,1,58,1,0,No,0,0,0,0,0,0,Two year,1,Mailed check,19.85,1158.85,0.652531229
3363-DTIVD,0,Male,0,1,1,71,1,1,Fiber optic,1,0,1,0,1,1,Two year,0,Electronic check,105.55,7405.5,3.469756739
3363-EWLGO,0,Female,0,0,0,5,1,0,No,0,0,0,0,0,0,Month-to-month,0,Mailed check,19.95,109.6,0.65581854
3365-SAIGS,0,Female,0,0,0,17,1,0,Fiber optic,0,1,0,0,1,0,Month-to-month,1,Electronic check,83.55,1329.15,2.746548323
3370-GQEAL,0,Male,0,1,1,30,1,1,Fiber optic,0,0,0,0,1,0,Month-to-month,0,Electronic check,85.45,2509.95,2.809007232
3370-HXOPH,0,Female,0,0,0,3,1,1,Fiber optic,0,0,0,0,0,0,Month-to-month,0,Electronic check,76.1,257.6,2.501643655
3372-CDXFJ,0,Male,0,1,1,13,1,1,No,0,0,0,0,0,0,One year,0,Bank transfer (automatic),24.5,343.6,0.80539119
3372-KWFBM,1,Male,1,0,0,16,1,1,Fiber optic,0,0,0,0,1,0,Month-to-month,1,Electronic check,86.6,1281,2.846811308
3373-DIUUN,0,Male,0,1,1,30,1,0,No,0,0,0,0,0,0,Two year,0,Mailed check,21.25,711.9,0.698553583
3373-YZZYM,0,Male,0,1,1,1,1,0,No,0,0,0,0,0,0,Month-to-month,0,Mailed check,19.2,19.2,0.631163708
3374-LXDEV,1,Female,0,0,0,13,1,1,Fiber optic,0,1,1,1,0,0,Month-to-month,0,Electronic check,89.4,1132.35,2.938856016
3374-PZLXD,0,Male,0,0,0,34,1,0,No,0,0,0,0,0,0,Month-to-month,0,Mailed check,19.7,675.6,0.647600263
3374-TTZTK,0,Male,0,1,0,52,1,0,Fiber optic,1,1,1,1,1,1,Two year,1,Electronic check,106.3,5487,3.494411571
3376-BMGFE,1,Female,0,0,0,4,1,0,Fiber optic,0,0,0,0,0,0,Month-to-month,1,Bank transfer (automatic),70.9,273,2.330703485
3378-AJRAO,0,Male,0,1,1,44,1,1,No,0,0,0,0,0,0,One year,0,Electronic check,24.85,1013.6,0.816896778
3384-CTMSF,0,Male,0,1,0,47,1,1,Fiber optic,0,1,1,0,1,1,Month-to-month,1,Electronic check,104.1,5135.15,3.42209073
3387-PLKUI,0,Female,0,1,1,13,1,0,No,0,0,0,0,0,0,Month-to-month,0,Mailed check,18.8,251.25,0.618014464
3387-VATUS,1,Male,0,0,0,5,1,1,Fiber optic,0,0,0,0,1,1,Month-to-month,1,Bank transfer (automatic),94.85,462.8,3.118014464
3389-KTRXV,0,Female,0,1,1,23,1,1,No,0,0,0,0,0,0,Two year,0,Mailed check,23.85,625.65,0.784023669
3389-YGYAI,1,Female,1,0,0,8,1,1,Fiber optic,0,1,1,0,1,1,Month-to-month,1,Electronic check,105.5,829.55,3.468113083
3391-JSQEW,0,Male,0,1,0,40,1,0,DSL,0,1,0,0,0,0,Month-to-month,1,Mailed check,50.15,2058.5,1.648586456
3392-EHMNK,0,Female,0,1,1,67,1,1,Fiber optic,0,1,0,1,1,0,Two year,0,Credit card (automatic),94.1,6302.8,3.093359632
3393-FMZPV,1,Female,0,0,0,25,1,1,Fiber optic,0,1,0,0,1,1,Month-to-month,1,Electronic check,100.25,2387.75,3.295529257
3396-DKDEL,0,Female,0,1,1,70,1,1,Fiber optic,1,1,1,1,1,1,Two year,1,Credit card (automatic),115.15,8250,3.785338593
3397-AVTKU,0,Male,0,0,0,43,1,0,DSL,0,1,0,0,0,1,Two year,1,Electronic check,60,2548.55,1.972386588
3398-FSHON,1,Female,1,0,0,12,1,1,Fiber optic,0,1,0,0,1,0,Month-to-month,1,Electronic check,91.3,1094.5,3.001314924
3398-GCPMU,0,Female,1,1,1,72,1,1,DSL,1,1,1,1,1,1,Two year,1,Credit card (automatic),89.55,6448.85,2.943786982
3398-ZOUAA,1,Male,1,1,0,21,1,0,Fiber optic,0,0,0,0,0,0,Month-to-month,1,Electronic check,69.1,1474.75,2.271531887
3399-BMLVW,0,Male,0,1,1,51,1,0,DSL,1,1,0,1,0,0,Two year,0,Credit card (automatic),60.5,3121.45,1.988823143
3400-ESFUW,1,Male,0,1,1,55,1,0,DSL,1,1,0,1,0,0,Two year,0,Bank transfer (automatic),57.55,3046.4,1.891847469
3401-URHDA,0,Male,0,0,0,51,1,1,DSL,1,0,0,1,0,0,One year,0,Credit card (automatic),59.9,3043.6,1.969099277
3402-XRIUO,0,Female,1,1,0,22,1,1,DSL,1,1,0,1,0,0,Month-to-month,1,Mailed check,63.55,1381.8,2.089086128
3404-JNXAX,0,Female,0,1,1,51,1,1,Fiber optic,0,0,0,1,0,0,Month-to-month,1,Electronic check,80.75,4116.9,2.654503616
3407-JMJQQ,0,Female,0,1,1,71,1,1,Fiber optic,1,1,1,0,1,1,Two year,1,Bank transfer (automatic),109,7661.8,3.583168968
3407-QGWLG,0,Male,0,0,1,3,1,0,No,0,0,0,0,0,0,Month-to-month,1,Mailed check,20.05,75.45,0.659105851
3410-MHHUM,0,Female,0,1,1,44,1,1,Fiber optic,0,1,1,0,0,1,One year,0,Electronic check,94.4,4295.35,3.103221565
3410-YOQBQ,0,Female,0,0,0,31,1,0,DSL,0,1,1,1,1,1,Two year,0,Mailed check,79.2,2497.2,2.603550296
3411-WLRSQ,0,Female,1,1,0,3,1,0,Fiber optic,0,1,0,0,0,0,Month-to-month,1,Bank transfer (automatic),74.6,239.05,2.452333991
3413-BMNZE,0,Male,1,0,0,1,1,0,DSL,0,0,0,0,0,0,Month-to-month,0,Bank transfer (automatic),45.25,45.25,1.487508218
3413-CSSTH,0,Male,0,0,0,41,1,1,DSL,0,0,1,0,0,0,Month-to-month,1,Bank transfer (automatic),55.7,2237.55,1.831032216
3413-DHLPB,0,Male,0,1,1,60,1,1,Fiber optic,0,1,0,1,1,1,Month-to-month,1,Bank transfer (automatic),103.75,5969.95,3.410585141
3415-TAILE,1,Female,0,1,1,2,1,0,DSL,0,0,0,0,1,1,Month-to-month,0,Mailed check,65.7,134.35,2.159763314
3417-TSCIC,0,Male,0,0,0,29,0,0,DSL,0,0,0,0,0,0,One year,1,Mailed check,24.85,788.05,0.816896778
3419-SNJJD,1,Female,1,1,0,65,1,1,Fiber optic,1,0,1,0,1,1,Month-to-month,0,Bank transfer (automatic),105.25,6786.4,3.459894806
3420-YJLQT,0,Female,0,0,0,2,1,1,Fiber optic,0,1,0,0,0,0,Month-to-month,0,Electronic check,79.55,151.75,2.615055884
3420-ZDBMA,0,Male,1,0,0,5,1,0,Fiber optic,0,0,0,0,0,0,Month-to-month,1,Mailed check,71.45,371.6,2.348783695
3422-GALYP,0,Male,0,0,0,2,1,1,Fiber optic,0,1,0,0,0,0,Month-to-month,1,Electronic check,79.45,145.15,2.611768573
3422-LYEPQ,1,Male,0,1,1,1,1,0,Fiber optic,0,0,0,0,0,0,Month-to-month,1,Electronic check,71,71,2.333990796
3422-WJOYD,0,Male,0,1,0,28,1,0,DSL,1,0,0,1,0,0,One year,0,Mailed check,54.35,1426.45,1.786653517
3423-HHXAO,0,Female,0,1,1,14,1,0,No,0,0,0,0,0,0,One year,1,Mailed check,19.5,272,0.641025641
3424-NMNBO,1,Male,1,1,0,58,1,1,Fiber optic,1,1,1,0,1,1,One year,1,Electronic check,108.85,6287.25,3.578238001
3426-NIYYL,1,Male,0,0,0,15,1,1,DSL,0,0,0,0,0,0,Month-to-month,0,Electronic check,51.55,765.5,1.69460881
3427-GGZZI,0,Female,0,1,0,19,1,1,Fiber optic,0,1,0,0,0,1,Month-to-month,1,Electronic check,89.1,1620.8,2.928994083
3428-MMGUB,0,Male,0,0,0,60,1,1,Fiber optic,0,0,1,0,1,0,Two year,1,Electronic check,89.55,5231.2,2.943786982
3428-XZMAZ,1,Male,0,0,0,1,1,0,Fiber optic,0,0,0,0,0,0,Month-to-month,1,Electronic check,69.35,69.35,2.279750164
3429-IFLEM,0,Female,0,0,0,71,1,0,DSL,1,1,1,1,1,0,Two year,0,Credit card (automatic),77.35,5550.1,2.542735043
3439-GVUSX,0,Male,0,0,0,1,0,0,DSL,0,0,0,0,0,0,Month-to-month,0,Mailed check,24.4,24.4,0.802103879
3440-JPSCL,1,Female,0,0,0,6,1,0,Fiber optic,0,0,1,1,1,1,Month-to-month,1,Mailed check,99.95,547.65,3.285667324
3441-CGZJH,0,Female,0,1,1,43,0,0,DSL,1,0,1,1,1,1,One year,1,Credit card (automatic),60.4,2640.55,1.985535832
3442-ZHHCC,0,Male,0,0,0,68,1,1,DSL,1,1,1,0,0,1,One year,1,Credit card (automatic),76.9,5023,2.527942143
3445-HXXGF,1,Male,1,1,0,58,0,0,DSL,0,1,1,0,0,1,Month-to-month,1,Electronic check,45.3,2651.2,1.489151874
3446-QDSZF,0,Female,0,0,0,4,1,0,DSL,0,0,0,0,1,0,Month-to-month,0,Credit card (automatic),55.5,227.35,1.824457594
3450-WXOAT,0,Male,0,0,0,46,1,0,DSL,0,0,0,0,0,0,Month-to-month,1,Credit card (automatic),45.2,2065.15,1.485864563
3451-VAWLI,0,Female,0,1,1,35,1,0,No,0,0,0,0,0,0,Two year,0,Credit card (automatic),19.7,730.4,0.647600263
3452-ABWRL,0,Male,1,0,0,47,1,1,Fiber optic,0,0,0,0,1,0,Month-to-month,1,Credit card (automatic),86.05,3865.6,2.828731098
3452-FLHYD,0,Male,0,1,0,25,1,0,No,0,0,0,0,0,0,One year,1,Bank transfer (automatic),20.95,495.15,0.68869165
3452-GWUIN,0,Female,1,1,0,19,1,1,Fiber optic,0,0,0,0,1,1,Month-to-month,1,Electronic check,94.95,1760.25,3.121301775
3452-SRFEG,0,Male,0,0,0,49,1,1,Fiber optic,0,0,0,0,0,0,Month-to-month,1,Bank transfer (automatic),74.6,3720.35,2.452333991
3453-RTHJQ,0,Male,0,0,0,6,1,0,Fiber optic,0,0,0,0,0,0,Month-to-month,1,Electronic check,69.1,435,2.271531887
3454-JFUBC,0,Male,1,0,0,68,1,0,No,0,0,0,0,0,0,Two year,1,Credit card (automatic),20,1396,0.657462196
3457-PQBYH,0,Female,0,1,1,58,1,0,No,0,0,0,0,0,0,Two year,0,Credit card (automatic),20.3,1160.75,0.667324129
3458-IDMFK,0,Male,0,0,0,25,1,0,No,0,0,0,0,0,0,Two year,1,Mailed check,20.75,499.4,0.682117028
3460-TJBWI,0,Male,0,1,1,24,1,1,No,0,0,0,0,0,0,Two year,0,Mailed check,24.2,609.05,0.795529257
3462-BJQQA,0,Female,0,0,0,6,1,1,Fiber optic,0,1,0,0,1,0,Month-to-month,1,Electronic check,89.75,552.65,2.950361604
3466-BYAVD,0,Male,0,1,1,15,1,0,DSL,0,1,1,1,0,1,Month-to-month,1,Mailed check,69.5,1071.4,2.284681131
3466-RITXD,0,Male,0,0,0,26,1,1,Fiber optic,1,1,0,0,1,0,Month-to-month,1,Credit card (automatic),92.4,2349.8,3.037475345
3466-WAESX,0,Male,0,0,1,16,1,1,DSL,1,1,0,0,0,1,Month-to-month,1,Electronic check,69.1,1083.7,2.271531887
3468-DRVQJ,0,Female,0,1,1,10,1,1,DSL,1,1,0,0,1,0,One year,0,Electronic check,70.3,676.15,2.310979619
3470-BTGQO,0,Male,0,0,1,21,1,0,DSL,0,0,0,0,0,0,Month-to-month,0,Mailed check,45.65,985.05,1.500657462
3470-OBUET,0,Female,0,1,1,67,1,1,DSL,1,1,0,1,1,0,Two year,0,Credit card (automatic),74,4868.4,2.432610125
3472-OAOOR,0,Male,0,1,1,19,0,0,DSL,1,1,0,0,0,0,Month-to-month,1,Mailed check,34.95,610.2,1.148915187
3472-QPRCH,0,Male,0,1,1,40,1,1,No,0,0,0,0,0,0,Two year,0,Credit card (automatic),25.25,1006.9,0.830046022
3473-XIIIT,1,Female,0,1,0,16,1,1,Fiber optic,0,1,0,0,1,1,Month-to-month,1,Electronic check,100,1534.75,3.28731098
3474-BAFSJ,0,Male,0,1,0,57,0,0,DSL,0,1,1,1,1,1,Two year,1,Bank transfer (automatic),57.5,3265.95,1.890203813
3481-JHUZH,0,Male,0,1,0,41,1,1,Fiber optic,0,1,0,0,0,0,Month-to-month,1,Electronic check,80.25,3439,2.638067061
3482-ABPKK,0,Female,0,0,0,28,1,0,DSL,1,0,0,1,0,0,One year,0,Mailed check,54.3,1546.3,1.785009862
3486-HOOGQ,0,Female,0,1,1,70,1,1,DSL,1,1,1,1,1,0,Two year,0,Bank transfer (automatic),79.7,5743.3,2.619986851
3486-KHMLI,0,Male,0,0,1,21,1,1,No,0,0,0,0,0,0,Month-to-month,0,Mailed check,24.7,467.15,0.811965812
3486-NPGST,0,Female,0,0,0,36,1,0,No,0,0,0,0,0,0,One year,0,Mailed check,19.55,620.75,0.642669297
3487-EARAT,0,Female,0,1,1,70,1,0,DSL,1,1,1,1,0,1,One year,0,Credit card (automatic),74.1,5222.3,2.435897436
3488-PGMQJ,1,Male,1,0,0,8,1,0,Fiber optic,0,1,0,0,0,0,Month-to-month,1,Electronic check,74.5,606.55,2.44904668
3489-HHPFY,0,Female,0,1,0,2,1,1,Fiber optic,0,0,0,0,1,0,Month-to-month,1,Electronic check,84.05,134.05,2.762984878
3489-VSFRD,0,Female,0,0,0,56,1,0,DSL,1,0,1,1,0,0,One year,1,Credit card (automatic),60.25,3282.75,1.980604865
3494-JCHRQ,1,Male,0,0,0,1,1,0,Fiber optic,0,0,0,0,0,0,Month-to-month,1,Electronic check,70.05,70.05,2.302761341
3496-LFSZU,0,Male,0,1,0,4,1,0,Fiber optic,0,0,0,0,0,0,Month-to-month,0,Electronic check,70.5,294.2,2.317554241
3498-LZGQZ,0,Male,0,1,1,63,1,0,No,0,0,0,0,0,0,Two year,1,Mailed check,19.15,1177.05,0.629520053
3500-NSDOA,0,Male,0,1,1,68,1,1,DSL,0,1,0,1,0,1,Two year,0,Credit card (automatic),70.8,4859.95,2.327416174
3500-RMZLT,1,Female,1,0,0,15,1,0,Fiber optic,1,0,1,1,0,1,Month-to-month,1,Mailed check,96.3,1426.75,3.165680473
3503-TYDAY,0,Female,0,1,0,43,1,1,Fiber optic,0,1,0,0,0,0,Month-to-month,0,Electronic check,80.45,3398.9,2.644641683
3506-LCJDC,1,Male,0,1,1,1,1,0,No,0,0,0,0,0,0,Month-to-month,0,Bank transfer (automatic),19.95,19.95,0.65581854
3506-OVLKD,0,Male,0,0,0,35,1,1,No,0,0,0,0,0,0,One year,0,Bank transfer (automatic),26.2,954.9,0.861275477
3507-GASNP,0,Male,0,0,1,60,1,0,No,0,0,0,0,0,0,Two year,0,Mailed check,19.95,1189.9,0.65581854
3508-CFVZL,0,Female,0,0,0,71,1,1,Fiber optic,1,1,1,1,1,1,Two year,0,Mailed check,111.3,7985.9,3.65877712
3508-VLHCZ,0,Female,0,1,1,71,1,1,DSL,1,1,1,1,1,1,Two year,1,Credit card (automatic),90.55,6239.05,2.976660092
3509-GWQGF,0,Male,1,0,0,24,1,0,Fiber optic,0,0,0,0,0,0,Month-to-month,0,Credit card (automatic),70,1732.6,2.301117686
3511-APPBJ,0,Male,0,0,0,23,1,0,Fiber optic,1,0,1,0,1,1,One year,1,Credit card (automatic),99.95,2292.75,3.285667324
3511-BFTJW,0,Male,0,1,1,72,0,0,DSL,1,1,1,0,0,0,Two year,0,Credit card (automatic),38.5,2763,1.265614727
3512-IZIKN,1,Female,0,1,0,70,1,1,DSL,1,0,1,1,0,0,Two year,0,Credit card (automatic),65.3,4759.75,2.14661407
3518-FSTWG,0,Male,1,1,0,72,1,1,Fiber optic,1,1,1,0,1,1,Two year,1,Bank transfer (automatic),109.55,7920.7,3.601249178
3518-PZXZQ,0,Female,0,1,0,1,1,0,DSL,0,0,0,0,1,0,Month-to-month,1,Mailed check,55.3,55.3,1.817882972
3519-ZKXGG,1,Female,0,1,0,3,1,1,Fiber optic,0,0,0,0,0,0,Month-to-month,1,Electronic check,75.85,256.6,2.493425378
3520-FJGCV,0,Male,0,1,1,72,1,1,Fiber optic,1,1,1,1,1,1,Two year,1,Credit card (automatic),112.6,8126.65,3.701512163
3521-HTQTV,0,Male,0,0,0,34,1,1,No,0,0,0,0,0,0,Two year,0,Bank transfer (automatic),26.1,980.35,0.857988166
3521-MNKLV,0,Male,0,0,0,24,1,0,DSL,0,0,1,0,0,0,Month-to-month,1,Mailed check,49.7,1167.8,1.633793557
3521-SYVOR,1,Female,0,0,0,37,1,0,DSL,0,0,0,0,1,1,Month-to-month,1,Electronic check,64.75,2345.2,2.128533859
3522-CDKHF,0,Female,0,1,0,32,1,0,Fiber optic,1,0,0,0,0,0,Month-to-month,1,Bank transfer (automatic),75.5,2324.7,2.48191979
3523-BRGUW,0,Male,1,0,0,26,1,0,No,0,0,0,0,0,0,One year,0,Credit card (automatic),19.3,504.2,0.634451019
3523-QRQLL,1,Female,0,1,1,22,1,0,DSL,0,1,0,0,1,1,One year,1,Bank transfer (automatic),69.5,1498.2,2.284681131
3524-WQDSG,0,Female,0,1,1,43,1,1,Fiber optic,0,0,1,0,1,1,Month-to-month,1,Bank transfer (automatic),99.3,4209.95,3.264299803
3525-DVKFN,0,Female,0,0,0,17,1,0,No,0,0,0,0,0,0,Two year,0,Mailed check,19.4,358.05,0.63773833
3528-HFRIQ,0,Male,1,1,0,71,0,0,DSL,0,1,1,0,1,1,Month-to-month,1,Bank transfer (automatic),52.3,3765.05,1.719263642
3530-CRZSB,0,Female,0,0,0,7,1,0,No,0,0,0,0,0,0,Month-to-month,0,Mailed check,20.65,155.9,0.678829717
3530-VWVGU,0,Female,0,1,1,22,1,0,No,0,0,0,0,0,0,Month-to-month,0,Mailed check,19.9,400.3,0.654174885
3533-UVMOM,0,Male,0,1,0,68,1,0,DSL,1,1,1,0,0,1,Two year,0,Bank transfer (automatic),70.95,4741.45,2.33234714
3536-IQCTX,1,Male,1,1,0,32,1,1,Fiber optic,0,0,0,0,0,1,Month-to-month,0,Electronic check,85.3,2661.1,2.804076266
3537-HPKQT,0,Female,0,1,0,55,1,1,Fiber optic,0,1,0,0,0,0,Month-to-month,1,Credit card (automatic),77.75,4266.4,2.555884287
3537-RYBHH,0,Female,1,1,0,47,1,1,DSL,1,1,1,0,0,0,Month-to-month,1,Credit card (automatic),67.45,3252,2.217291256
3538-WZPHD,1,Male,0,0,0,3,0,0,DSL,0,1,0,0,0,0,Month-to-month,1,Electronic check,29.6,79.45,0.97304405
3540-RZJYU,1,Female,0,0,0,15,1,0,Fiber optic,1,0,0,0,1,0,Month-to-month,0,Electronic check,86.2,1270.2,2.833662064
3541-ZNUHK,0,Female,0,1,1,55,1,1,Fiber optic,1,1,0,0,0,0,Month-to-month,1,Electronic check,85.1,4600.95,2.797501644
3544-FBCAS,0,Female,0,1,1,72,1,1,DSL,1,1,1,0,1,1,Two year,1,Credit card (automatic),83.6,5959.3,2.748191979
3545-CNWRG,0,Female,0,1,1,49,1,1,Fiber optic,0,1,0,0,1,1,Month-to-month,1,Electronic check,98.35,4889.2,3.233070348
3546-GHEAE,0,Male,0,0,0,7,1,0,No,0,0,0,0,0,0,Two year,0,Mailed check,19.45,165.35,0.639381986
3547-LQRIK,0,Female,0,1,0,47,1,1,No,0,0,0,0,0,0,One year,0,Electronic check,26.9,1250.85,0.884286654
3549-ZTMNH,0,Male,0,1,1,12,1,1,No,0,0,0,0,0,0,Two year,1,Bank transfer (automatic),24,269.65,0.788954635
3550-SAHFP,1,Female,0,0,0,33,1,1,Fiber optic,0,0,0,0,0,1,Month-to-month,1,Electronic check,83.35,2757.85,2.739973702
3551-GAEGL,0,Male,0,1,1,34,0,0,DSL,1,0,0,0,0,0,One year,0,Bank transfer (automatic),30.4,938.65,0.999342538
3551-HUAZH,1,Male,1,0,0,1,1,1,Fiber optic,0,0,0,0,0,0,Month-to-month,1,Electronic check,74.4,74.4,2.445759369
3552-CTCYF,0,Male,0,1,1,63,1,1,Fiber optic,0,1,1,0,1,1,Two year,1,Bank transfer (automatic),104.8,6597.25,3.445101907
3556-BVQGL,0,Female,0,1,0,20,1,0,No,0,0,0,0,0,0,One year,1,Mailed check,20,416.45,0.657462196
3557-HTYWR,0,Female,0,0,0,47,1,1,DSL,1,1,0,1,0,1,Two year,0,Mailed check,74.05,3496.3,2.43425378
3563-SVYLG,0,Male,0,1,1,68,1,0,DSL,1,1,1,1,0,0,Two year,0,Credit card (automatic),62.65,4375.8,2.059500329
3565-UNOCC,1,Female,1,1,0,29,1,1,Fiber optic,0,0,1,0,1,1,Month-to-month,1,Bank transfer (automatic),99.05,2952.85,3.256081525
3566-CAAYU,0,Female,0,1,1,64,0,0,DSL,0,1,1,1,0,1,Two year,0,Electronic check,49.85,3210.35,1.638724523
3566-HJGPK,0,Male,0,0,0,1,1,0,DSL,0,0,0,0,0,0,Month-to-month,1,Mailed check,45.55,45.55,1.497370151
3566-VVORZ,0,Female,0,1,0,12,1,0,DSL,0,0,0,0,0,0,Month-to-month,0,Bank transfer (automatic),45.9,505.95,1.50887574
3567-PQTSO,0,Male,0,1,1,53,1,1,Fiber optic,0,1,1,0,1,1,One year,1,Electronic check,105.25,5576.3,3.459894806
3569-EDBPQ,0,Female,0,0,0,24,1,1,Fiber optic,1,0,0,1,0,0,Month-to-month,1,Electronic check,84.35,1938.05,2.772846811
3569-JFODW,0,Female,0,1,1,72,1,1,DSL,1,1,1,1,1,1,Two year,0,Credit card (automatic),90.95,6652.45,2.989809336
3569-VLDHH,0,Male,0,1,1,66,1,0,DSL,1,1,1,1,1,0,One year,1,Electronic check,75.1,5013,2.468770546
3570-YUEKJ,0,Female,0,0,0,42,1,0,DSL,0,1,0,0,0,0,Month-to-month,1,Electronic check,49.55,2077.95,1.62886259
3571-DPYUH,0,Male,0,1,1,58,1,1,Fiber optic,0,1,0,1,1,0,One year,1,Credit card (automatic),94.7,5430.35,3.113083498
3571-RFHAR,1,Male,0,0,0,65,1,1,Fiber optic,0,1,1,1,1,1,Month-to-month,1,Electronic check,109.15,6941.2,3.588099934
3572-UOLYZ,0,Female,0,0,1,46,1,1,Fiber optic,0,0,1,1,0,0,Month-to-month,1,Bank transfer (automatic),84.8,3958.85,2.787639711
3572-UUHRS,0,Male,0,0,0,45,1,0,No,0,0,0,0,0,0,One year,0,Bank transfer (automatic),18.85,867.3,0.61965812
3577-AMVUX,0,Male,0,0,0,1,1,0,DSL,0,0,1,1,0,0,Month-to-month,0,Mailed check,55.05,55.05,1.809664694
3580-GICBM,0,Female,0,1,1,61,1,1,No,0,0,0,0,0,0,Two year,1,Mailed check,24.2,1445.2,0.795529257
3580-HYCSP,0,Male,0,1,1,72,1,1,Fiber optic,1,1,1,0,1,1,Two year,1,Bank transfer (automatic),110.3,7966.9,3.625904011
3580-REOAC,1,Male,0,0,0,10,1,0,DSL,0,0,0,0,0,0,Month-to-month,1,Credit card (automatic),44.85,435.4,1.474358974
3583-EKAPL,1,Male,0,0,0,1,1,0,DSL,0,0,0,0,0,1,Month-to-month,1,Electronic check,55,55,1.808021039
3583-KRKMD,0,Male,0,0,0,18,1,0,Fiber optic,0,0,0,1,0,0,Month-to-month,1,Bank transfer (automatic),75.9,1373.05,2.495069034
3584-WKTTW,0,Male,0,1,0,51,1,1,Fiber optic,1,0,1,1,1,1,One year,1,Electronic check,111.55,5720.35,3.666995398
3585-ISXZP,1,Female,0,0,0,8,1,1,Fiber optic,0,0,0,0,1,1,Month-to-month,0,Bank transfer (automatic),95.65,778.1,3.144312952
3585-YNADK,0,Female,0,1,0,57,1,1,DSL,0,1,1,1,1,0,One year,0,Bank transfer (automatic),74.6,4368.95,2.452333991
3587-PMCOY,0,Male,0,0,0,10,1,0,Fiber optic,1,0,1,0,1,1,One year,1,Electronic check,98.9,1064.95,3.251150559
3588-WSTTJ,0,Female,1,0,0,35,1,1,Fiber optic,1,0,0,0,1,1,Month-to-month,1,Electronic check,99.05,3554.6,3.256081525
3589-PPVKW,0,Male,0,0,0,9,1,0,DSL,0,0,0,0,0,0,Month-to-month,1,Mailed check,44.4,348.15,1.459566075
3590-TCXTB,0,Male,0,0,0,1,1,0,No,0,0,0,0,0,0,Month-to-month,0,Mailed check,20.35,20.35,0.668967784
3594-BDSOA,0,Female,0,1,0,24,1,0,No,0,0,0,0,0,0,One year,0,Credit card (automatic),20.4,482.8,0.67061144
3594-IVHJZ,0,Female,0,0,0,2,1,0,No,0,0,0,0,0,0,Month-to-month,1,Mailed check,20.45,42.45,0.672255095
3594-KADLU,0,Male,0,1,0,3,0,0,DSL,1,0,0,1,0,0,Month-to-month,0,Mailed check,35.1,101.1,1.153846154
3594-UVONA,1,Female,0,0,0,35,1,1,DSL,1,0,1,1,1,1,One year,1,Credit card (automatic),85.95,3110.1,2.825443787
3597-MVHJT,0,Female,0,0,0,27,1,1,Fiber optic,0,0,0,0,1,1,Month-to-month,1,Bank transfer (automatic),95.6,2595.25,3.142669297
3597-YASZG,0,Female,1,1,0,70,1,1,Fiber optic,0,1,0,1,1,1,Two year,1,Bank transfer (automatic),104.45,7349.35,3.433596318
3604-WLABM,0,Female,0,0,0,10,1,0,DSL,0,0,1,1,0,0,Month-to-month,0,Electronic check,54.25,583,1.783366206
3605-JISKB,0,Male,1,1,0,55,1,1,DSL,1,1,0,0,0,0,One year,0,Credit card (automatic),60,3316.1,1.972386588
3606-SBKRY,0,Male,0,0,0,31,0,0,DSL,0,0,1,0,1,1,One year,1,Electronic check,50.05,1523.4,1.645299145
3606-TWKGI,1,Male,1,0,0,13,1,1,Fiber optic,0,1,1,0,1,1,Month-to-month,1,Electronic check,106.9,1364.3,3.514135437
3612-YUNGG,0,Male,0,1,1,64,1,1,Fiber optic,0,1,1,1,1,1,Two year,1,Credit card (automatic),109.2,6741.15,3.58974359
3612-YVGSJ,0,Female,0,1,0,71,1,1,No,0,0,0,0,0,0,Two year,1,Credit card (automatic),24.45,1681.6,0.803747535
3617-XLSGQ,0,Female,0,1,1,66,1,1,Fiber optic,1,1,1,0,1,1,Two year,0,Bank transfer (automatic),109.25,7082.5,3.591387245
3620-EHIMZ,0,Female,0,1,1,52,1,0,No,0,0,0,0,0,0,Two year,0,Mailed check,19.35,1031.7,0.636094675
3620-MWJNE,0,Male,0,0,0,2,1,0,DSL,1,0,0,1,0,0,Month-to-month,1,Mailed check,54.45,87.3,1.789940828
3621-CEOVK,1,Female,1,1,0,14,1,1,Fiber optic,0,1,0,0,1,1,Month-to-month,1,Electronic check,100.2,1369.8,3.293885602
3621-CHYVB,0,Female,0,1,0,57,0,0,DSL,1,0,1,1,0,1,Month-to-month,1,Bank transfer (automatic),49.9,2782.4,1.640368179
3623-FQBOX,0,Male,0,0,0,21,1,0,No,0,0,0,0,0,0,Month-to-month,1,Mailed check,19.95,416.4,0.65581854
3627-FCRDW,1,Female,0,0,0,9,1,0,Fiber optic,0,0,0,0,0,0,Month-to-month,0,Electronic check,71,672.55,2.333990796
3627-FHKBK,1,Female,0,0,0,1,1,0,Fiber optic,1,0,0,0,0,0,Month-to-month,0,Mailed check,75.3,75.3,2.475345168
3629-WEAAM,0,Female,0,0,0,8,1,0,DSL,0,0,1,1,0,1,Month-to-month,0,Mailed check,64.1,504.05,2.107166338
3629-ZNKXA,0,Male,1,0,0,17,1,0,Fiber optic,0,1,1,0,1,1,Month-to-month,1,Electronic check,101.8,1752.45,3.346482577
3633-CDBUW,0,Male,0,0,1,17,1,0,DSL,0,1,1,1,1,1,One year,0,Electronic check,80.85,1445.95,2.657790927
3635-JBPSG,0,Female,0,0,0,15,0,0,DSL,0,1,0,0,0,1,Two year,1,Mailed check,38.8,603,1.27547666
3635-QQRQD,0,Male,0,0,0,62,1,0,No,0,0,0,0,0,0,Two year,1,Credit card (automatic),20.05,1201.65,0.659105851
3638-DIMPH,0,Female,0,1,0,13,1,0,DSL,0,0,0,0,0,0,One year,0,Electronic check,43.8,592.65,1.439842209
3638-VBZTA,0,Male,0,0,1,68,1,1,DSL,1,1,0,1,1,1,Two year,1,Bank transfer (automatic),86.5,5882.75,2.843523997
3638-WEABW,0,Female,0,1,0,58,1,1,DSL,0,1,0,1,0,0,Two year,1,Credit card (automatic),59.9,3505.1,1.969099277
3639-XJHKQ,0,Female,0,0,1,19,1,0,DSL,1,1,1,0,0,0,Month-to-month,1,Electronic check,60.6,1297.8,1.992110454
3640-JQGJG,0,Male,0,1,1,13,1,0,DSL,0,0,0,0,0,0,Month-to-month,0,Bank transfer (automatic),44.8,559.2,1.472715319
3640-PHQXK,1,Female,0,0,0,31,1,1,Fiber optic,0,0,1,0,0,1,Month-to-month,1,Electronic check,89.9,2806.9,2.955292571
3642-BYHDO,0,Female,0,1,1,71,1,0,No,0,0,0,0,0,0,Two year,0,Bank transfer (automatic),19.9,1389.35,0.654174885
3642-GKTCT,0,Female,0,0,0,61,1,1,Fiber optic,1,1,1,1,1,1,One year,1,Mailed check,115.1,6993.65,3.783694938
3643-AHCFP,1,Male,1,1,0,7,1,1,Fiber optic,0,0,0,0,1,1,Month-to-month,1,Bank transfer (automatic),95.6,644.35,3.142669297
3644-QXEHN,0,Male,0,1,1,13,1,0,Fiber optic,0,0,1,0,1,1,Month-to-month,0,Electronic check,97,1334.45,3.18869165
3645-DEYGF,0,Male,0,0,1,1,1,0,No,0,0,0,0,0,0,Month-to-month,0,Mailed check,20.75,20.75,0.682117028
3646-ITDGM,0,Female,0,0,0,56,1,0,No,0,0,0,0,0,0,Two year,0,Bank transfer (automatic),19.7,1051.9,0.647600263
3647-GMGDH,1,Male,0,1,0,22,1,0,Fiber optic,0,0,1,0,1,1,Month-to-month,1,Credit card (automatic),94.7,1914.9,3.113083498
3648-GZPHF,0,Male,0,1,1,32,0,0,DSL,0,0,1,1,0,0,One year,1,Mailed check,36.25,1151.05,1.19165023
3649-JPUGY,0,Male,0,0,0,72,1,1,DSL,0,1,1,1,1,1,Two year,1,Bank transfer (automatic),88.6,6201.95,2.912557528
3653-NCRDJ,0,Male,0,1,1,43,1,0,No,0,0,0,0,0,0,One year,1,Mailed check,19.2,776.25,0.631163708
3654-ARMGP,0,Female,0,0,0,61,1,1,DSL,0,1,1,1,1,1,Two year,0,Credit card (automatic),88.65,5321.25,2.914201183
3655-SNQYZ,0,Female,0,1,1,69,1,1,Fiber optic,1,1,1,1,1,1,Two year,0,Credit card (automatic),113.25,7895.15,3.722879684
3656-TKRVZ,1,Female,0,0,0,3,1,0,DSL,1,1,0,0,0,0,Month-to-month,0,Electronic check,55.35,165.2,1.819526627
3657-COGMW,0,Female,1,0,0,52,1,1,Fiber optic,1,1,1,0,1,1,Month-to-month,0,Credit card (automatic),108.1,5839.3,3.553583169
3658-KIBGF,1,Female,0,0,0,1,1,0,DSL,1,1,0,0,0,0,Month-to-month,1,Electronic check,54.9,54.9,1.804733728
3658-QQJYD,0,Male,0,0,0,62,1,0,DSL,1,1,0,0,1,1,One year,1,Credit card (automatic),74.3,4698.05,2.442472058
3662-FXJFO,0,Female,0,0,0,54,1,0,No,0,0,0,0,0,0,Two year,1,Mailed check,20.5,1035.7,0.673898751
3663-MITLP,1,Female,0,0,0,15,1,0,Fiber optic,0,1,1,0,1,1,Month-to-month,1,Electronic check,101.25,1457.25,3.328402367
3665-JATSN,0,Female,0,0,0,19,0,0,DSL,0,1,0,0,0,1,Month-to-month,1,Electronic check,39.7,710.05,1.305062459
3668-QPYBK,1,Male,0,0,0,2,1,0,DSL,1,1,0,0,0,0,Month-to-month,1,Mailed check,53.85,108.15,1.770216963
3669-LVWZB,1,Male,0,0,0,5,0,0,DSL,0,1,0,0,1,1,Month-to-month,1,Mailed check,51,305.95,1.6765286
3669-OYSJI,1,Male,0,0,0,1,1,0,DSL,0,0,0,0,0,0,Month-to-month,0,Credit card (automatic),46.2,46.2,1.518737673
3669-WHAFY,0,Female,0,1,0,71,1,1,Fiber optic,1,1,1,1,1,1,Two year,1,Credit card (automatic),115.15,8078.1,3.785338593
3671-SHRSP,1,Male,0,1,0,4,1,0,Fiber optic,0,0,1,1,0,0,Month-to-month,1,Mailed check,80.6,319.15,2.64957265
3672-YITQD,1,Male,1,1,0,36,1,1,Fiber optic,0,0,0,0,0,1,Month-to-month,1,Electronic check,84.1,3021.6,2.764628534
3675-EQOZA,0,Male,0,0,0,5,1,0,No,0,0,0,0,0,0,Month-to-month,0,Bank transfer (automatic),20.65,93.55,0.678829717
3675-YDUPJ,0,Male,0,0,0,10,1,0,No,0,0,0,0,0,0,Month-to-month,1,Mailed check,19.85,193.05,0.652531229
3677-IYRBF,1,Female,1,0,0,2,0,0,DSL,0,0,1,0,0,0,Month-to-month,1,Electronic check,30.4,78.65,0.999342538
3677-TNKIO,1,Female,0,0,0,14,1,0,Fiber optic,0,0,0,0,0,0,Month-to-month,1,Credit card (automatic),71,914,2.333990796
3678-MNGZX,0,Male,0,1,1,68,1,0,No,0,0,0,0,0,0,Two year,0,Bank transfer (automatic),19.95,1377.7,0.65581854
3679-XASPY,0,Female,0,1,1,1,1,0,No,0,0,0,0,0,0,Month-to-month,0,Electronic check,19.45,19.45,0.639381986
3680-CTHUH,0,Male,0,0,0,60,1,1,Fiber optic,1,1,1,1,1,1,One year,1,Credit card (automatic),116.6,7049.5,3.833004602
3682-YEUWS,0,Male,0,1,1,10,1,1,No,0,0,0,0,0,0,Month-to-month,1,Mailed check,24.4,253.9,0.802103879
3683-QKIUE,1,Female,0,0,0,6,1,0,DSL,0,0,0,1,0,0,Month-to-month,1,Bank transfer (automatic),50.8,288.05,1.669953978
3685-YLCMQ,1,Male,0,0,0,58,1,1,Fiber optic,0,0,1,1,1,1,One year,1,Electronic check,104.65,6219.6,3.44017094
3688-FTHLT,0,Female,0,0,0,16,1,1,DSL,0,0,0,0,0,1,Month-to-month,1,Bank transfer (automatic),63.05,1067.05,2.072649573
3689-MOZGR,0,Female,0,0,0,29,0,0,DSL,0,0,0,1,0,0,Month-to-month,1,Electronic check,31.2,926.2,1.025641026
3692-JHONH,0,Female,1,1,0,52,1,1,Fiber optic,0,1,1,0,1,1,One year,1,Electronic check,106.5,5621.85,3.500986193
3694-DELSO,0,Male,0,1,1,4,0,0,DSL,1,0,0,0,1,0,Month-to-month,0,Credit card (automatic),38.55,156.1,1.267258383
3694-GLTJM,0,Female,0,0,0,5,1,0,No,0,0,0,0,0,0,Month-to-month,1,Credit card (automatic),19.65,92.05,0.645956607
3696-DFHHB,0,Female,0,0,0,68,1,1,No,0,0,0,0,0,0,Two year,0,Bank transfer (automatic),25.5,1821.8,0.8382643
3696-XRIEN,0,Female,0,0,0,50,1,1,DSL,1,0,1,1,1,1,One year,1,Credit card (automatic),82.5,4179.1,2.712031558
3701-SFMUH,0,Male,0,1,1,7,1,0,DSL,1,0,0,0,1,1,Month-to-month,0,Credit card (automatic),69.7,516.15,2.291255753
3703-KBKZP,0,Male,1,0,0,16,1,1,Fiber optic,0,0,0,0,0,0,Month-to-month,1,Bank transfer (automatic),74.45,1261.35,2.447403024
3703-TTEPD,0,Male,0,0,0,21,1,0,DSL,1,0,1,0,1,0,Month-to-month,0,Bank transfer (automatic),65.35,1424.4,2.148257725
3703-VAVCL,1,Male,0,1,1,2,1,0,Fiber optic,0,0,1,1,0,1,Month-to-month,0,Credit card (automatic),90,190.05,2.958579882
3704-IEAXF,0,Female,0,1,1,72,0,0,DSL,0,1,0,1,1,1,Two year,0,Credit card (automatic),53.65,3784,1.763642341
3705-PSNGL,1,Male,0,0,0,45,1,0,No,0,0,0,0,0,0,One year,1,Electronic check,20.4,930.45,0.67061144
3705-RHRFR,0,Female,0,1,0,69,1,1,Fiber optic,1,0,0,0,1,1,Two year,0,Bank transfer (automatic),99.15,6875.35,3.259368836
3707-GNWHM,1,Male,0,0,0,1,1,1,Fiber optic,0,0,0,0,0,0,Month-to-month,1,Mailed check,74.25,74.25,2.440828402
3707-LRWZD,1,Female,0,0,0,32,1,1,Fiber optic,0,0,0,0,1,0,One year,0,Electronic check,84.05,2781.85,2.762984878
3709-OIJEA,0,Male,0,0,0,26,1,0,Fiber optic,0,1,1,1,0,0,One year,1,Electronic check,85.2,2184.6,2.800788955
3712-PKXZA,0,Male,0,1,0,61,1,0,No,0,0,0,0,0,0,One year,1,Credit card (automatic),20.55,1252,0.675542406
3714-JTVOV,1,Female,1,1,0,42,1,0,Fiber optic,1,0,0,0,0,0,Month-to-month,1,Credit card (automatic),74.15,3229.4,2.437541091
3714-NTNFO,0,Female,0,0,0,49,1,1,Fiber optic,0,0,0,0,0,1,Month-to-month,1,Electronic check,84.5,3906.7,2.777777778
3714-XPXBW,0,Female,0,0,0,37,1,1,DSL,1,1,1,1,1,0,Month-to-month,1,Credit card (automatic),78.9,2976.95,2.593688363
3716-BDVDB,1,Male,0,0,0,1,1,0,Fiber optic,0,0,0,0,0,0,Month-to-month,1,Electronic check,69.1,69.1,2.271531887
3716-LRGXK,0,Male,0,1,0,60,1,1,Fiber optic,0,0,1,0,1,1,Two year,0,Credit card (automatic),101.15,6067.4,3.325115056
3716-UVSPD,0,Male,0,0,0,1,1,0,DSL,0,0,0,1,0,0,Month-to-month,1,Electronic check,49.3,49.3,1.620644313
3717-FDJFU,0,Male,0,0,1,5,1,0,No,0,0,0,0,0,0,Two year,0,Mailed check,20.45,106.9,0.672255095
3717-LNXKW,0,Male,0,1,0,38,1,1,Fiber optic,1,0,0,0,1,0,Month-to-month,0,Bank transfer (automatic),91.7,3479.05,3.014464168
3717-OEAUQ,0,Male,0,0,0,2,1,0,Fiber optic,0,0,0,0,0,0,Month-to-month,0,Mailed check,70.7,129.2,2.324128863
3717-OFRTN,0,Male,0,0,0,1,1,0,No,0,0,0,0,0,0,Month-to-month,0,Bank transfer (automatic),19.75,19.75,0.649243918
3719-TDVQB,0,Female,1,1,0,54,1,0,No,0,0,0,0,0,0,Two year,1,Mailed check,18.95,1031.1,0.622945431
3720-DBRWL,0,Male,0,1,0,51,1,0,DSL,1,1,1,1,1,1,Two year,1,Credit card (automatic),83.85,4307.1,2.756410256
3721-CNEYS,1,Female,0,0,0,2,1,0,Fiber optic,0,0,0,0,0,0,Month-to-month,1,Electronic check,70.95,137.95,2.33234714
3721-CNZHX,0,Male,0,0,0,15,1,0,No,0,0,0,0,0,0,One year,0,Mailed check,19.8,304.6,0.650887574
3721-WKIIL,0,Female,0,0,0,27,1,0,No,0,0,0,0,0,0,Two year,1,Mailed check,19.6,561.15,0.644312952
3722-WPXTK,1,Male,0,0,0,1,1,0,Fiber optic,0,0,0,0,1,1,Month-to-month,1,Electronic check,88.35,88.35,2.90433925
3723-BFBGR,0,Male,1,0,0,24,1,1,DSL,0,1,0,0,0,0,Month-to-month,0,Credit card (automatic),54.8,1291.3,1.801446417
3724-BSCVH,0,Male,0,1,1,10,1,0,No,0,0,0,0,0,0,One year,0,Mailed check,20.45,242.4,0.672255095
3724-UCSHY,0,Male,0,1,1,6,1,0,No,0,0,0,0,0,0,Month-to-month,0,Mailed check,19.55,122.9,0.642669297
3726-TBHQT,0,Male,0,1,1,71,1,1,Fiber optic,1,1,1,1,1,1,Two year,1,Bank transfer (automatic),114,8175.9,3.747534517
3727-JEZTU,0,Female,0,0,0,1,1,0,No,0,0,0,0,0,0,Month-to-month,0,Mailed check,20.4,20.4,0.67061144
3727-OVPRY,0,Male,0,1,1,66,1,1,No,0,0,0,0,0,0,One year,1,Credit card (automatic),25.7,1714.55,0.844838922
3727-OWVYD,0,Male,0,0,0,35,1,0,DSL,1,1,1,0,0,0,One year,0,Mailed check,61.2,2021.2,2.01183432
3727-RJMEO,1,Male,0,1,0,6,1,1,Fiber optic,0,0,0,0,1,0,Month-to-month,1,Electronic check,82.85,460.25,2.723537147
3729-OWRVL,0,Male,1,0,0,65,1,1,Fiber optic,1,0,1,1,1,1,Two year,1,Electronic check,110.35,7246.15,3.627547666
3733-LSYCE,0,Female,0,1,0,15,1,0,Fiber optic,0,1,0,0,0,0,Month-to-month,0,Bank transfer (automatic),75.35,1114.55,2.476988823
3733-UOCWF,0,Male,1,1,0,61,1,1,Fiber optic,0,1,0,1,0,0,One year,1,Bank transfer (automatic),85.55,5251.75,2.812294543
3733-ZEECP,0,Male,0,1,1,22,1,0,DSL,0,0,0,1,0,0,Month-to-month,1,Electronic check,51.1,1232.9,1.679815911
3736-BLEPA,0,Male,0,0,0,28,1,0,Fiber optic,0,1,0,1,1,0,One year,1,Bank transfer (automatic),91.25,2483.65,2.999671269
3737-GCSPV,1,Female,0,1,0,11,1,1,Fiber optic,1,0,0,1,1,0,Month-to-month,1,Credit card (automatic),96.2,1222.05,3.162393162
3737-XBQDD,0,Male,0,0,0,24,1,1,Fiber optic,0,1,1,0,0,0,Month-to-month,1,Bank transfer (automatic),84.85,2048.8,2.789283366
3739-YBWAB,0,Male,0,1,0,36,0,0,DSL,1,0,1,0,0,0,One year,0,Mailed check,35.35,1317.95,1.162064431
3740-RLMVT,0,Male,1,1,0,67,1,0,DSL,1,1,0,1,0,0,One year,1,Bank transfer (automatic),60.95,4119.4,2.003616042
3744-ZBHON,0,Female,0,0,0,3,1,0,No,0,0,0,0,0,0,Month-to-month,0,Electronic check,20.2,65.95,0.664036818
3744-ZRRDZ,1,Male,0,0,0,21,1,1,Fiber optic,0,1,0,0,0,0,Month-to-month,1,Electronic check,82.35,1852.85,2.707100592
3745-HRPHI,0,Male,0,1,1,66,0,0,DSL,0,0,1,1,1,1,Two year,0,Bank transfer (automatic),54.65,3632,1.79651545
3746-EUBYR,1,Male,0,1,0,1,1,1,Fiber optic,0,0,0,0,0,0,Month-to-month,1,Bank transfer (automatic),74.6,74.6,2.452333991
3748-FVMZZ,0,Male,0,0,0,4,0,0,DSL,0,0,0,1,0,1,Month-to-month,1,Electronic check,40.05,162.45,1.316568047
3750-CKVKH,1,Male,0,0,0,2,1,0,Fiber optic,0,0,0,0,0,0,Month-to-month,1,Electronic check,67.75,116.65,2.227153189
3750-RNQKR,0,Female,0,0,0,12,1,0,No,0,0,0,0,0,0,Month-to-month,0,Mailed check,19.45,246.25,0.639381986
3750-YHRYO,0,Male,0,1,1,7,1,0,No,0,0,0,0,0,0,One year,0,Mailed check,20.65,150,0.678829717
3751-KTZEL,1,Female,0,0,0,1,0,0,DSL,0,0,0,0,0,1,Month-to-month,0,Mailed check,35.05,35.05,1.152202498
3752-CQSJI,0,Female,0,1,1,13,1,0,No,0,0,0,0,0,0,Month-to-month,1,Mailed check,20.45,254.5,0.672255095
3753-TSEMP,1,Female,0,1,0,15,1,0,Fiber optic,0,0,0,0,1,1,Month-to-month,0,Electronic check,88.15,1390.6,2.897764629
3754-DXMRT,1,Male,1,0,0,2,1,0,DSL,0,0,0,0,0,0,Month-to-month,1,Electronic check,44.15,92.65,1.451347798
3755-JBMNH,1,Male,1,1,0,16,1,0,Fiber optic,0,0,0,0,0,0,Month-to-month,1,Bank transfer (automatic),71.8,1167.8,2.360289283
3756-VNWDH,0,Male,1,1,0,65,1,1,Fiber optic,1,0,0,0,1,1,One year,1,Electronic check,100.75,6674.65,3.311965812
3757-NJYBX,1,Male,1,1,0,32,1,1,Fiber optic,0,1,1,0,1,1,Month-to-month,0,Bank transfer (automatic),106.35,3520.75,3.496055227
3758-CKOQL,0,Female,0,1,0,59,1,1,Fiber optic,1,1,1,1,0,1,One year,1,Credit card (automatic),107,6152.3,3.517422748
3761-FLYZI,0,Female,1,1,0,65,1,1,Fiber optic,0,1,1,0,1,1,Month-to-month,1,Bank transfer (automatic),108.8,7082.45,3.576594346
3763-GCZHZ,1,Male,0,1,0,66,1,1,Fiber optic,0,1,0,1,1,1,One year,1,Electronic check,104.05,6890,3.420447074
3764-MNMOI,0,Male,0,0,0,46,1,0,No,0,0,0,0,0,0,Two year,0,Credit card (automatic),19.2,908.15,0.631163708
3765-JXVKY,1,Female,0,0,0,1,1,0,Fiber optic,0,1,0,0,0,0,Month-to-month,1,Electronic check,74.7,74.7,2.455621302
3766-EJLFL,0,Female,0,1,1,68,1,1,Fiber optic,1,0,1,1,1,1,Two year,1,Bank transfer (automatic),109.05,7508.55,3.584812623
3768-NLUBH,1,Male,1,1,0,57,1,1,Fiber optic,0,0,1,0,1,1,Month-to-month,0,Electronic check,100.6,5746.15,3.307034845
3768-VHXQO,0,Male,0,1,0,67,1,1,No,0,0,0,0,0,0,Two year,0,Credit card (automatic),24.85,1583.5,0.816896778
3769-MHZNV,0,Female,0,1,1,33,1,0,No,0,0,0,0,0,0,Two year,0,Mailed check,20.1,670.35,0.660749507
3771-PZOBW,0,Male,0,0,0,20,1,1,Fiber optic,0,0,1,0,1,0,Month-to-month,1,Credit card (automatic),90.7,1781.35,2.981591059
3774-VBNXY,0,Female,0,1,1,64,1,0,No,0,0,0,0,0,0,Two year,0,Mailed check,20.2,1277.75,0.664036818
3776-EKTKM,1,Female,1,0,0,1,0,0,DSL,0,0,0,0,1,0,Month-to-month,1,Electronic check,36.45,36.45,1.198224852
3777-XROBG,0,Female,0,1,1,58,1,0,No,0,0,0,0,0,0,Two year,0,Credit card (automatic),19.55,1079.65,0.642669297
3778-FOAQW,0,Female,0,1,0,24,1,0,No,0,0,0,0,0,0,One year,0,Mailed check,20.15,456.85,0.662393162
3779-OSWCF,0,Female,0,1,0,71,1,1,DSL,1,1,1,1,1,1,Two year,0,Credit card (automatic),93.2,6506.15,3.063773833
3780-DDGSE,0,Male,1,1,1,35,1,0,DSL,0,1,0,1,1,1,Month-to-month,1,Electronic check,76.05,2747.2,2.5
3780-YVMFA,0,Female,0,1,1,8,1,0,DSL,0,0,0,1,1,1,Month-to-month,1,Electronic check,68.55,564.35,2.253451677
3785-KTYSH,0,Male,0,0,0,53,1,1,No,0,0,0,0,0,0,Two year,0,Mailed check,24.6,1279,0.808678501
3785-NRHYR,0,Male,0,0,0,1,1,0,No,0,0,0,0,0,0,Month-to-month,0,Mailed check,19.65,19.65,0.645956607
3786-WOVKF,0,Female,1,1,0,72,1,1,Fiber optic,1,1,0,0,1,1,One year,1,Bank transfer (automatic),106.85,7677.4,3.512491782
3787-TRIAL,0,Male,0,1,1,21,0,0,DSL,0,0,0,0,0,0,Month-to-month,1,Electronic check,26.05,565.75,0.85634451
3791-LGQCY,1,Female,1,1,0,56,1,1,Fiber optic,0,0,1,0,1,1,Month-to-month,1,Bank transfer (automatic),100.65,5688.05,3.308678501
3793-MMFUH,1,Female,1,0,0,13,1,1,Fiber optic,0,0,0,0,1,1,Month-to-month,1,Electronic check,95.05,1290,3.124589086
3794-NFNCH,0,Male,0,1,0,30,1,0,DSL,0,0,1,0,0,0,Month-to-month,1,Mailed check,50,1474.9,1.64365549
3795-CAWEX,0,Male,0,1,1,70,1,1,Fiber optic,1,1,1,1,1,1,Two year,1,Credit card (automatic),116.55,8152.3,3.831360947
3795-GWTRD,0,Female,0,1,1,63,1,0,DSL,1,1,1,1,1,0,Two year,0,Credit card (automatic),75.55,4707.85,2.483563445
3796-ENZGF,0,Male,0,1,0,63,1,1,DSL,0,1,0,1,0,1,Two year,0,Mailed check,67.25,4234.15,2.210716634
3797-FKOGQ,0,Male,0,0,1,11,1,1,Fiber optic,0,0,0,0,0,1,Month-to-month,0,Electronic check,86.2,893.2,2.833662064
3797-VTIDR,1,Male,0,1,0,1,0,0,DSL,0,0,0,0,0,0,Month-to-month,1,Electronic check,23.45,23.45,0.770874425
3798-EPWRR,0,Female,1,0,0,2,1,0,DSL,0,0,0,0,0,0,Month-to-month,0,Electronic check,43.95,85.1,1.444773176
3799-ISUZQ,1,Male,0,1,1,7,1,0,Fiber optic,0,0,0,0,0,0,Month-to-month,1,Bank transfer (automatic),69.95,529.5,2.29947403
3800-LYTRK,0,Female,0,0,0,14,1,0,DSL,1,0,0,1,0,0,One year,0,Mailed check,55.7,795.15,1.831032216
3801-HMYNL,1,Male,0,1,1,1,1,0,Fiber optic,0,0,0,0,1,1,Month-to-month,0,Mailed check,89.15,89.15,2.930637738
3803-KMQFW,1,Female,0,1,1,1,1,0,No,0,0,0,0,0,0,Month-to-month,0,Mailed check,20.55,20.55,0.675542406
3804-RVTGV,1,Male,0,1,1,50,1,1,Fiber optic,0,1,1,0,1,1,Month-to-month,1,Bank transfer (automatic),103.85,5017.9,3.413872452
3806-DXQOM,1,Female,0,0,0,4,0,0,DSL,1,1,0,0,0,0,Month-to-month,1,Electronic check,33.65,137.85,1.106180145
3806-YAZOV,0,Female,0,0,0,3,1,0,No,0,0,0,0,0,0,Month-to-month,0,Mailed check,18.8,56,0.618014464
3807-BPOMJ,0,Female,0,1,0,55,1,0,Fiber optic,1,0,0,0,1,1,One year,1,Electronic check,94.75,5276.1,3.114727153
3807-XHCJH,0,Female,0,1,1,1,1,0,No,0,0,0,0,0,0,Month-to-month,0,Electronic check,20,20,0.657462196
3808-HFKDE,0,Female,0,0,0,20,1,0,DSL,0,0,0,0,0,0,Month-to-month,1,Electronic check,44.35,927.15,1.457922419
3810-DVDQQ,0,Female,0,1,1,72,1,1,Fiber optic,1,1,1,1,1,1,Two year,1,Bank transfer (automatic),117.6,8308.9,3.865877712
3810-PJUHR,0,Male,0,1,1,70,1,1,No,0,0,0,0,0,0,Two year,0,Mailed check,25.35,1715.15,0.833333333
3811-VBYBZ,1,Male,0,0,0,7,1,1,Fiber optic,0,1,0,0,1,1,Month-to-month,1,Electronic check,99.8,673.25,3.280736358
3812-LRZIR,0,Female,0,1,1,27,1,1,No,0,0,0,0,0,0,Two year,0,Electronic check,24.5,761.95,0.80539119
3813-DHBBB,0,Male,0,1,0,67,0,0,DSL,1,1,0,1,0,1,Two year,1,Bank transfer (automatic),50.95,3521.7,1.674884944
3814-MLAXC,1,Female,0,0,0,31,1,1,Fiber optic,0,0,0,1,0,0,Month-to-month,1,Credit card (automatic),79.85,2404.15,2.624917817
3815-SLMEF,1,Female,0,0,0,3,0,0,DSL,1,0,0,1,0,0,Month-to-month,0,Mailed check,34.25,139.35,1.125904011
3823-KYNQY,0,Male,0,0,0,12,1,1,No,0,0,0,0,0,0,One year,0,Credit card (automatic),24.95,280.4,0.820184089
3824-RHKVR,0,Female,0,0,0,17,1,0,No,0,0,0,0,0,0,Month-to-month,0,Credit card (automatic),19.7,340.35,0.647600263
3831-YCPUO,0,Female,0,1,1,72,1,0,Fiber optic,1,1,1,1,1,1,Two year,1,Credit card (automatic),109.5,7854.9,3.599605523
3834-XUIFC,1,Male,0,0,0,7,1,1,Fiber optic,0,0,0,0,0,1,Month-to-month,1,Mailed check,85.2,602.55,2.800788955
3836-FZSDJ,0,Male,1,1,0,71,1,1,No,0,0,0,0,0,0,Two year,0,Bank transfer (automatic),24.85,1901,0.816896778
3838-OZURD,1,Male,0,1,0,66,1,1,Fiber optic,0,1,1,0,1,1,Month-to-month,1,Credit card (automatic),105,7133.25,3.451676529
3841-CONLJ,0,Female,0,1,0,1,0,0,DSL,0,0,0,0,0,1,Month-to-month,0,Electronic check,35,35,1.150558843
3841-NFECX,0,Female,1,1,0,71,1,1,Fiber optic,1,1,1,1,0,0,Two year,1,Credit card (automatic),96.35,6766.95,3.167324129
3842-IYKUE,1,Female,0,0,0,35,1,1,Fiber optic,0,1,0,1,0,0,Month-to-month,0,Credit card (automatic),85.3,2917.5,2.804076266
3842-QTGDL,0,Male,0,1,0,16,1,0,Fiber optic,1,1,0,0,0,0,Month-to-month,0,Bank transfer (automatic),80.75,1321.3,2.654503616
3845-FXCYS,0,Male,0,0,0,2,1,0,No,0,0,0,0,0,0,Month-to-month,1,Electronic check,19.65,31.2,0.645956607
3845-JHAMY,0,Female,0,1,1,16,0,0,DSL,0,0,0,0,0,1,Month-to-month,1,Credit card (automatic),35.5,552.7,1.166995398
3847-BAERP,0,Female,0,0,0,10,1,0,No,0,0,0,0,0,0,Month-to-month,1,Mailed check,20.9,247,0.687047995
3850-OKINF,0,Male,0,1,1,71,1,1,DSL,1,0,0,0,1,0,One year,1,Electronic check,66.2,4692.55,2.176199869
3853-LYGAM,0,Male,0,0,0,17,1,1,Fiber optic,0,0,1,1,0,1,Month-to-month,1,Bank transfer (automatic),95.65,1640,3.144312952
3855-ONCAR,0,Female,0,1,1,4,1,0,Fiber optic,0,0,0,0,1,0,Month-to-month,1,Mailed check,78.9,299.75,2.593688363
3858-VOBET,1,Male,0,0,0,23,1,1,Fiber optic,0,0,0,0,0,0,Month-to-month,1,Electronic check,74.95,1710.45,2.463839579
3858-XHYJO,0,Female,0,1,0,40,1,1,Fiber optic,1,0,1,0,1,1,One year,0,Bank transfer (automatic),105.75,4228.55,3.476331361
3859-CVCET,1,Female,0,0,0,4,1,0,DSL,0,0,0,0,0,0,Month-to-month,0,Mailed check,45.65,191.05,1.500657462
3863-IUBJR,1,Male,0,1,1,12,1,0,DSL,0,0,0,0,0,1,One year,0,Credit card (automatic),53.65,696.35,1.763642341
3863-QSTYI,0,Male,0,0,0,59,1,0,DSL,0,0,1,1,1,0,Month-to-month,1,Electronic check,64.65,3735.45,2.125246548
3865-QBWSJ,0,Male,1,0,1,38,1,1,Fiber optic,1,0,0,0,0,0,Month-to-month,1,Mailed check,80.45,3162.65,2.644641683
3865-YIOTT,0,Male,0,1,1,72,1,1,Fiber optic,1,0,1,0,1,1,One year,1,Bank transfer (automatic),106.1,7848.5,3.487836949
3865-ZFZIB,0,Male,0,0,0,19,1,0,No,0,0,0,0,0,0,Two year,0,Mailed check,19.65,358.15,0.645956607
3865-ZYKAD,0,Male,1,1,0,69,1,1,Fiber optic,1,1,0,0,0,0,Month-to-month,1,Credit card (automatic),84.9,5785.65,2.790927022
3866-MDTUB,1,Female,0,0,0,2,1,0,DSL,1,0,0,0,1,1,Month-to-month,1,Electronic check,70.75,146.9,2.325772518
3870-MQAMG,1,Female,0,1,0,54,1,1,Fiber optic,0,1,1,1,1,1,One year,0,Electronic check,110.35,5893.15,3.627547666
3870-SPZSI,0,Female,0,1,1,70,1,1,Fiber optic,1,1,1,1,1,1,Two year,1,Credit card (automatic),113.05,7869.05,3.716305062
3871-IKPYH,1,Male,1,0,0,1,1,0,Fiber optic,0,0,0,0,0,0,Month-to-month,0,Electronic check,69.1,69.1,2.271531887
3873-NFTGI,0,Male,0,0,0,14,1,1,DSL,0,1,0,0,0,0,Month-to-month,1,Credit card (automatic),55.5,767.55,1.824457594
3873-WOSBC,0,Male,0,1,0,67,1,1,No,0,0,0,0,0,0,Two year,0,Credit card (automatic),25.6,1784.9,0.841551611
3874-EQOEP,1,Male,0,0,0,7,1,1,Fiber optic,0,0,0,0,1,1,Month-to-month,0,Mailed check,95,655.5,3.122945431
3877-JRJIP,1,Male,0,0,0,1,1,1,DSL,0,0,0,0,1,0,Month-to-month,1,Electronic check,59.85,59.85,1.967455621
3878-AVSOQ,0,Female,1,0,0,1,1,0,Fiber optic,0,0,0,0,0,0,Month-to-month,1,Electronic check,71.25,71.25,2.342209073
3882-IYOIJ,0,Female,0,1,1,60,1,1,Fiber optic,1,1,1,1,1,1,Two year,0,Credit card (automatic),115.25,6758.45,3.788625904
3884-HCSWG,1,Female,0,0,0,17,1,0,Fiber optic,0,0,0,0,0,0,Month-to-month,1,Electronic check,70,1144.5,2.301117686
3884-UEBXB,0,Female,0,1,1,67,0,0,DSL,1,1,0,0,0,0,Two year,0,Bank transfer (automatic),36.15,2434.45,1.188362919
3886-CERTZ,1,Female,0,1,0,72,1,1,Fiber optic,0,1,1,1,1,1,One year,1,Electronic check,109.25,8109.8,3.591387245
3887-PBQAO,0,Female,0,1,1,45,1,1,No,0,0,0,0,0,0,One year,1,Credit card (automatic),25.9,1216.6,0.851413544
3889-VWBID,0,Male,0,1,1,68,1,0,DSL,1,1,0,1,1,1,Two year,0,Bank transfer (automatic),82.85,5776.45,2.723537147
3890-RTCMS,0,Male,0,0,0,16,1,0,DSL,0,0,0,1,0,0,Month-to-month,1,Mailed check,49.45,799,1.625575279
3891-NLXJB,0,Male,0,0,0,37,0,0,DSL,1,1,0,1,0,0,Two year,1,Mailed check,40.55,1390.85,1.333004602
3891-PUQOD,1,Female,0,0,1,1,1,0,DSL,0,0,1,0,0,1,Month-to-month,0,Electronic check,59.2,59.2,1.9460881
3892-NXAZG,0,Male,0,1,1,72,1,1,Fiber optic,1,1,1,1,1,1,Two year,1,Credit card (automatic),114.05,8289.2,3.749178172
3893-JRNFS,0,Male,0,0,0,68,0,0,DSL,0,0,1,0,0,1,Month-to-month,1,Bank transfer (automatic),39.9,2796.35,1.311637081
3896-RCYYE,0,Female,0,0,0,67,0,0,DSL,0,0,1,1,1,1,Month-to-month,1,Credit card (automatic),53.4,3579.15,1.755424063
3896-ZVNET,0,Female,0,1,1,24,1,1,No,0,0,0,0,0,0,Two year,0,Mailed check,24.7,571.75,0.811965812
3898-BSJYF,0,Female,0,0,1,10,1,1,DSL,1,0,1,1,0,1,One year,0,Credit card (automatic),73.55,693.3,2.417817226
3898-GUYTS,0,Female,1,0,0,45,1,1,Fiber optic,1,1,0,1,1,0,Month-to-month,1,Electronic check,97.05,4385.05,3.190335306
3900-AQPHZ,1,Female,0,0,0,1,1,0,No,0,0,0,0,0,0,Month-to-month,0,Mailed check,19.9,19.9,0.654174885
3902-FOIGH,1,Male,1,1,0,12,1,1,Fiber optic,0,1,0,0,1,1,Month-to-month,1,Electronic check,101.35,1218.55,3.331689678
3902-MIVLE,0,Male,0,1,1,63,1,1,DSL,1,0,1,1,0,1,Two year,0,Mailed check,75.7,4676.7,2.488494412
3904-UKFRE,0,Male,0,0,0,4,1,1,Fiber optic,1,0,0,0,0,0,Month-to-month,1,Electronic check,80.1,336.15,2.633136095
3908-BLSYF,1,Female,0,0,0,6,1,0,Fiber optic,0,0,1,0,0,1,Month-to-month,0,Electronic check,83.9,497.55,2.758053912
3908-MKIMJ,0,Male,1,1,0,68,0,0,DSL,1,1,1,0,0,0,Two year,1,Electronic check,41.95,2965.75,1.379026956
3910-MRQOY,0,Female,0,1,0,72,1,0,No,0,0,0,0,0,0,Two year,0,Bank transfer (automatic),19.4,1496.45,0.63773833
3911-RSNHI,0,Female,0,1,0,71,0,0,DSL,0,1,1,1,1,1,Two year,1,Credit card (automatic),61.4,4310.35,2.018408941
3913-FCUUW,0,Female,0,1,1,72,1,1,DSL,1,1,1,1,0,0,Two year,1,Bank transfer (automatic),70.45,5165.7,2.315910585
3913-RDSJZ,0,Female,0,1,0,64,1,1,No,0,0,0,0,0,0,Two year,0,Mailed check,25.55,1714.95,0.839907955
3914-FDRHP,0,Male,0,0,0,9,1,0,Fiber optic,0,0,0,1,1,0,Month-to-month,0,Electronic check,86.25,770.5,2.83530572
3915-ODIYG,0,Male,1,0,0,60,1,1,DSL,1,1,0,0,0,1,One year,1,Electronic check,71.75,4374.55,2.358645628
3916-NRPAP,0,Male,0,0,0,3,1,0,Fiber optic,0,0,1,0,0,1,Month-to-month,0,Credit card (automatic),85.7,256.75,2.81722551
3920-HIHMQ,0,Female,0,0,1,26,1,1,DSL,0,0,0,0,0,0,Month-to-month,1,Mailed check,49.5,1265.65,1.627218935
3923-CSIHK,1,Female,1,1,0,50,1,0,Fiber optic,0,0,0,0,0,0,Month-to-month,1,Electronic check,71.05,3444.85,2.335634451
3926-CUQZX,1,Male,0,0,0,1,1,0,DSL,0,0,0,0,0,0,Month-to-month,1,Bank transfer (automatic),45.1,45.1,1.482577252
3926-YZVVX,0,Female,0,0,0,41,1,0,DSL,0,0,0,1,0,0,One year,0,Bank transfer (automatic),50.05,2029.05,1.645299145
3927-NLNRY,1,Male,0,1,0,53,1,0,Fiber optic,0,1,0,0,1,1,One year,1,Bank transfer (automatic),94.25,4867.95,3.098290598
3930-ZGWVE,0,Male,0,0,0,1,1,0,No,0,0,0,0,0,0,Month-to-month,0,Mailed check,19.75,19.75,0.649243918
3932-CMDTD,1,Female,0,0,0,4,1,0,Fiber optic,0,1,1,1,1,1,One year,1,Electronic check,105.65,443.9,3.47304405
3932-IJWDZ,0,Male,0,0,0,45,1,1,Fiber optic,0,0,1,1,1,1,Month-to-month,1,Bank transfer (automatic),103.65,4747.85,3.40729783
3933-DQPWX,0,Female,0,0,0,50,0,0,DSL,0,1,1,1,0,0,Two year,0,Credit card (automatic),39.7,1932.75,1.305062459
3934-HXCFZ,1,Male,0,1,0,23,1,1,Fiber optic,1,1,1,0,1,0,Month-to-month,1,Electronic check,99.25,2186.4,3.262656147
3935-TBRZZ,0,Male,0,1,1,44,1,1,No,0,0,0,0,0,0,One year,0,Mailed check,25.7,1110.5,0.844838922
3936-QQFLL,0,Male,0,0,0,2,1,0,No,0,0,0,0,0,0,Month-to-month,0,Mailed check,19.75,39.3,0.649243918
3938-YFPXD,0,Male,0,0,0,72,1,1,DSL,1,0,1,1,1,1,Two year,0,Credit card (automatic),84.3,5997.1,2.771203156
3941-XTSKM,0,Male,0,1,1,42,0,0,DSL,0,1,1,0,0,1,One year,1,Credit card (automatic),45.1,2049.05,1.482577252
3943-KDREE,1,Female,0,0,0,26,1,1,Fiber optic,0,0,0,0,0,0,Month-to-month,1,Bank transfer (automatic),74.95,1834.95,2.463839579
3945-GFWQL,1,Female,0,0,1,12,1,0,DSL,0,0,0,0,0,0,Month-to-month,1,Electronic check,44.55,480.6,1.464497041
3946-JEWRQ,0,Male,0,1,0,47,1,1,Fiber optic,0,0,0,0,1,1,One year,1,Credit card (automatic),95.2,4563,3.129520053
3946-MHCZW,1,Male,0,0,0,1,1,0,DSL,0,0,1,0,0,0,Month-to-month,0,Mailed check,50.9,50.9,1.673241289
3948-FVVRP,0,Male,0,1,1,9,1,0,DSL,0,1,0,1,0,0,Month-to-month,0,Mailed check,54.8,452.8,1.801446417
3948-KXDUF,0,Male,0,0,0,66,1,1,DSL,1,1,1,1,0,0,Two year,0,Bank transfer (automatic),68.75,4447.55,2.260026298
3948-XHGNA,1,Male,0,0,0,24,1,0,DSL,1,0,0,0,0,0,Month-to-month,1,Bank transfer (automatic),49.55,1210.4,1.62886259
3950-VPYJB,0,Male,0,1,1,57,1,0,DSL,1,1,0,1,0,0,One year,0,Mailed check,59.6,3509.4,1.959237344
3951-NJCVI,0,Female,1,1,0,42,1,1,Fiber optic,0,0,0,0,1,1,Month-to-month,1,Electronic check,95.05,3944.5,3.124589086
3955-JBZZM,0,Male,0,0,0,20,1,0,Fiber optic,0,0,0,0,1,0,Month-to-month,0,Electronic check,78.8,1641.3,2.590401052
3956-CJUST,0,Female,1,0,0,23,1,0,Fiber optic,1,0,0,0,0,0,Month-to-month,1,Bank transfer (automatic),75.4,1643.55,2.478632479
3956-MGXOG,0,Female,0,0,0,28,1,0,Fiber optic,0,0,0,0,0,1,Month-to-month,1,Electronic check,80.6,2244.95,2.64957265
3957-HHLMR,0,Female,0,1,1,70,1,1,DSL,1,0,0,0,0,1,One year,0,Bank transfer (automatic),65.2,4543.15,2.143326759
3957-LXOLK,1,Female,1,0,0,28,1,1,Fiber optic,0,1,1,0,1,1,Month-to-month,1,Electronic check,106.15,3152.5,3.489480605
3957-SQXML,0,Female,0,1,1,34,1,1,No,0,0,0,0,0,0,Two year,0,Credit card (automatic),24.95,894.3,0.820184089
3961-SXAXY,0,Male,0,0,0,1,1,0,DSL,0,0,0,0,0,0,Month-to-month,1,Bank transfer (automatic),44.05,44.05,1.448060487
3963-RYFNS,0,Female,0,0,0,72,1,1,Fiber optic,1,1,1,1,1,1,Two year,1,Bank transfer (automatic),116.45,8013.55,3.828073636
3966-HRMZA,0,Female,1,0,0,3,1,0,Fiber optic,0,0,1,0,0,0,Month-to-month,0,Mailed check,75.05,202.9,2.46712689
3967-KXAPS,0,Male,0,1,0,72,1,1,DSL,1,1,1,1,1,1,Two year,0,Credit card (automatic),92.3,6719.9,3.034188034
3967-VQOGC,0,Female,0,1,1,67,1,1,No,0,0,0,0,0,0,Two year,1,Mailed check,24.9,1680.25,0.818540434
3969-GYXEL,0,Female,0,0,0,11,1,0,Fiber optic,1,0,0,0,0,0,Month-to-month,0,Electronic check,76.4,838.7,2.511505588
3969-JQABI,0,Female,0,1,0,58,1,0,DSL,1,1,0,0,1,0,Month-to-month,1,Credit card (automatic),65.25,3791.6,2.144970414
3970-XGJDU,0,Female,0,0,0,62,1,0,No,0,0,0,0,0,0,Two year,1,Credit card (automatic),19.2,1123.65,0.631163708
3973-SKMLN,0,Male,0,0,0,71,1,0,No,0,0,0,0,0,0,Two year,1,Credit card (automatic),19.9,1355.1,0.654174885
3976-BWUCK,1,Female,0,1,0,30,1,1,Fiber optic,0,1,0,1,1,0,Month-to-month,1,Credit card (automatic),94.1,2804.45,3.093359632
3976-HXHCE,0,Male,0,0,0,72,1,0,No,0,0,0,0,0,0,Two year,0,Bank transfer (automatic),19.3,1414.8,0.634451019
3976-NLDEZ,0,Male,0,0,0,1,1,0,No,0,0,0,0,0,0,Month-to-month,0,Mailed check,20.6,20.6,0.677186062
3977-QCRSL,0,Female,0,0,0,5,1,0,No,0,0,0,0,0,0,Month-to-month,0,Mailed check,20.15,117.95,0.662393162
3978-YNKDD,0,Male,0,0,1,19,1,0,No,0,0,0,0,0,0,Two year,0,Credit card (automatic),20.85,467.5,0.685404339
3981-QSVQI,0,Male,0,0,0,8,1,0,No,0,0,0,0,0,0,Month-to-month,1,Bank transfer (automatic),19.7,168.9,0.647600263
3982-DQLUS,0,Male,1,1,1,65,1,1,Fiber optic,1,1,0,0,0,0,Month-to-month,1,Electronic check,85.75,5688.45,2.818869165
3982-JGSFD,0,Male,0,0,0,36,1,0,No,0,0,0,0,0,0,One year,1,Credit card (automatic),20.35,695.85,0.668967784
3982-XWFZQ,1,Female,0,1,0,42,1,1,DSL,0,0,0,0,0,0,Month-to-month,1,Electronic check,50.25,2203.65,1.651873767
3985-HOYPM,0,Male,0,0,0,26,1,0,No,0,0,0,0,0,0,One year,0,Mailed check,19.4,525.55,0.63773833
3987-KQDDU,0,Male,0,0,0,9,1,0,Fiber optic,1,0,0,0,0,0,Month-to-month,0,Electronic check,75.6,661.55,2.485207101
3988-RQIXO,1,Female,1,0,0,1,1,0,Fiber optic,0,0,0,0,1,1,Month-to-month,1,Electronic check,91.3,91.3,3.001314924
3990-QYKBE,1,Male,1,1,0,37,1,1,Fiber optic,0,0,0,0,1,1,Month-to-month,1,Electronic check,92.5,3473.4,3.040762656
3992-YWPKO,1,Female,0,0,0,6,1,1,Fiber optic,0,1,1,1,1,1,Month-to-month,1,Credit card (automatic),109.9,669.45,3.612754767
3995-WFCSM,0,Female,0,0,0,2,1,0,DSL,0,0,1,0,0,1,Month-to-month,0,Electronic check,60.85,111.4,2.000328731
3996-ZNWYK,0,Male,1,1,1,71,1,0,No,0,0,0,0,0,0,Two year,0,Credit card (automatic),19.8,1388.45,0.650887574
3999-QGRJH,1,Male,1,0,0,8,1,0,Fiber optic,0,0,0,0,0,0,Month-to-month,1,Electronic check,69.7,560.85,2.291255753
3999-WRNGR,0,Female,0,1,1,60,0,0,DSL,0,1,0,0,1,1,Month-to-month,1,Electronic check,49.75,3069.45,1.635437212
4000-VGMQP,0,Male,0,1,1,38,1,1,DSL,0,1,1,0,1,1,One year,0,Credit card (automatic),78.95,2862.55,2.595332018
4001-TSBTV,0,Female,0,1,1,58,1,0,Fiber optic,0,1,1,0,1,0,Month-to-month,1,Electronic check,91.55,5511.65,3.009533202
4002-BQWPQ,0,Male,0,0,0,25,1,1,DSL,1,1,1,1,0,1,Month-to-month,0,Bank transfer (automatic),81.75,2028.8,2.687376726
4003-FUSHP,0,Male,0,0,0,19,1,0,DSL,0,0,0,1,1,0,Month-to-month,1,Credit card (automatic),61.55,1093.2,2.023339908
4003-OCTMP,0,Female,0,1,0,31,1,0,DSL,1,0,0,1,0,1,One year,1,Electronic check,64,1910.75,2.103879027
4006-HKYHO,0,Male,0,0,0,63,1,0,DSL,1,1,1,1,1,1,Two year,1,Bank transfer (automatic),86.7,5309.5,2.850098619
4007-NHVHI,0,Female,1,0,0,56,1,1,Fiber optic,1,1,0,0,0,1,Month-to-month,1,Electronic check,96.85,5219.65,3.183760684
4009-ALQFH,1,Female,0,0,0,25,1,0,Fiber optic,0,1,1,0,1,1,Month-to-month,1,Electronic check,99.5,2369.05,3.270874425
4010-YLMVT,0,Female,0,0,0,56,1,1,Fiber optic,1,1,0,0,1,1,Month-to-month,1,Credit card (automatic),106.6,5893.95,3.504273504
4011-ARPHK,0,Male,0,0,0,27,1,0,DSL,1,0,0,0,0,0,Month-to-month,0,Mailed check,50.35,1411.35,1.655161078
4012-YCFAI,0,Male,0,1,0,60,1,0,DSL,1,1,0,1,0,0,Two year,1,Mailed check,61.35,3766.2,2.016765286
4012-ZTHBR,0,Female,0,1,1,21,1,0,DSL,0,0,0,0,0,0,Month-to-month,1,Electronic check,44.95,926.25,1.477646285
4013-GUXND,0,Male,0,0,0,1,1,0,No,0,0,0,0,0,0,Month-to-month,0,Mailed check,20.8,20.8,0.683760684
4013-TLDHQ,1,Male,0,0,0,19,1,0,Fiber optic,0,1,1,0,0,0,Month-to-month,1,Electronic check,78.25,1490.95,2.572320842
4013-UBXWQ,1,Female,0,0,0,7,1,1,DSL,0,0,0,1,1,1,Month-to-month,1,Electronic check,74.65,521.1,2.453977646
4016-BJKTZ,0,Female,0,0,0,25,1,1,Fiber optic,0,1,1,1,1,1,Two year,0,Electronic check,108.9,2809.05,3.579881657
4018-KJYUY,0,Male,0,0,1,22,1,0,No,0,0,0,0,0,0,Month-to-month,0,Credit card (automatic),20.15,432.5,0.662393162
4018-PPNDW,0,Female,0,1,1,61,1,1,No,0,0,0,0,0,0,Two year,1,Mailed check,24.1,1551.6,0.792241946
4020-KIUDI,0,Male,0,1,1,6,1,0,No,0,0,0,0,0,0,Month-to-month,0,Credit card (automatic),19.85,138.85,0.652531229
4021-RQSNY,1,Male,1,1,0,29,1,1,Fiber optic,0,0,1,0,1,1,Month-to-month,1,Electronic check,98.5,3004.15,3.238001315
4023-RTIQM,0,Female,1,1,0,31,0,0,DSL,1,1,1,0,0,1,One year,1,Credit card (automatic),50.4,1580.1,1.656804734
4024-CSNBY,0,Female,0,1,0,72,1,1,Fiber optic,1,1,1,1,0,0,Two year,1,Bank transfer (automatic),94.25,6849.75,3.098290598
4026-SKKHW,0,Male,0,0,0,3,1,0,DSL,0,0,0,1,0,0,Month-to-month,1,Mailed check,50.25,152.3,1.651873767
4029-HPFVY,0,Male,0,0,0,3,1,0,Fiber optic,0,0,0,0,0,0,Month-to-month,1,Mailed check,70.3,220.4,2.310979619
4030-VPZBD,1,Female,0,0,0,2,0,0,DSL,0,0,0,1,0,0,Month-to-month,1,Electronic check,30.9,59.05,1.015779093
4032-RMHCI,0,Female,0,1,1,41,0,0,DSL,1,0,1,0,0,0,One year,0,Credit card (automatic),35.4,1412.4,1.163708087
4039-HEUNW,1,Male,1,1,0,36,1,1,Fiber optic,0,1,0,0,1,1,Month-to-month,1,Electronic check,96.5,3436.1,3.172255095
4039-PIMHX,0,Male,1,1,0,49,1,0,DSL,0,1,0,0,0,0,Two year,0,Mailed check,49.8,2398.4,1.637080868
4043-MKDTV,0,Male,0,1,0,71,1,0,Fiber optic,0,1,1,1,1,1,Two year,1,Electronic check,105.25,7291.75,3.459894806
4049-ZPALD,0,Female,0,1,0,64,1,0,Fiber optic,1,0,1,0,1,1,Two year,1,Bank transfer (automatic),99,6375.8,3.25443787
4054-CUMIA,0,Female,0,1,1,18,1,0,No,0,0,0,0,0,0,Month-to-month,1,Mailed check,20.25,401.95,0.665680473
4056-QHXHZ,0,Female,0,1,1,72,1,1,Fiber optic,1,0,1,1,1,1,Two year,0,Mailed check,107.45,7576.7,3.532215648
4057-FKCZK,0,Male,0,1,1,58,1,1,Fiber optic,0,0,0,0,1,0,Two year,0,Bank transfer (automatic),82.5,4828.05,2.712031558
4059-IIEBK,0,Female,0,0,0,7,1,1,Fiber optic,0,1,0,0,0,0,Month-to-month,1,Bank transfer (automatic),78.55,522.95,2.582182774
4060-LDNLU,0,Male,0,0,0,7,1,1,Fiber optic,0,0,0,0,1,1,Month-to-month,0,Electronic check,96.2,639.7,3.162393162
4061-UKJWL,0,Male,0,0,0,3,1,0,DSL,0,0,0,0,0,0,Month-to-month,0,Mailed check,45.45,141.7,1.49408284
4062-HBMOS,0,Male,0,0,0,52,1,1,Fiber optic,0,1,1,0,1,1,Month-to-month,1,Electronic check,103.05,5364.8,3.387573964
4063-EIKNQ,0,Male,0,1,1,11,1,0,No,0,0,0,0,0,0,Month-to-month,0,Bank transfer (automatic),20.95,267.35,0.68869165
4065-JJAVA,0,Female,0,0,0,1,1,0,DSL,0,1,0,0,0,0,Month-to-month,0,Electronic check,49.5,49.5,1.627218935
4067-HLYQI,0,Female,0,0,0,33,1,0,Fiber optic,0,0,0,0,0,0,Month-to-month,1,Bank transfer (automatic),70.4,2406.1,2.31426693
4070-OKWVH,0,Female,0,1,0,52,1,1,Fiber optic,0,1,1,0,1,0,Month-to-month,0,Bank transfer (automatic),94.6,5025.8,3.109796187
4072-IPYLT,0,Female,0,1,1,36,1,0,DSL,1,0,0,0,0,0,Month-to-month,0,Credit card (automatic),51.05,1815,1.678172255
4074-SJFFA,1,Female,0,0,0,1,1,0,DSL,0,0,0,0,0,1,Month-to-month,1,Mailed check,54.75,54.75,1.799802761
4075-JFPGR,0,Female,0,1,0,51,1,0,Fiber optic,1,1,1,0,1,0,One year,1,Electronic check,93.5,4619.55,3.073635766
4075-WKNIU,0,Female,0,1,1,0,1,1,DSL,0,1,1,1,1,0,Two year,0,Mailed check,73.35,0,2.411242604
4077-CROMM,1,Female,0,1,1,31,1,1,Fiber optic,0,0,1,1,1,1,Month-to-month,1,Electronic check,104.2,3243.45,3.425378041
4077-HWUYD,0,Male,0,1,1,72,1,1,DSL,1,1,1,1,1,1,Two year,1,Bank transfer (automatic),87.55,6463.15,2.878040763
4078-SAYYN,1,Female,0,0,0,11,1,1,Fiber optic,0,0,1,0,1,1,Month-to-month,1,Electronic check,100.75,1129.75,3.311965812
4079-ULGFR,0,Male,0,0,0,16,1,0,No,0,0,0,0,0,0,Month-to-month,0,Mailed check,20,275.7,0.657462196
4079-VTGLK,0,Male,1,1,0,30,1,1,DSL,0,0,1,0,1,1,Two year,0,Electronic check,74.85,2181.75,2.460552268
4079-WWQQQ,0,Male,0,0,0,72,0,0,DSL,1,1,1,1,1,1,Two year,1,Bank transfer (automatic),65.55,4807.45,2.154832347
4080-IIARD,0,Female,0,1,0,13,1,1,DSL,1,1,0,1,1,0,Month-to-month,1,Electronic check,76.2,981.45,2.504930966
4080-OGPJL,1,Female,0,0,0,8,1,1,DSL,1,0,0,1,0,1,Month-to-month,0,Electronic check,71.15,563.65,2.338921762
4081-DYXAV,1,Female,0,0,0,19,0,0,DSL,0,0,0,0,1,1,One year,1,Credit card (automatic),44.85,893.55,1.474358974
4083-BFNYK,0,Female,1,1,0,38,1,1,Fiber optic,1,1,0,0,0,1,One year,0,Credit card (automatic),95,3591.25,3.122945431
4083-EUGRJ,1,Male,0,0,0,9,1,0,No,0,0,0,0,0,0,Month-to-month,0,Mailed check,20.25,178.5,0.665680473
4086-ATNFV,0,Female,0,1,1,34,1,0,DSL,1,1,1,0,0,0,One year,1,Mailed check,60.8,2042.05,1.998685076
4086-WITJG,0,Male,0,1,1,71,1,0,No,0,0,0,0,0,0,Two year,0,Credit card (automatic),19.7,1301.1,0.647600263
4086-YQSNZ,1,Female,1,1,0,3,1,0,Fiber optic,0,0,0,0,1,0,Month-to-month,1,Electronic check,80.4,224.05,2.642998028
4088-YLDSU,1,Male,0,1,0,55,1,1,Fiber optic,0,0,1,1,1,1,One year,1,Electronic check,104.15,5743.05,3.423734385
4090-KPJIP,0,Female,0,0,0,3,1,1,Fiber optic,0,0,0,0,0,0,Month-to-month,1,Electronic check,74.95,212.4,2.463839579
4091-TVOCN,0,Male,0,0,1,48,1,1,DSL,1,0,1,0,1,1,One year,1,Credit card (automatic),78.75,3682.45,2.588757396
4092-OFQZS,0,Male,0,1,0,20,1,0,No,0,0,0,0,0,0,One year,0,Mailed check,20.65,417.5,0.678829717
4094-NSEDU,1,Female,1,0,0,21,1,1,Fiber optic,0,0,0,0,1,1,Month-to-month,1,Electronic check,94.25,1973.75,3.098290598
4097-YODCF,0,Male,0,0,1,34,1,1,Fiber optic,1,1,0,0,1,1,One year,1,Electronic check,103.8,3470.8,3.412228797
4098-NAUKP,0,Male,1,1,1,68,1,1,Fiber optic,0,1,1,0,0,0,Month-to-month,1,Electronic check,84.65,5683.6,2.782708744
4102-HLENU,0,Female,0,1,0,67,1,1,DSL,1,1,1,0,0,0,Two year,0,Mailed check,65.65,4322.85,2.158119658
4102-OQUPX,1,Male,1,1,0,1,1,1,Fiber optic,0,0,0,0,0,0,Month-to-month,1,Electronic check,74.4,74.4,2.445759369
4104-PVRPS,0,Male,0,1,0,24,1,0,DSL,1,0,0,1,0,0,Month-to-month,0,Mailed check,53.6,1315.35,1.761998685
4106-HADHQ,1,Male,0,1,1,39,1,0,DSL,1,0,1,1,1,1,One year,0,Credit card (automatic),80,3182.95,2.629848784
4109-CYRBD,0,Male,1,1,0,29,1,1,DSL,0,0,0,0,0,0,Month-to-month,1,Electronic check,51.6,1442,1.696252465
4110-PFEUZ,1,Female,0,0,0,1,1,0,Fiber optic,0,0,0,0,0,0,Month-to-month,0,Mailed check,69.55,69.55,2.286324786
4111-BNXIF,0,Female,0,1,1,67,0,0,DSL,0,1,1,1,1,1,Two year,1,Electronic check,59.55,4103.9,1.957593688
4112-LUEIZ,1,Male,0,0,0,10,1,0,Fiber optic,0,0,0,0,1,1,Month-to-month,1,Electronic check,89.5,863.1,2.942143327
4114-QMKVN,0,Female,0,1,1,56,1,1,DSL,1,1,0,0,0,1,One year,0,Bank transfer (automatic),68.75,3815.4,2.260026298
4115-BNPJY,0,Male,0,1,1,29,1,0,DSL,0,0,1,1,1,1,Two year,0,Mailed check,75.55,2054.4,2.483563445
4115-NZRKS,0,Female,1,0,0,7,1,0,Fiber optic,0,0,0,0,1,1,Month-to-month,1,Electronic check,89.15,574.35,2.930637738
4115-UMJFQ,0,Male,0,0,0,69,0,0,DSL,0,1,1,0,0,0,One year,1,Bank transfer (automatic),35.75,2492.25,1.175213675
4116-IQRFR,0,Male,0,1,1,4,1,1,No,0,0,0,0,0,0,One year,0,Credit card (automatic),24.1,73.1,0.792241946
4116-TZAQJ,1,Female,0,0,0,9,1,0,Fiber optic,1,0,0,0,0,0,Month-to-month,1,Credit card (automatic),74.25,639.65,2.440828402
4118-CEVPF,0,Female,1,0,0,35,1,1,Fiber optic,1,1,1,1,1,1,One year,1,Bank transfer (automatic),110.8,3836.3,3.642340565
4119-ZYPZY,0,Male,1,0,0,71,1,1,Fiber optic,0,1,0,1,1,1,Two year,1,Electronic check,106.8,7623.2,3.510848126
4121-AGSIN,0,Female,0,1,1,58,1,1,No,0,0,0,0,0,0,One year,1,Credit card (automatic),24.5,1497.9,0.80539119
4123-DVHPH,0,Male,0,1,0,9,1,1,Fiber optic,1,0,0,0,0,1,Month-to-month,1,Electronic check,88.05,801.3,2.894477318
4123-FCVCB,0,Female,0,0,0,12,1,1,DSL,0,0,0,1,1,1,One year,1,Mailed check,75.85,854.45,2.493425378
4124-MMETB,1,Male,0,0,0,22,1,1,Fiber optic,0,0,0,0,1,1,Month-to-month,1,Credit card (automatic),94.65,2104.55,3.111439842
4128-ETESU,0,Female,1,1,0,47,1,1,Fiber optic,0,0,1,0,1,1,Month-to-month,0,Electronic check,99.7,4747.2,3.277449047
4129-LYCOI,0,Female,0,0,1,67,1,1,Fiber optic,0,1,0,1,1,1,Two year,1,Electronic check,104,7039.05,3.418803419
4130-MZLCC,0,Female,0,0,0,5,1,0,DSL,0,1,0,0,0,0,Month-to-month,0,Bank transfer (automatic),50.55,244.75,1.6617357
4132-KALRO,0,Female,0,0,0,4,1,1,Fiber optic,0,0,0,1,1,1,Month-to-month,1,Mailed check,100.85,399.25,3.315253123
4132-POCZS,0,Male,0,1,0,52,0,0,DSL,1,0,0,0,0,1,Month-to-month,1,Electronic check,39.9,2020.9,1.311637081
4134-BSXLX,0,Male,0,1,0,28,1,0,DSL,1,1,0,1,0,0,Month-to-month,0,Mailed check,60.9,1785.65,2.001972387
4135-FRWKJ,0,Female,1,1,1,55,1,1,DSL,1,0,1,1,1,0,One year,0,Electronic check,76.25,4154.55,2.506574622
4137-BTIKL,0,Male,0,0,0,2,1,1,Fiber optic,1,0,0,0,0,1,Month-to-month,0,Mailed check,90.75,174.75,2.983234714
4137-JOPHL,0,Female,0,0,0,50,1,0,Fiber optic,0,0,1,1,0,1,Two year,1,Bank transfer (automatic),89.7,4304.5,2.948717949
4138-NAXED,0,Male,0,0,0,51,1,1,Fiber optic,0,1,0,0,0,0,Month-to-month,0,Bank transfer (automatic),81,4085.75,2.662721893
4139-DETXS,0,Female,0,1,1,72,0,0,DSL,1,1,1,1,1,1,Two year,0,Bank transfer (automatic),64.45,4528,2.118671926
4139-JPIAM,0,Male,0,0,0,51,0,0,DSL,1,0,0,1,0,1,Month-to-month,1,Credit card (automatic),44.45,2181.55,1.46120973
4139-SUGLD,1,Male,0,1,1,31,0,0,DSL,1,0,0,1,0,0,Month-to-month,0,Bank transfer (automatic),35.4,1077.5,1.163708087
4140-MUHUG,1,Female,1,0,0,3,1,0,Fiber optic,0,0,1,0,1,0,Month-to-month,1,Electronic check,86.85,220.95,2.855029586
4140-WJAWW,1,Female,0,0,0,5,1,0,No,0,0,0,0,0,0,Month-to-month,0,Credit card (automatic),19.85,108.05,0.652531229
4143-HHPMK,1,Male,0,0,0,52,1,0,Fiber optic,0,1,0,0,0,1,Month-to-month,1,Electronic check,85.35,4338.6,2.805719921
4143-OOBWZ,1,Male,0,1,0,5,1,1,Fiber optic,0,1,0,0,0,0,Month-to-month,1,Electronic check,81.3,416.3,2.672583826
4145-UQXUQ,1,Female,1,0,0,8,1,0,Fiber optic,0,0,1,0,1,1,Month-to-month,1,Electronic check,92.1,729.95,3.027613412
4146-SVFUD,0,Male,0,0,0,1,1,0,DSL,0,0,0,0,0,0,Month-to-month,0,Mailed check,44.6,44.6,1.466140697
4154-AQUGT,1,Male,1,1,0,13,1,0,Fiber optic,0,1,0,1,0,1,Month-to-month,1,Bank transfer (automatic),89.05,1169.35,2.927350427
4159-NAAIX,0,Female,0,0,0,63,1,1,Fiber optic,0,1,0,0,1,1,Two year,0,Bank transfer (automatic),97.45,6253,3.20348455
4160-AMJTL,1,Female,1,0,0,8,1,0,No,0,0,0,0,0,0,Month-to-month,0,Electronic check,19.65,164.3,0.645956607
4163-HFTUK,0,Male,0,0,0,51,1,0,No,0,0,0,0,0,0,One year,0,Electronic check,19.1,1007.8,0.627876397
4163-KIUHY,0,Male,0,0,0,35,1,1,No,0,0,0,0,0,0,Month-to-month,1,Electronic check,25.6,901.25,0.841551611
4163-NCJAK,0,Female,0,1,0,46,1,1,No,0,0,0,0,0,0,One year,1,Bank transfer (automatic),24.45,1066.15,0.803747535
4174-LPGTI,1,Female,0,1,1,41,1,0,DSL,0,1,0,1,0,1,One year,1,Bank transfer (automatic),66.5,2728.6,2.186061801
4176-FXYBO,0,Male,0,1,0,54,1,1,Fiber optic,1,1,1,0,1,1,Month-to-month,0,Electronic check,109.55,6118.95,3.601249178
4176-RELJR,0,Male,1,0,0,67,1,1,No,0,0,0,0,0,0,Two year,0,Credit card (automatic),25.1,1672.15,0.825115056
4177-JPDFU,0,Male,0,0,0,12,0,0,DSL,0,1,0,1,0,0,Month-to-month,0,Mailed check,34,442.45,1.117685733
4178-EGMON,0,Male,0,1,0,70,1,1,Fiber optic,1,1,0,1,0,0,Two year,1,Credit card (automatic),88,5986.45,2.892833662
4182-BGSIQ,0,Female,0,1,1,10,1,0,No,0,0,0,0,0,0,Month-to-month,1,Bank transfer (automatic),19.8,196.75,0.650887574
4183-MYFRB,0,Female,0,0,0,21,1,0,Fiber optic,0,1,1,0,0,1,Month-to-month,1,Electronic check,90.05,1862.9,2.960223537
4183-WCSEP,1,Male,0,0,0,31,1,0,Fiber optic,0,1,0,1,0,0,Month-to-month,1,Electronic check,78.45,2435.15,2.578895464
4184-TJFAN,1,Female,1,1,1,3,1,0,Fiber optic,1,0,0,1,1,0,Month-to-month,1,Mailed check,88.3,273.75,2.902695595
4184-VODJZ,0,Male,0,1,1,63,1,1,Fiber optic,0,1,0,0,0,1,One year,1,Electronic check,91.35,5764.7,3.00295858
4186-ZBUEW,0,Female,0,0,0,36,1,1,DSL,0,1,0,1,0,1,One year,1,Mailed check,70.7,2511.95,2.324128863
4187-CINZD,1,Female,1,0,0,46,1,0,Fiber optic,0,1,0,0,1,1,One year,0,Credit card (automatic),95.25,4424.2,3.131163708
4188-FRABG,0,Male,0,1,0,57,1,1,Fiber optic,1,1,1,1,1,0,Month-to-month,1,Electronic check,103.05,5925.75,3.387573964
4188-PCPIG,0,Female,0,1,0,57,1,0,DSL,1,1,0,1,1,0,Two year,1,Credit card (automatic),70.35,4124.65,2.312623274
4189-NAKJS,0,Male,0,0,0,26,1,1,DSL,0,0,0,0,0,0,One year,1,Credit card (automatic),51.55,1295.4,1.69460881
4190-MFLUW,1,Female,0,1,1,10,1,0,DSL,0,0,1,1,0,0,Month-to-month,0,Credit card (automatic),55.2,528.35,1.814595661
4191-XOVOM,0,Male,0,0,0,63,1,1,Fiber optic,0,1,0,1,1,1,Month-to-month,0,Electronic check,105.4,6713.2,3.464825773
4192-GORJT,1,Male,0,1,0,5,1,0,Fiber optic,0,0,1,0,1,1,Month-to-month,1,Electronic check,94.45,498.1,3.10486522
4193-IBKSW,0,Male,0,1,1,72,1,1,No,0,0,0,0,0,0,Two year,0,Bank transfer (automatic),24.75,1769.6,0.813609467
4193-ORFCL,1,Female,1,0,0,1,1,0,DSL,0,0,0,0,0,0,Month-to-month,0,Mailed check,45.1,45.1,1.482577252
4194-FJARJ,0,Female,0,1,1,54,1,1,DSL,1,0,0,1,0,0,Two year,0,Bank transfer (automatic),60,3273.95,1.972386588
4194-WHFCB,0,Female,0,1,1,59,1,1,Fiber optic,0,1,0,1,0,1,Month-to-month,1,Bank transfer (automatic),96.65,5580.8,3.177186062
4195-NZGTA,0,Female,0,0,0,1,0,0,DSL,0,0,0,0,0,0,Month-to-month,0,Electronic check,25.25,25.25,0.830046022
4195-PNGZS,0,Male,0,1,1,69,1,1,No,0,0,0,0,0,0,Two year,0,Bank transfer (automatic),24.45,1718.2,0.803747535
4195-SMMNX,1,Male,0,0,0,2,1,0,No,0,0,0,0,0,0,Month-to-month,0,Mailed check,20.35,33.2,0.668967784
4198-VFOEA,0,Female,0,0,0,12,0,0,DSL,1,0,0,1,0,0,One year,1,Mailed check,33.6,435.45,1.104536489
4199-QHJNM,0,Male,1,1,0,67,1,1,Fiber optic,0,1,0,1,1,1,Two year,0,Bank transfer (automatic),102.9,6989.7,3.382642998
4201-JMNGR,1,Female,1,0,0,1,1,0,DSL,1,0,1,0,0,0,Month-to-month,1,Electronic check,55.8,55.8,1.834319527
4203-QGNZA,0,Female,0,0,1,28,1,0,No,0,0,0,0,0,0,Month-to-month,0,Mailed check,20.25,535.35,0.665680473
4208-UFFGW,1,Male,1,0,0,2,1,0,DSL,0,0,0,0,0,0,Month-to-month,0,Mailed check,44.95,85.15,1.477646285
4210-QFJMF,1,Female,0,0,0,4,1,0,Fiber optic,0,0,0,0,0,1,Month-to-month,1,Electronic check,79.15,317.25,2.60190664
4211-MMAZN,1,Male,0,0,0,1,1,0,No,0,0,0,0,0,0,Month-to-month,0,Mailed check,20.25,20.25,0.665680473
4213-HKBJO,0,Female,0,0,0,33,1,1,No,0,0,0,0,0,0,Two year,0,Credit card (automatic),25.7,826.1,0.844838922
4220-TINQT,0,Female,0,1,0,61,1,1,Fiber optic,0,0,1,1,1,1,Month-to-month,1,Electronic check,106.35,6751.35,3.496055227
4223-BKEOR,0,Female,0,0,1,21,1,0,DSL,1,0,1,0,0,1,One year,0,Mailed check,64.85,1336.8,2.13182117
4223-WOZCM,0,Male,1,0,0,2,1,0,DSL,0,0,1,0,0,0,Month-to-month,0,Mailed check,49.95,107.1,1.642011834
4226-KKDON,0,Male,0,0,0,8,1,0,DSL,0,1,0,1,1,0,Month-to-month,1,Electronic check,66.65,520.95,2.190992768
4227-OJHAL,0,Female,0,1,1,68,1,1,DSL,1,1,1,0,1,0,One year,1,Credit card (automatic),73,5163,2.399737015
4228-ZGYUW,1,Male,0,0,0,4,1,1,Fiber optic,0,1,0,0,0,1,Month-to-month,1,Electronic check,90.05,368.1,2.960223537
4229-CZMLL,1,Male,0,0,0,6,1,1,Fiber optic,0,0,0,0,0,0,Month-to-month,1,Electronic check,74.9,469.8,2.462195924
4231-LZUYM,0,Female,0,1,0,72,1,1,No,0,0,0,0,0,0,Two year,0,Bank transfer (automatic),25.65,1887,0.843195266
4232-JGKIY,0,Male,0,0,0,1,1,0,No,0,0,0,0,0,0,Month-to-month,0,Electronic check,19.2,19.2,0.631163708
4234-XTNEA,0,Male,0,0,0,2,1,0,Fiber optic,0,0,0,0,1,0,Month-to-month,1,Electronic check,79.95,174.45,2.628205128
4236-UJPWO,0,Female,0,0,0,2,0,0,DSL,0,0,0,0,0,0,Month-to-month,0,Electronic check,24.5,46.4,0.80539119
4236-XPXAV,1,Female,0,1,1,5,1,0,Fiber optic,0,1,0,1,1,1,Month-to-month,1,Mailed check,99.15,465.05,3.259368836
4237-CLSMM,0,Male,0,1,0,2,1,0,No,0,0,0,0,0,0,Month-to-month,0,Mailed check,20,38,0.657462196
4237-RLAQD,1,Male,0,0,0,1,1,0,DSL,0,0,0,0,0,0,Month-to-month,1,Mailed check,45.85,45.85,1.507232084
4238-HFHSN,0,Male,1,1,0,61,1,1,Fiber optic,0,1,0,0,0,0,Month-to-month,1,Electronic check,82.15,4904.85,2.70052597
4238-JSSWH,0,Female,1,1,0,35,1,1,Fiber optic,0,0,1,0,1,1,Month-to-month,0,Bank transfer (automatic),102.05,3452.55,3.354700855
4248-HCETZ,1,Male,1,1,0,30,1,0,Fiber optic,0,1,1,0,0,0,Month-to-month,1,Mailed check,79.65,2365.15,2.618343195
4248-QPAVC,1,Female,1,1,0,17,1,1,Fiber optic,1,0,1,0,0,0,Month-to-month,1,Bank transfer (automatic),85.35,1463.45,2.805719921
4250-FDVOU,1,Female,0,0,0,6,1,0,DSL,1,1,0,0,0,0,Month-to-month,0,Electronic check,56.25,389.1,1.849112426
4250-WAROZ,0,Male,1,1,1,60,1,1,Fiber optic,1,1,0,0,0,1,Month-to-month,1,Electronic check,93.25,5774.55,3.065417488
4250-ZBWLV,1,Male,0,0,0,68,1,1,Fiber optic,0,1,1,1,1,1,One year,0,Electronic check,108.45,7176.55,3.565088757
4254-QPEDE,0,Female,0,1,0,52,0,0,DSL,1,1,1,1,1,1,Two year,0,Credit card (automatic),66.25,3330.1,2.177843524
4255-DDUOU,1,Female,0,1,1,1,1,0,No,0,0,0,0,0,0,Month-to-month,1,Mailed check,20.5,20.5,0.673898751
4256-ZWTZI,0,Female,0,0,1,5,1,0,DSL,0,0,0,1,0,0,Month-to-month,1,Mailed check,51,286.8,1.6765286
4257-GAESD,0,Female,0,0,0,6,0,0,DSL,0,0,0,0,1,1,Month-to-month,0,Credit card (automatic),45,298.7,1.479289941
4273-MBHYA,0,Female,0,0,1,1,1,0,Fiber optic,0,0,0,0,1,1,Month-to-month,1,Electronic check,89.35,89.35,2.93721236
4274-DRSQT,0,Female,0,0,0,66,1,1,Fiber optic,0,1,0,0,1,0,One year,1,Bank transfer (automatic),88.9,6000.1,2.922419461
4274-OWWYO,1,Male,0,0,0,1,1,0,Fiber optic,0,1,0,0,0,0,Month-to-month,1,Electronic check,74.35,74.35,2.444115713
4277-BWBML,0,Male,0,1,1,72,1,0,No,0,0,0,0,0,0,Two year,0,Bank transfer (automatic),19.95,1322.85,0.65581854
4277-PVRAN,1,Female,0,0,0,8,1,0,Fiber optic,0,0,0,0,1,0,Month-to-month,1,Bank transfer (automatic),80.1,679.3,2.633136095
4277-UDIEF,0,Male,0,1,1,24,1,1,DSL,1,0,0,1,1,1,Month-to-month,0,Bank transfer (automatic),81,1923.85,2.662721893
4280-DLSHD,0,Male,0,1,0,8,1,0,DSL,0,1,1,0,0,0,Month-to-month,1,Mailed check,54.75,445.85,1.799802761
4282-ACRXS,0,Male,1,1,0,38,0,0,DSL,0,0,0,0,0,0,Month-to-month,1,Electronic check,24.85,955.75,0.816896778
4282-MSACW,0,Male,0,0,0,68,1,1,Fiber optic,1,1,1,1,1,1,One year,1,Credit card (automatic),117.2,8035.95,3.852728468
4282-YMKNA,1,Female,0,0,0,9,1,1,Fiber optic,0,0,0,0,0,0,Month-to-month,1,Electronic check,74.75,706.6,2.457264957
4283-FUTGF,1,Male,1,0,0,19,1,1,Fiber optic,0,0,1,0,0,0,Month-to-month,1,Electronic check,79.85,1471.75,2.624917817
4283-IVYCI,0,Male,0,0,0,9,1,0,DSL,1,0,0,1,0,1,Month-to-month,0,Mailed check,64.95,547.8,2.135108481
4285-GYRQC,1,Female,0,1,0,7,1,0,Fiber optic,0,0,1,0,1,0,Month-to-month,1,Electronic check,86.25,587.1,2.83530572
4289-DTDKW,1,Male,0,1,0,40,1,1,Fiber optic,0,1,0,0,1,1,Month-to-month,1,Electronic check,101.3,4113.1,3.330046022
4290-BSXUX,1,Male,0,1,0,3,1,1,Fiber optic,0,0,0,1,0,0,Month-to-month,1,Bank transfer (automatic),79.65,251.75,2.618343195
4291-HPAXL,0,Male,0,0,1,1,1,0,No,0,0,0,0,0,0,Month-to-month,0,Mailed check,19.85,19.85,0.652531229
4291-HYEBC,0,Female,1,1,1,28,0,0,DSL,0,1,0,0,0,1,One year,1,Electronic check,39.1,1096.6,1.285338593
4291-SHSBH,0,Male,0,0,0,7,1,0,Fiber optic,0,0,0,0,0,0,Month-to-month,1,Electronic check,69.55,521.35,2.286324786
4291-TPNFG,0,Male,0,1,0,72,1,1,DSL,1,1,1,1,0,1,Two year,1,Bank transfer (automatic),82.3,5980.55,2.705456936
4291-YZODP,0,Female,0,0,1,7,1,0,No,0,0,0,0,0,0,One year,0,Mailed check,20.05,96.8,0.659105851
4293-ETKAP,0,Female,0,1,1,65,1,1,DSL,0,1,0,1,1,1,Two year,1,Bank transfer (automatic),79.4,5071.9,2.610124918
4295-YURET,0,Female,1,1,1,56,1,0,DSL,1,0,0,1,1,1,Two year,1,Credit card (automatic),72.6,4084.35,2.386587771
4298-OYIFC,0,Male,0,1,0,15,1,1,Fiber optic,0,0,1,1,1,1,Month-to-month,1,Electronic check,103.45,1539.8,3.400723208
4299-OPXEJ,0,Female,0,0,0,56,1,0,No,0,0,0,0,0,0,Two year,1,Bank transfer (automatic),19.55,1080.55,0.642669297
4299-SIMNS,0,Male,0,0,0,9,1,1,Fiber optic,1,0,0,0,0,0,Month-to-month,1,Electronic check,81.15,784.45,2.66765286
4301-VVZKA,0,Male,0,1,0,16,1,1,Fiber optic,0,0,0,0,0,0,Month-to-month,1,Electronic check,75.4,1189.4,2.478632479
4302-ZYFEL,0,Male,0,1,1,69,1,0,No,0,0,0,0,0,0,One year,1,Credit card (automatic),20.55,1403.1,0.675542406
4304-TSPVK,0,Female,0,1,0,68,1,1,Fiber optic,1,1,1,1,1,1,Two year,0,Bank transfer (automatic),114.9,7843.55,3.777120316
4304-XUMGI,0,Male,1,1,1,50,1,1,DSL,1,1,1,0,0,1,Two year,1,Bank transfer (automatic),75.15,3822.45,2.470414201
4307-KTUMW,1,Male,0,1,0,53,1,1,Fiber optic,1,0,1,0,0,1,Month-to-month,0,Electronic check,93.9,5029.2,3.08678501
4307-KWMXE,0,Male,0,0,0,10,0,0,DSL,0,1,0,1,0,0,Month-to-month,0,Electronic check,35.75,389.8,1.175213675
4310-KEDTB,0,Female,0,0,1,26,0,0,DSL,0,0,1,0,0,0,Month-to-month,1,Mailed check,29.8,786.5,0.979618672
4311-QTTAI,0,Female,0,0,0,16,1,0,No,0,0,0,0,0,0,One year,0,Credit card (automatic),19.35,295.55,0.636094675
4312-GVYNH,0,Female,0,1,0,70,0,0,DSL,1,0,1,1,0,1,Two year,1,Bank transfer (automatic),49.85,3370.2,1.638724523
4312-KFRXN,0,Male,0,1,0,72,1,1,No,0,0,0,0,0,0,Two year,0,Mailed check,25.4,1710.9,0.834976989
4315-MURBD,1,Female,0,0,0,12,1,0,Fiber optic,1,0,0,1,1,1,Month-to-month,1,Bank transfer (automatic),98.9,1120.95,3.251150559
4316-XCSLJ,0,Male,0,0,1,17,1,0,DSL,1,0,0,0,0,0,Month-to-month,1,Mailed check,50.3,846.8,1.653517423
4317-VTEOA,1,Male,0,0,0,1,1,0,DSL,0,1,0,0,0,0,Month-to-month,1,Electronic check,50.75,50.75,1.668310322
4318-RAJVY,0,Female,0,0,0,10,1,0,No,0,0,0,0,0,0,One year,1,Mailed check,19.8,198.25,0.650887574
4320-QMLLA,0,Male,0,0,0,7,1,0,DSL,0,0,0,0,1,0,Month-to-month,0,Mailed check,54.85,370.4,1.803090072
4322-RCYMT,1,Male,0,1,1,68,1,1,DSL,0,1,1,1,0,1,One year,1,Bank transfer (automatic),75.8,5293.95,2.491781723
4323-ELYYB,0,Male,0,1,1,13,1,0,No,0,0,0,0,0,0,One year,0,Mailed check,20,218.55,0.657462196
4323-OHFOW,0,Female,1,1,0,70,1,1,Fiber optic,0,1,0,1,1,1,One year,1,Bank transfer (automatic),105.55,7195.35,3.469756739
4323-SADQS,1,Male,0,1,1,7,0,0,DSL,1,0,0,1,0,0,Month-to-month,1,Electronic check,34.5,279.25,1.134122288
4324-AHJKS,0,Female,0,0,0,5,1,0,DSL,1,0,1,0,0,0,Month-to-month,0,Credit card (automatic),55.8,300.4,1.834319527
4324-BZCKL,0,Female,0,1,1,10,1,0,DSL,0,1,1,0,0,0,Month-to-month,1,Mailed check,55.55,551.3,1.826101249
4325-NFSKC,1,Male,1,0,0,19,1,1,Fiber optic,1,0,0,0,1,0,Month-to-month,1,Electronic check,90.6,1660,2.978303748
4328-VUFWD,0,Female,0,0,0,39,1,0,DSL,0,0,0,1,0,1,One year,0,Electronic check,59.3,2209.15,1.949375411
4329-YPDDQ,0,Male,0,0,0,20,1,0,Fiber optic,1,1,1,1,1,1,Month-to-month,1,Bank transfer (automatic),108.2,2203.7,3.55687048
4332-MUOEZ,0,Male,1,1,1,20,1,0,Fiber optic,1,0,1,1,0,1,One year,0,Credit card (automatic),94.3,1818.3,3.099934254
4334-HOWRP,0,Male,1,1,0,72,0,0,DSL,1,1,1,1,1,1,Two year,1,Credit card (automatic),64.95,4546,2.135108481
4335-BSMJS,0,Female,0,0,0,62,1,1,No,0,0,0,0,0,0,Two year,1,Credit card (automatic),25.8,1563.95,0.848126233
4335-UPJSI,0,Female,0,0,1,24,1,0,No,0,0,0,0,0,0,Two year,0,Mailed check,19.75,498.1,0.649243918
4338-EYCER,0,Male,0,1,0,21,1,0,DSL,0,0,0,0,1,0,Month-to-month,0,Bank transfer (automatic),54.6,1125.2,1.794871795
4342-HENTK,1,Female,1,0,0,2,1,0,Fiber optic,0,0,0,0,0,0,Month-to-month,1,Electronic check,70.65,142.35,2.322485207
4342-HFXWS,0,Female,0,1,1,48,1,0,DSL,1,0,1,1,1,0,One year,0,Bank transfer (automatic),69.7,3023.65,2.291255753
4343-EJVQB,0,Male,0,0,0,7,1,0,Fiber optic,1,0,0,0,0,0,Month-to-month,0,Mailed check,74.35,533.6,2.444115713
4349-GFQHK,1,Male,0,0,0,1,1,1,DSL,0,0,1,0,0,0,Month-to-month,0,Electronic check,54.35,54.35,1.786653517
4350-ZTLPI,0,Female,0,1,0,53,1,1,Fiber optic,0,1,1,1,1,1,One year,1,Bank transfer (automatic),108.95,5718.2,3.581525312
4351-QLCSU,1,Female,0,0,0,1,1,0,DSL,0,0,0,0,1,0,Month-to-month,1,Credit card (automatic),55,55,1.808021039
4353-HYOJD,0,Female,0,1,1,27,1,0,DSL,0,1,0,0,0,0,Month-to-month,0,Mailed check,49.85,1336.15,1.638724523
4355-CVPVS,0,Female,0,1,1,56,1,0,Fiber optic,0,0,0,0,1,1,One year,0,Bank transfer (automatic),88.9,4968,2.922419461
4355-HBJHH,1,Male,0,1,1,67,1,1,DSL,1,0,1,0,1,1,Two year,1,Electronic check,79.7,5293.4,2.619986851
4359-INNWN,0,Female,0,0,0,17,1,0,No,0,0,0,0,0,0,One year,0,Credit card (automatic),20.05,337.9,0.659105851
4360-PNRQB,0,Male,0,0,0,18,1,1,Fiber optic,0,0,0,0,0,0,Month-to-month,1,Bank transfer (automatic),75.6,1395.05,2.485207101
4360-QRAVE,0,Male,1,0,0,37,0,0,DSL,0,1,1,0,0,0,Month-to-month,0,Electronic check,36.65,1315,1.204799474
4361-BKAXE,1,Female,0,0,0,41,1,1,Fiber optic,1,1,1,1,1,1,Month-to-month,1,Bank transfer (automatic),114.5,4527.45,3.763971072
4361-FEBGN,0,Male,0,0,0,48,1,0,No,0,0,0,0,0,0,Two year,0,Credit card (automatic),20.15,982.95,0.662393162
4361-JEIVL,1,Male,0,0,1,1,1,0,DSL,0,0,0,0,0,0,Month-to-month,1,Electronic check,44.4,44.4,1.459566075
4365-MSDYN,0,Male,0,1,0,8,1,0,No,0,0,0,0,0,0,Month-to-month,1,Bank transfer (automatic),19.55,161.15,0.642669297
4366-CTOUZ,0,Female,0,0,0,50,1,0,Fiber optic,0,1,0,1,1,1,Two year,1,Mailed check,100.2,5038.45,3.293885602
4367-NHWMM,0,Female,0,0,0,1,0,0,DSL,0,0,0,0,0,0,Month-to-month,1,Mailed check,24.9,24.9,0.818540434
4367-NUYAO,0,Male,0,1,1,0,1,1,No,0,0,0,0,0,0,Two year,0,Mailed check,25.75,0,0.846482577
4369-HTUIF,1,Male,1,0,0,6,1,0,Fiber optic,1,0,0,0,1,0,Month-to-month,1,Bank transfer (automatic),85.15,503.6,2.799145299
4369-NYSCF,0,Male,0,0,0,56,1,0,DSL,0,1,0,1,1,1,One year,1,Bank transfer (automatic),75.75,4284.65,2.490138067
4373-MAVJG,1,Female,0,1,1,14,1,1,Fiber optic,0,1,0,0,0,1,Month-to-month,1,Bank transfer (automatic),90.9,1259,2.98816568
4373-VVHQL,0,Male,0,0,0,1,1,0,DSL,0,0,0,0,0,0,Month-to-month,1,Electronic check,44.75,44.75,1.471071663
4374-YMUSQ,0,Male,0,0,0,34,1,1,Fiber optic,1,1,1,1,1,1,One year,0,Credit card (automatic),116.25,3899.05,3.821499014
4376-KFVRS,0,Male,0,1,1,72,1,1,Fiber optic,1,1,1,1,1,1,Two year,1,Credit card (automatic),114.05,8468.2,3.749178172
4377-VDHYI,0,Male,0,1,1,32,1,0,Fiber optic,1,1,0,0,0,1,One year,1,Electronic check,90.8,3023.85,2.984878369
4378-BZYFP,0,Male,0,0,0,17,1,0,No,0,0,0,0,0,0,One year,1,Mailed check,20.5,365.8,0.673898751
4378-MYPGO,0,Male,0,1,1,68,1,0,Fiber optic,1,1,1,0,1,1,Two year,1,Bank transfer (automatic),105.25,7173.15,3.459894806
4381-MHQDC,0,Female,0,0,0,47,1,1,DSL,1,0,1,1,0,0,Two year,1,Mailed check,65,2879.9,2.136752137
4385-GZQXV,1,Female,1,0,0,16,1,0,Fiber optic,0,0,0,1,1,1,Month-to-month,1,Electronic check,94.45,1511.2,3.10486522
4385-ZKVNW,0,Male,0,1,1,44,1,0,DSL,0,1,0,1,0,0,Month-to-month,1,Bank transfer (automatic),54.9,2549.1,1.804733728
4389-UEFCZ,0,Female,0,1,0,72,1,1,Fiber optic,1,0,1,0,1,1,Two year,1,Electronic check,105.5,7544,3.468113083
4390-KYULV,1,Male,0,1,0,3,1,0,No,0,0,0,0,0,0,Month-to-month,1,Credit card (automatic),20.55,51.15,0.675542406
4391-LNRXK,0,Male,0,0,0,22,1,0,Fiber optic,0,1,1,1,0,1,Month-to-month,1,Bank transfer (automatic),94.95,2142.8,3.121301775
4391-RESHN,1,Male,0,0,0,23,1,1,Fiber optic,0,0,1,1,1,1,Month-to-month,1,Mailed check,104.05,2470.1,3.420447074
4393-GEADV,0,Male,0,1,1,70,1,1,Fiber optic,1,1,1,1,1,1,Two year,0,Credit card (automatic),114.75,7842.3,3.772189349
4393-OBCRR,0,Female,0,0,0,3,1,0,No,0,0,0,0,0,0,One year,0,Mailed check,20.25,71.2,0.665680473
4393-RYCRE,0,Male,0,0,0,44,1,0,Fiber optic,1,1,1,0,1,1,One year,1,Electronic check,106.05,4510.8,3.486193294
4395-PZMSN,0,Male,1,0,0,5,1,0,Fiber optic,0,1,0,0,0,1,Month-to-month,1,Electronic check,85.55,408.5,2.812294543
4396-KLSEH,0,Male,0,0,0,4,1,0,No,0,0,0,0,0,0,Month-to-month,1,Electronic check,19.85,63,0.652531229
4397-FRLTA,0,Female,0,0,0,4,1,0,No,0,0,0,0,0,0,Month-to-month,0,Mailed check,20.15,84.5,0.662393162
4398-HSCJH,1,Female,0,0,0,3,1,1,DSL,0,0,0,1,1,0,Month-to-month,1,Electronic check,63.6,155.65,2.090729783
4402-FTBXC,0,Male,0,0,0,54,1,0,Fiber optic,1,0,1,0,1,0,Month-to-month,0,Mailed check,89.8,4667,2.95200526
4403-BWPAY,0,Male,0,0,0,14,1,1,No,0,0,0,0,0,0,One year,1,Credit card (automatic),24.8,321.7,0.815253123
4404-HIBDJ,1,Female,0,0,0,25,1,0,DSL,1,1,1,1,1,0,One year,0,Mailed check,74.3,1863.8,2.442472058
4412-YLTKF,1,Female,1,0,0,27,1,1,Fiber optic,0,0,1,0,0,0,Month-to-month,1,Electronic check,78.05,2135.5,2.56574622
4415-IJZTP,1,Female,0,0,0,1,1,1,Fiber optic,0,0,0,0,0,0,Month-to-month,1,Electronic check,74.5,74.5,2.44904668
4415-WNGVR,0,Female,1,1,0,12,1,0,DSL,1,0,1,1,1,1,One year,1,Electronic check,79.2,943.85,2.603550296
4418-LZMSV,0,Male,0,1,1,13,1,0,DSL,0,1,1,1,0,0,Month-to-month,0,Bank transfer (automatic),61.8,750.1,2.031558185
4419-UJMUS,0,Male,0,1,1,69,1,1,Fiber optic,0,0,0,1,1,1,Two year,1,Electronic check,99.35,6856.45,3.265943458
4422-QVIJA,0,Female,0,0,1,35,1,1,DSL,0,0,0,0,0,0,Month-to-month,0,Mailed check,50.15,1655.35,1.648586456
4423-JWZJN,0,Male,0,1,1,64,1,1,Fiber optic,0,0,1,0,0,1,One year,0,Credit card (automatic),90.25,5629.15,2.966798159
4423-YLHDV,1,Female,0,1,0,21,1,1,Fiber optic,1,0,1,0,1,1,Month-to-month,1,Bank transfer (automatic),104.4,2200.25,3.431952663
4424-TKOPW,1,Male,1,0,0,2,1,1,Fiber optic,0,0,0,0,1,1,Month-to-month,1,Electronic check,93.85,196.75,3.085141354
4425-OWHWB,0,Female,0,0,0,20,1,0,No,0,0,0,0,0,0,One year,1,Credit card (automatic),19.35,433.75,0.636094675
4429-WYGFR,0,Male,0,0,0,26,1,0,DSL,0,0,0,1,0,0,Month-to-month,0,Bank transfer (automatic),49.15,1237.3,1.615713346
4430-UZIPO,1,Male,0,0,0,3,0,0,DSL,0,1,0,1,0,0,Month-to-month,1,Mailed check,36.85,108.7,1.211374096
4430-YHXGG,0,Female,0,0,1,4,1,1,No,0,0,0,0,0,0,Month-to-month,1,Mailed check,25.45,84.2,0.836620644
4431-EDMIQ,0,Female,0,1,1,7,1,0,DSL,1,1,1,1,1,0,Month-to-month,1,Electronic check,75.7,554.05,2.488494412
4432-ADRLB,1,Male,0,0,0,2,1,0,DSL,0,0,0,0,0,0,Month-to-month,0,Mailed check,44.65,74.9,1.467784352
4433-JCGCG,1,Male,1,1,0,46,1,1,Fiber optic,0,0,1,0,1,1,Month-to-month,1,Electronic check,101,4680.05,3.320184089
4439-JMPMT,1,Female,0,1,1,5,1,0,Fiber optic,0,0,0,1,1,0,Month-to-month,1,Electronic check,85.75,470.95,2.818869165
4439-YRNVD,0,Female,0,0,0,10,0,0,DSL,0,1,0,1,0,0,Month-to-month,0,Electronic check,36.25,374,1.19165023
4441-NIHPT,1,Female,1,0,0,13,1,0,Fiber optic,0,0,1,0,0,0,Month-to-month,1,Electronic check,74.3,940.35,2.442472058
4443-EMBNA,0,Female,0,1,0,71,1,1,No,0,0,0,0,0,0,Two year,0,Bank transfer (automatic),24.75,1836.9,0.813609467
4445-KWOKW,0,Female,0,0,0,42,1,1,DSL,1,1,0,0,0,0,One year,1,Bank transfer (automatic),60.15,2421.6,1.977317554
4445-ZJNMU,0,Male,0,0,0,9,1,1,Fiber optic,0,1,0,0,1,1,Month-to-month,1,Credit card (automatic),99.3,918.75,3.264299803
4446-BZKHU,1,Male,0,1,0,61,1,1,Fiber optic,0,1,1,0,1,1,Month-to-month,1,Electronic check,105.55,6281.45,3.469756739
4450-DLLMH,0,Male,0,0,0,2,1,0,Fiber optic,0,0,0,0,0,0,Month-to-month,1,Credit card (automatic),71.3,157.75,2.343852728
4450-MDZFX,0,Male,0,1,1,60,1,1,Fiber optic,0,0,0,0,0,0,Month-to-month,0,Bank transfer (automatic),74.35,4453.3,2.444115713
4450-YOOHP,0,Female,0,0,0,39,0,0,DSL,0,0,1,0,1,1,Month-to-month,1,Credit card (automatic),50.65,1905.4,1.665023011
4451-RWASJ,0,Male,0,1,1,15,1,0,No,0,0,0,0,0,0,One year,1,Mailed check,19.5,239.75,0.641025641
4452-QIIEB,0,Male,0,0,0,7,1,0,DSL,0,0,0,0,0,0,Month-to-month,0,Mailed check,43.9,278.4,1.44312952
4452-ROHMO,0,Female,0,0,0,15,1,0,No,0,0,0,0,0,0,Two year,0,Mailed check,19.6,331.6,0.644312952
4455-BFSPD,0,Female,0,1,0,61,1,1,Fiber optic,0,0,0,1,1,1,One year,0,Bank transfer (automatic),101.15,6383.9,3.325115056
4456-RHSNB,0,Female,0,1,1,19,1,0,DSL,0,0,1,0,0,0,Month-to-month,1,Bank transfer (automatic),49.6,962.9,1.630506246
4458-KVRBJ,0,Male,0,0,0,59,1,1,No,0,0,0,0,0,0,Two year,0,Mailed check,25,1510.5,0.821827745
4459-BBGHE,0,Male,0,0,1,30,0,0,DSL,0,0,0,0,1,1,Month-to-month,1,Electronic check,44.5,1307.8,1.462853386
4462-CYWMH,0,Male,1,1,0,62,1,1,Fiber optic,0,1,0,0,0,1,Month-to-month,1,Bank transfer (automatic),89.8,5629.55,2.95200526
4464-JCOLN,1,Male,0,1,1,2,1,0,No,0,0,0,0,0,0,One year,0,Mailed check,19.85,35.9,0.652531229
4465-VDKIQ,0,Female,0,0,0,18,1,0,Fiber optic,0,1,1,0,0,0,Month-to-month,0,Electronic check,77.8,1358.6,2.557527942
4468-KAZHE,0,Female,1,1,0,20,1,0,DSL,0,1,0,0,0,1,Month-to-month,1,Electronic check,60,1259.35,1.972386588
4468-YDOVK,0,Male,0,0,1,5,1,0,DSL,0,0,0,1,0,0,Month-to-month,1,Bank transfer (automatic),48.65,235.2,1.599276792
4471-KXAUH,1,Female,0,1,0,42,1,1,Fiber optic,0,0,1,1,0,0,Month-to-month,1,Electronic check,84.3,3588.4,2.771203156
4472-LVYGI,0,Female,0,1,1,0,0,0,DSL,1,0,1,1,1,0,Two year,1,Bank transfer (automatic),52.55,0,1.72748192
4472-VESGY,0,Female,0,1,1,52,1,1,Fiber optic,1,1,1,0,0,1,Month-to-month,0,Bank transfer (automatic),98.15,4993.4,3.226495726
4475-NVTLU,0,Male,0,1,1,45,1,0,No,0,0,0,0,0,0,Two year,0,Electronic check,19.2,903.7,0.631163708
4476-OSWTN,0,Male,1,1,0,69,1,1,Fiber optic,1,0,1,1,1,1,One year,1,Mailed check,110.55,7610.1,3.634122288
4480-MBMLB,0,Female,0,0,0,36,1,1,Fiber optic,0,1,1,0,1,1,One year,1,Bank transfer (automatic),104.8,3886.45,3.445101907
4480-QQRHC,0,Female,1,0,0,8,1,0,Fiber optic,0,0,1,0,0,0,Month-to-month,1,Bank transfer (automatic),74.05,600.15,2.43425378
4482-EWFMI,0,Female,0,0,0,2,1,0,Fiber optic,0,0,0,0,0,0,Month-to-month,1,Electronic check,69.7,135.2,2.291255753
4482-FTFFX,0,Male,0,0,0,5,1,0,DSL,0,0,1,1,0,0,Month-to-month,0,Electronic check,56.15,291.45,1.845825115
4484-CGXFK,1,Female,0,0,0,3,1,0,DSL,0,0,0,0,0,1,Month-to-month,1,Electronic check,55.3,196.15,1.817882972
4484-GLZOU,1,Female,0,1,0,52,1,1,Fiber optic,0,1,1,0,1,1,Month-to-month,1,Electronic check,105.05,5624.85,3.453320184
4486-EFAEB,0,Male,0,0,0,13,1,0,No,0,0,0,0,0,0,Month-to-month,1,Electronic check,20.4,251.65,0.67061144
4487-ZYJZK,0,Female,0,1,1,38,1,0,No,0,0,0,0,0,0,One year,0,Credit card (automatic),19.6,763.1,0.644312952
4488-KQFDT,0,Female,0,0,0,61,1,1,Fiber optic,0,1,1,0,1,1,One year,1,Electronic check,103.95,6423,3.417159763
4488-PSYCG,1,Male,0,0,0,16,1,0,No,0,0,0,0,0,0,Month-to-month,0,Bank transfer (automatic),20.25,327.45,0.665680473
4489-SNOJF,1,Female,0,1,1,35,1,1,DSL,1,0,1,1,1,0,Month-to-month,0,Electronic check,72.25,2568.55,2.375082183
4495-LHSSK,0,Female,0,0,1,18,1,1,DSL,1,0,0,0,0,0,Month-to-month,0,Mailed check,57.65,992.7,1.89513478
4500-HKANN,0,Male,0,1,1,23,1,1,DSL,0,1,0,1,0,0,Two year,0,Mailed check,59.7,1414.2,1.962524655
4501-EQDRN,1,Female,0,0,0,1,1,0,Fiber optic,0,0,0,0,0,0,Month-to-month,0,Bank transfer (automatic),69.7,69.7,2.291255753
4501-UYKBC,0,Female,1,0,0,46,1,1,DSL,0,0,1,1,0,1,One year,1,Credit card (automatic),69.1,3255.35,2.271531887
4501-VCPFK,0,Male,0,0,0,26,0,0,DSL,0,0,1,1,0,0,Month-to-month,0,Electronic check,35.75,1022.5,1.175213675
4503-BDXBD,1,Male,0,0,0,11,1,0,Fiber optic,0,1,0,0,0,0,Month-to-month,0,Electronic check,74.95,815.5,2.463839579
4504-YOULA,0,Female,0,1,1,35,1,1,DSL,1,1,0,0,0,0,Month-to-month,1,Credit card (automatic),59.45,2136.9,1.954306377
4505-EXZHB,1,Female,1,0,0,6,1,0,Fiber optic,0,0,1,0,0,0,Month-to-month,0,Electronic check,74.4,434.1,2.445759369
4508-OEBEY,0,Male,0,1,0,31,1,0,DSL,1,1,1,1,0,1,One year,1,Credit card (automatic),75.5,2424.45,2.48191979
4510-HIMLV,1,Male,0,0,0,1,1,0,Fiber optic,0,0,0,0,0,0,Month-to-month,1,Electronic check,69.8,69.8,2.294543064
4510-PYUSH,1,Female,1,0,0,38,1,0,DSL,1,1,0,0,0,0,Month-to-month,1,Credit card (automatic),57.15,2250.65,1.878698225
4512-ZUIYL,1,Female,0,0,0,2,1,0,Fiber optic,0,0,0,0,0,0,Month-to-month,0,Bank transfer (automatic),70,153.05,2.301117686
4513-CXYIX,0,Female,1,1,0,71,1,1,Fiber optic,1,0,0,0,0,0,Two year,1,Credit card (automatic),80.7,5676,2.652859961
4514-GFCFI,1,Female,1,0,0,16,1,1,Fiber optic,0,0,0,0,1,0,Month-to-month,1,Electronic check,84.75,1350.15,2.785996055
4518-FZBSX,0,Male,0,1,1,42,1,0,No,0,0,0,0,0,0,One year,0,Mailed check,20.25,854.9,0.665680473
4521-WFJAI,0,Male,0,0,0,56,1,1,No,0,0,0,0,0,0,Two year,1,Bank transfer (automatic),25.95,1444.05,0.853057199
4521-YEEHE,0,Female,0,1,0,18,1,1,Fiber optic,0,0,0,1,1,0,Month-to-month,1,Electronic check,88.85,1594.75,2.920775805
4522-AKYLR,0,Female,1,0,0,13,1,0,DSL,0,1,1,0,0,0,Month-to-month,1,Electronic check,54.8,731.3,1.801446417
4522-XRWWI,0,Male,0,1,0,42,1,1,DSL,1,0,0,1,1,1,One year,0,Credit card (automatic),80.45,3375.9,2.644641683
4523-WXCEF,1,Female,0,1,0,59,1,1,Fiber optic,0,1,0,0,1,1,Month-to-month,0,Electronic check,101.1,6039.9,3.3234714
4524-QCSSM,0,Male,0,0,0,26,0,0,DSL,1,1,0,0,0,1,Month-to-month,1,Bank transfer (automatic),44.65,1156.55,1.467784352
4525-VZCZG,0,Male,0,0,1,54,1,0,Fiber optic,1,1,0,1,1,1,One year,1,Electronic check,105.85,5826.65,3.479618672
4526-EXKKN,0,Male,0,0,0,40,1,1,No,0,0,0,0,0,0,Two year,1,Mailed check,24.6,973.95,0.808678501
4526-RMTLL,0,Male,0,1,1,8,1,1,DSL,1,1,0,1,0,1,Two year,1,Credit card (automatic),76.15,645.8,2.503287311
4526-ZJJTM,0,Female,1,1,0,25,1,0,Fiber optic,0,1,1,0,0,1,Month-to-month,0,Bank transfer (automatic),88.4,2191.15,2.905982906
4529-CKBCL,1,Female,0,0,0,2,1,0,Fiber optic,0,0,0,0,1,0,Month-to-month,1,Electronic check,80.2,146.05,2.636423406
4530-NDRKU,0,Female,0,1,1,42,1,0,No,0,0,0,0,0,0,One year,1,Electronic check,19.05,761.85,0.626232742
4531-AUZNK,0,Female,0,1,1,51,1,1,Fiber optic,1,0,0,1,1,0,One year,1,Mailed check,95.15,5000.05,3.127876397
4534-WGCIR,0,Female,0,1,1,58,1,1,No,0,0,0,0,0,0,Two year,0,Credit card (automatic),25.15,1509.9,0.826758711
4536-PLEQY,0,Male,0,1,0,12,1,0,Fiber optic,0,1,0,0,0,1,Month-to-month,1,Credit card (automatic),85.05,999.8,2.795857988
4537-CIBHB,0,Female,0,1,1,9,1,0,No,0,0,0,0,0,0,One year,0,Mailed check,20.25,172.35,0.665680473
4537-DKTAL,0,Female,0,0,0,2,1,0,DSL,0,0,0,0,0,0,Month-to-month,0,Electronic check,45.55,84.4,1.497370151
4538-WNTMJ,0,Female,0,1,1,46,1,1,No,0,0,0,0,0,0,One year,0,Mailed check,24.95,1165.9,0.820184089
4541-RMRLG,1,Male,0,0,0,7,1,0,No,0,0,0,0,0,0,Month-to-month,0,Electronic check,19.25,112.3,0.632807364
4544-RXFMG,0,Male,0,1,1,8,1,0,DSL,0,0,0,0,0,0,One year,1,Mailed check,43.45,345.5,1.428336621
4546-FOKWR,0,Female,0,0,0,16,1,1,Fiber optic,0,0,0,0,0,0,Month-to-month,1,Credit card (automatic),74.75,1129.35,2.457264957
4547-FZJWE,0,Male,0,1,1,55,1,0,DSL,1,0,0,0,0,1,One year,0,Credit card (automatic),59.45,3157,1.954306377
4547-KQRTM,1,Female,0,0,0,10,1,1,Fiber optic,0,1,0,0,0,0,Month-to-month,1,Bank transfer (automatic),80.05,830.7,2.631492439
4547-LYTDD,1,Female,0,0,0,16,1,1,Fiber optic,0,0,0,0,0,0,Month-to-month,0,Electronic check,72.65,1194.3,2.388231427
4548-SDBKE,1,Female,0,0,0,5,1,1,Fiber optic,0,0,0,0,1,0,Month-to-month,1,Electronic check,85.2,474.8,2.800788955
4549-ZDQYY,0,Female,0,0,0,52,1,0,DSL,1,0,1,1,0,0,One year,0,Credit card (automatic),57.95,3042.25,1.904996713
4550-EVXNY,1,Female,0,0,1,1,1,0,Fiber optic,0,0,0,0,0,0,Month-to-month,1,Electronic check,69.65,69.65,2.289612097
4550-VBOFE,1,Male,1,1,0,70,1,1,Fiber optic,0,1,1,0,1,1,Month-to-month,1,Electronic check,102.95,7101.5,3.384286654
4553-DVPZG,0,Female,0,1,0,62,1,1,Fiber optic,0,0,1,0,1,1,Month-to-month,1,Electronic check,101.35,6164.7,3.331689678
4554-YGZIH,1,Male,1,1,0,49,1,1,Fiber optic,0,1,0,0,0,1,Month-to-month,0,Credit card (automatic),90.05,4547.25,2.960223537
4558-CGYCZ,0,Male,0,0,0,4,1,0,No,0,0,0,0,0,0,Month-to-month,0,Mailed check,19.75,78.3,0.649243918
4558-FANTW,1,Female,0,1,1,17,1,0,Fiber optic,1,0,0,1,1,0,Month-to-month,0,Electronic check,91.85,1574.45,3.019395135
4559-UWIHT,0,Male,0,1,0,14,1,1,Fiber optic,0,1,1,0,0,0,Month-to-month,1,Electronic check,82.65,1185,2.716962525
4560-WQAQW,0,Female,0,0,0,59,1,1,DSL,1,0,0,1,0,1,One year,0,Bank transfer (automatic),68.7,4070.95,2.258382643
4565-EVZMJ,0,Female,0,0,0,47,1,0,DSL,1,1,0,1,0,0,One year,1,Mailed check,58.9,2813.05,1.936226167
4565-NLZBV,0,Female,0,1,0,71,1,1,No,0,0,0,0,0,0,Two year,1,Bank transfer (automatic),24.65,1710.15,0.810322156
4566-GOLUK,1,Male,0,1,1,47,1,1,Fiber optic,0,0,1,1,1,1,Month-to-month,1,Bank transfer (automatic),107.35,5118.95,3.528928337
4566-NECEV,0,Male,0,0,0,5,1,1,Fiber optic,0,1,1,0,0,1,Month-to-month,0,Electronic check,96.55,500.1,3.173898751
4566-QVRRW,1,Female,0,1,0,11,1,0,DSL,0,0,0,0,0,0,Month-to-month,1,Electronic check,44.05,483.7,1.448060487
4567-AKPIA,0,Female,0,1,1,41,1,1,Fiber optic,0,1,1,1,1,1,One year,1,Bank transfer (automatic),109.1,4454.25,3.586456279
4568-KNYWR,0,Male,0,0,0,52,1,0,DSL,1,1,0,0,1,0,Two year,1,Credit card (automatic),63.25,3342.45,2.079224195
4568-TTZRT,0,Male,0,0,0,9,1,0,No,0,0,0,0,0,0,Month-to-month,0,Mailed check,20.4,181.8,0.67061144
4570-QHXHL,0,Female,0,0,0,9,1,0,DSL,0,0,0,0,0,0,Month-to-month,1,Electronic check,43.75,405.7,1.438198554
4572-DVCGN,1,Female,0,0,0,10,1,0,Fiber optic,0,0,0,0,0,1,Month-to-month,1,Bank transfer (automatic),80.25,846,2.638067061
4573-JKNAE,0,Male,0,0,1,12,1,0,No,0,0,0,0,0,0,Two year,0,Bank transfer (automatic),19.35,212.3,0.636094675
4576-CSAJH,1,Male,0,0,0,22,1,0,DSL,0,1,0,1,0,0,One year,1,Credit card (automatic),55.15,1193.05,1.812952005
4578-PHJYZ,0,Male,0,1,1,52,1,0,DSL,0,1,1,1,1,0,One year,1,Electronic check,68.75,3482.85,2.260026298
4580-TMHJU,1,Female,0,1,1,43,1,0,DSL,0,0,0,0,1,0,Month-to-month,0,Electronic check,56.15,2499.3,1.845825115
4581-LNWUM,0,Female,0,0,0,13,0,0,DSL,0,0,1,0,1,1,Month-to-month,0,Electronic check,49.15,649.4,1.615713346
4581-SSPWD,1,Female,0,0,0,3,1,1,Fiber optic,0,0,0,0,0,0,Month-to-month,1,Electronic check,75.8,246.3,2.491781723
4583-PARNH,0,Male,1,1,0,16,1,0,Fiber optic,0,0,1,1,0,1,Month-to-month,1,Electronic check,91.55,1540.05,3.009533202
4584-LBNMK,0,Male,1,1,0,45,1,1,No,0,0,0,0,0,0,One year,0,Credit card (automatic),24.7,1174.35,0.811965812
4585-HETAI,1,Female,0,1,1,4,1,0,Fiber optic,0,0,1,0,0,0,Month-to-month,1,Electronic check,73.75,325.45,2.424391847
4587-NUKOX,1,Female,0,0,0,3,1,0,Fiber optic,1,1,0,0,0,0,Month-to-month,1,Electronic check,79.1,246.5,2.600262985
4587-VVTOX,1,Female,0,1,0,6,1,1,Fiber optic,0,1,1,0,1,1,Month-to-month,1,Electronic check,105.3,545.2,3.461538462
4588-YBNIB,1,Female,0,0,0,1,1,0,No,0,0,0,0,0,0,Month-to-month,1,Mailed check,19.6,19.6,0.644312952
4589-IUAJB,0,Male,0,1,0,70,1,1,No,0,0,0,0,0,0,Two year,0,Bank transfer (automatic),24.25,1724.15,0.797172913
4592-IWTJI,1,Female,0,1,1,3,0,0,DSL,1,0,0,0,0,0,Month-to-month,0,Credit card (automatic),29.7,91.7,0.976331361
4597-ELFTS,1,Male,0,0,0,56,1,1,No,0,0,0,0,0,0,One year,0,Electronic check,24.9,1334,0.818540434
4597-NUCQV,1,Male,1,0,0,24,1,1,Fiber optic,0,1,0,0,1,1,Month-to-month,1,Electronic check,101.25,2440.15,3.328402367
4598-XLKNJ,1,Female,1,1,0,25,1,0,Fiber optic,0,1,1,0,1,1,Month-to-month,1,Electronic check,98.5,2514.5,3.238001315
4598-ZADCK,0,Female,0,0,0,53,0,0,DSL,1,1,1,1,1,0,One year,1,Electronic check,53.6,2879.2,1.761998685
4603-JANFB,1,Male,0,0,0,1,1,0,Fiber optic,0,0,0,0,0,0,Month-to-month,1,Electronic check,69.85,69.85,2.296186719
4607-CHPCA,1,Male,0,1,1,25,1,0,Fiber optic,0,0,0,0,1,1,One year,1,Electronic check,90.4,2178.6,2.971729126
4608-LCIMN,0,Male,0,1,1,8,1,0,DSL,0,0,0,0,0,0,Month-to-month,0,Bank transfer (automatic),44.65,369.15,1.467784352
4609-KNNWG,0,Female,0,1,1,27,1,0,No,0,0,0,0,0,0,Two year,0,Mailed check,19.9,550.1,0.654174885
4611-ANLQC,0,Female,0,1,0,60,0,0,DSL,1,1,1,0,0,1,One year,0,Electronic check,50.05,2911.5,1.645299145
4612-SSVHJ,0,Female,1,0,0,20,1,0,Fiber optic,0,0,0,0,0,1,Month-to-month,1,Electronic check,81.45,1671.6,2.677514793
4612-THJBS,1,Female,1,0,0,56,1,1,Fiber optic,0,1,1,0,1,1,One year,1,Bank transfer (automatic),104.75,5510.65,3.443458251
4614-NUVZD,1,Female,0,0,0,1,1,0,Fiber optic,0,0,0,0,0,1,Month-to-month,1,Electronic check,81.1,81.1,2.666009204
4615-PIVVU,0,Female,0,0,0,42,1,0,DSL,0,0,1,1,0,1,Two year,0,Credit card (automatic),66.5,2762.75,2.186061801
4616-EWBNJ,0,Female,0,0,0,16,1,0,No,0,0,0,0,0,0,One year,0,Bank transfer (automatic),20.1,318.6,0.660749507
4616-ULAOA,0,Female,0,1,1,65,1,1,Fiber optic,0,1,1,1,1,1,Two year,1,Credit card (automatic),110.8,7245.9,3.642340565
4619-EVPHY,0,Female,1,1,0,20,1,0,Fiber optic,0,0,0,0,1,1,One year,1,Bank transfer (automatic),91,1859.5,2.991452991
4622-YNKIJ,0,Male,0,0,0,33,1,0,Fiber optic,1,0,0,1,1,0,Two year,1,Electronic check,88.95,3027.65,2.924063116
4623-ZKHLY,0,Male,0,1,0,22,1,0,No,0,0,0,0,0,0,Month-to-month,1,Bank transfer (automatic),20.45,471.55,0.672255095
4625-EWPTF,1,Male,0,0,0,8,0,0,DSL,1,0,0,0,0,0,Month-to-month,1,Electronic check,30.45,226.45,1.000986193
4625-LAMOB,0,Male,0,0,0,44,1,0,No,0,0,0,0,0,0,Two year,0,Credit card (automatic),20.4,905.55,0.67061144
4625-XMOYM,0,Female,0,1,1,72,1,1,No,0,0,0,0,0,0,Two year,1,Bank transfer (automatic),26.25,1988.05,0.862919132
4626-GYCZP,1,Male,0,0,0,7,1,1,Fiber optic,0,0,0,0,1,1,Month-to-month,1,Electronic check,93.85,635.6,3.085141354
4626-OZDTJ,0,Female,0,1,0,51,1,1,DSL,0,1,0,1,1,1,One year,1,Credit card (automatic),78.65,3950.85,2.585470085
4627-MIHJH,0,Female,1,0,0,69,1,1,Fiber optic,1,0,1,1,1,1,Two year,0,Credit card (automatic),110.25,7467.55,3.624260355
4628-CTTLA,1,Male,0,0,0,57,0,0,DSL,0,1,0,0,1,0,Month-to-month,1,Electronic check,39.3,2111.45,1.291913215
4628-WQCQQ,1,Male,0,0,1,35,1,0,Fiber optic,0,0,1,0,1,0,One year,1,Electronic check,85.15,3030.6,2.799145299
4629-NRXKX,1,Female,0,1,1,2,1,0,Fiber optic,0,0,0,0,0,0,Month-to-month,0,Electronic check,70.4,147.15,2.31426693
4631-OACRM,1,Male,1,0,0,15,1,0,Fiber optic,0,0,0,0,0,1,Month-to-month,1,Electronic check,79.4,1156.1,2.610124918
4632-PAOYU,0,Male,0,1,1,22,1,0,No,0,0,0,0,0,0,One year,0,Mailed check,19.95,433.5,0.65581854
4632-XJMEX,0,Male,0,0,1,53,1,0,DSL,1,1,0,1,0,0,One year,0,Credit card (automatic),62.85,3419.5,2.066074951
4633-MKHYU,0,Female,0,0,0,9,1,0,Fiber optic,0,0,0,0,1,1,Month-to-month,1,Mailed check,88.4,788.6,2.905982906
4634-JLRJT,0,Female,0,0,0,1,1,0,No,0,0,0,0,0,0,Month-to-month,1,Mailed check,20.35,20.35,0.668967784
4635-EJYPD,0,Male,0,1,1,32,1,0,No,0,0,0,0,0,0,Two year,0,Mailed check,18.95,613.95,0.622945431
4636-JGAAI,0,Male,0,1,0,34,1,1,Fiber optic,0,1,0,0,0,1,Month-to-month,0,Mailed check,88.85,3000.25,2.920775805
4636-OLWOE,0,Male,0,0,1,54,1,0,DSL,0,1,1,1,0,0,One year,1,Electronic check,61,3283.05,2.005259698
4636-QRJKY,1,Female,0,1,1,6,1,1,Fiber optic,0,0,0,1,0,0,Month-to-month,1,Electronic check,80.5,502.85,2.646285339
4636-TVXVG,0,Male,0,1,1,62,1,0,No,0,0,0,0,0,0,One year,0,Bank transfer (automatic),19.95,1244.8,0.65581854
4640-UHDOS,1,Female,0,1,1,13,1,0,DSL,0,0,0,0,0,1,Month-to-month,0,Electronic check,55.95,734.35,1.839250493
4641-FROLU,0,Female,0,1,1,30,1,0,No,0,0,0,0,0,0,Two year,0,Mailed check,19.3,602.9,0.634451019
4644-OBGFZ,0,Male,0,1,1,55,1,0,No,0,0,0,0,0,0,One year,0,Mailed check,19.5,1026.35,0.641025641
4644-PIZRT,0,Male,0,1,1,17,1,1,DSL,1,0,1,0,1,0,One year,1,Bank transfer (automatic),70.35,1201.65,2.312623274
4646-QZXTF,0,Female,0,1,0,7,1,0,DSL,1,0,1,1,1,1,Month-to-month,0,Bank transfer (automatic),81.25,580.1,2.670940171
4647-MUZON,0,Female,0,1,0,18,1,0,Fiber optic,0,0,1,0,1,1,Month-to-month,1,Credit card (automatic),95.95,1745.5,3.154174885
4647-XXZAM,0,Female,0,1,1,6,1,0,DSL,0,0,0,0,0,0,Month-to-month,0,Mailed check,45.5,285.2,1.495726496
4648-YPBTM,0,Male,0,0,0,53,1,1,DSL,0,1,1,1,0,1,Two year,1,Bank transfer (automatic),73.9,3958.25,2.429322814
4652-NNHNY,1,Male,0,1,0,16,1,1,Fiber optic,0,0,0,0,0,0,Month-to-month,1,Bank transfer (automatic),73.85,1284.2,2.427679158
4652-ODEVH,0,Male,0,1,1,45,1,1,No,0,0,0,0,0,0,Two year,0,Mailed check,24.45,1088.25,0.803747535
4654-DLAMQ,0,Female,1,1,0,64,1,0,Fiber optic,1,1,1,0,0,1,One year,0,Bank transfer (automatic),97,6430.9,3.18869165
4654-GGUII,0,Female,0,0,0,18,0,0,DSL,1,1,0,1,0,0,One year,1,Mailed check,40.2,711.95,1.321499014
4654-ULTTN,0,Male,0,1,0,70,1,1,DSL,1,0,1,1,0,1,Two year,1,Credit card (automatic),74.8,5315.8,2.458908613
4656-CAURT,0,Male,0,0,0,69,1,1,No,0,0,0,0,0,0,Two year,0,Bank transfer (automatic),23.95,1713.1,0.78731098
4657-FWVFY,0,Female,0,1,1,40,1,1,Fiber optic,0,1,1,0,1,0,Month-to-month,1,Credit card (automatic),96.35,3915.4,3.167324129
4658-HCOHW,1,Female,0,1,1,21,1,0,Fiber optic,0,1,1,1,1,1,Month-to-month,1,Electronic check,102.8,2110.15,3.379355687
4659-NZRUF,1,Female,0,0,0,19,1,1,Fiber optic,1,1,0,0,0,1,Month-to-month,1,Electronic check,95.15,1789.25,3.127876397
4660-IRIBM,0,Male,0,1,1,18,1,0,Fiber optic,1,0,1,0,1,0,Month-to-month,1,Mailed check,87.9,1500.5,2.889546351
4661-NJEUX,0,Male,0,0,0,1,1,0,No,0,0,0,0,0,0,Month-to-month,1,Mailed check,20.05,20.05,0.659105851
4662-EKDPQ,1,Male,0,0,0,2,1,1,DSL,0,0,0,0,0,1,Month-to-month,0,Bank transfer (automatic),62.05,118.3,2.039776463
4664-NJCMS,0,Female,0,1,0,33,0,0,DSL,1,0,1,1,1,1,Two year,0,Bank transfer (automatic),59.55,2016.3,1.957593688
4667-OHGKG,1,Male,0,0,0,1,1,0,No,0,0,0,0,0,0,Month-to-month,1,Mailed check,19.3,19.3,0.634451019
4667-QONEA,0,Female,1,1,1,60,1,0,DSL,1,1,1,1,0,1,One year,1,Credit card (automatic),74.85,4456.35,2.460552268
4670-TABXH,0,Male,0,1,0,72,1,1,Fiber optic,0,1,1,1,1,1,Two year,1,Credit card (automatic),109.75,7758.9,3.6078238
4671-LXRDQ,1,Male,0,0,0,2,1,0,DSL,0,0,0,0,0,0,Month-to-month,1,Mailed check,45,96.45,1.479289941
4671-VJLCL,0,Female,0,0,0,63,1,1,DSL,1,1,1,1,1,0,Two year,1,Credit card (automatic),79.85,4861.45,2.624917817
4672-FOTSD,0,Male,0,0,0,12,1,1,DSL,1,1,0,1,0,0,Month-to-month,1,Electronic check,67.25,832.3,2.210716634
4673-KKSLS,0,Female,0,0,0,31,1,0,Fiber optic,1,0,1,1,0,0,Month-to-month,0,Electronic check,87.6,2724.25,2.879684418
4674-HGNUA,0,Male,0,1,1,71,1,1,DSL,1,1,1,1,1,1,Two year,0,Credit card (automatic),89.9,6457.15,2.955292571
4676-MQUEA,0,Male,1,1,0,50,1,1,Fiber optic,1,1,1,0,1,0,One year,1,Bank transfer (automatic),101.9,5265.5,3.349769888
4676-WLUHT,0,Male,0,0,0,54,0,0,DSL,1,1,0,0,0,1,Two year,0,Bank transfer (automatic),46.2,2431.95,1.518737673
4678-DVQEO,1,Female,0,0,0,1,1,0,DSL,0,0,0,1,0,0,Month-to-month,1,Electronic check,52.2,52.2,1.715976331
4680-KUTAJ,0,Female,1,0,0,11,1,1,DSL,1,0,0,0,0,0,Month-to-month,1,Electronic check,55.6,580.8,1.827744905
4682-BLBUC,0,Male,0,1,0,44,1,0,DSL,0,1,1,1,1,0,One year,1,Electronic check,70.95,3250.45,2.33234714
4683-WYDOU,0,Male,0,1,0,62,1,1,Fiber optic,0,0,1,1,1,1,Two year,1,Bank transfer (automatic),107.6,6912.7,3.537146614
4685-ERGHK,0,Male,0,0,0,57,1,1,Fiber optic,0,0,0,0,1,0,One year,1,Electronic check,86.9,4939.25,2.856673241
4685-TFLLS,0,Male,0,1,1,18,1,0,No,0,0,0,0,0,0,One year,0,Bank transfer (automatic),19.8,342.3,0.650887574
4686-GEFRM,0,Male,0,1,0,70,1,1,Fiber optic,0,1,1,1,0,1,Two year,1,Bank transfer (automatic),98.7,6858.9,3.244575937
4686-UXDML,0,Female,0,0,0,21,1,1,Fiber optic,0,1,0,0,1,1,Month-to-month,1,Credit card (automatic),99.85,1992.55,3.282380013
4690-LLKUA,1,Male,1,0,0,17,1,0,DSL,0,0,0,0,0,0,Month-to-month,1,Electronic check,45.05,770.6,1.480933596
4690-PKDQG,0,Female,1,1,0,42,1,1,Fiber optic,0,1,1,0,1,0,Month-to-month,1,Electronic check,95.55,3930.6,3.141025641
4692-NNQRU,0,Female,0,1,0,21,1,0,Fiber optic,0,0,1,1,0,0,One year,0,Electronic check,79.2,1742.45,2.603550296
4693-VWVBO,0,Female,0,0,0,3,1,0,No,0,0,0,0,0,0,Month-to-month,0,Electronic check,19.55,61.05,0.642669297
4694-PHWFW,0,Female,0,0,1,8,1,0,No,0,0,0,0,0,0,Month-to-month,0,Mailed check,19.95,170.9,0.65581854
4695-VADHF,1,Male,0,1,1,18,1,0,DSL,0,0,1,0,0,1,Month-to-month,0,Electronic check,57.45,990.85,1.888560158
4695-WJZUE,1,Female,1,0,0,2,1,1,Fiber optic,0,0,1,0,0,1,Month-to-month,1,Electronic check,88.55,179.25,2.910913872
4697-LUPSU,0,Male,0,1,1,2,1,0,No,0,0,0,0,0,0,One year,0,Mailed check,20.2,34.75,0.664036818
4698-KVLLG,0,Female,1,0,0,51,1,0,No,0,0,0,0,0,0,Two year,0,Credit card (automatic),19.6,967.9,0.644312952
4700-UBQMV,0,Male,0,1,1,21,1,1,DSL,1,0,0,0,1,1,One year,1,Bank transfer (automatic),75.9,1549.75,2.495069034
4701-AHWMW,1,Male,0,1,0,55,0,0,DSL,0,0,1,1,1,1,Month-to-month,1,Bank transfer (automatic),54.55,2978.3,1.793228139
4701-LKOZD,0,Female,0,0,0,70,1,1,DSL,1,1,1,1,1,1,Two year,0,Credit card (automatic),89.75,6367.2,2.950361604
4701-MLJPN,1,Male,0,0,0,31,1,0,DSL,0,0,1,1,0,0,Month-to-month,1,Electronic check,55.25,1715.65,1.816239316
4702-HDRKD,0,Male,0,0,0,67,0,0,DSL,1,0,1,1,1,0,One year,1,Bank transfer (automatic),49.35,3321.35,1.622287968
4702-IOQDC,1,Female,0,0,0,1,1,0,Fiber optic,0,0,0,0,0,0,Month-to-month,1,Electronic check,70.1,70.1,2.304404997
4703-MQYKT,0,Male,0,0,0,21,1,0,No,0,0,0,0,0,0,Two year,0,Mailed check,19.6,390.4,0.644312952
4704-ERYFC,1,Female,0,1,0,22,1,0,Fiber optic,0,0,0,0,0,0,Month-to-month,1,Electronic check,69.25,1554,2.276462853
4706-AXVKM,1,Female,1,0,0,11,1,1,Fiber optic,0,0,0,0,0,1,Month-to-month,1,Credit card (automatic),84.8,906.85,2.787639711
4706-DGAHW,0,Male,1,0,0,1,1,0,DSL,0,0,0,0,0,0,Month-to-month,0,Electronic check,45.2,45.2,1.485864563
4707-MAXGU,0,Male,0,1,0,72,1,1,No,0,0,0,0,0,0,Two year,0,Credit card (automatic),25.85,1872.2,0.849769888
4707-YNOQA,0,Female,0,1,1,34,1,1,No,0,0,0,0,0,0,One year,1,Credit card (automatic),25.6,917.15,0.841551611
4709-LKHYG,0,Female,0,1,1,29,1,0,No,0,0,0,0,0,0,One year,0,Electronic check,20,540.05,0.657462196
4710-FDUIZ,1,Male,0,1,0,56,1,1,Fiber optic,0,1,0,0,1,1,One year,0,Credit card (automatic),100.3,5614.45,3.297172913
4710-NKCAW,0,Male,0,1,1,5,1,1,DSL,1,1,0,1,0,0,Month-to-month,0,Credit card (automatic),64.4,316.9,2.117028271
4712-AUQZO,0,Male,0,0,0,18,0,0,DSL,1,0,1,0,0,0,Month-to-month,0,Mailed check,33.6,550.35,1.104536489
4712-UYOOI,0,Female,0,1,1,20,1,0,No,0,0,0,0,0,0,Month-to-month,0,Electronic check,20,417.65,0.657462196
4713-LZDRV,1,Female,1,0,0,2,1,0,Fiber optic,0,0,0,0,0,1,Month-to-month,1,Electronic check,79.6,195.05,2.61669954
4713-ZBURT,0,Male,0,0,1,45,1,1,Fiber optic,0,0,1,0,1,1,Two year,0,Bank transfer (automatic),99.7,4634.35,3.277449047
4716-HHKQH,0,Male,1,1,0,20,1,1,Fiber optic,0,1,0,1,1,1,Month-to-month,0,Electronic check,107.05,2172.05,3.519066404
4716-MRVEN,0,Female,0,0,0,29,1,0,No,0,0,0,0,0,0,One year,0,Mailed check,20,599.3,0.657462196
4717-GHADL,0,Female,0,0,0,50,1,1,DSL,0,1,0,1,1,1,Two year,1,Mailed check,79.6,4024.2,2.61669954
4718-DHSMV,0,Female,0,0,0,11,0,0,DSL,0,0,0,0,1,0,Month-to-month,1,Mailed check,35.8,363.15,1.176857331
4718-WXBGI,0,Male,0,1,1,72,1,1,DSL,1,1,1,1,1,1,Two year,1,Credit card (automatic),91.95,6614.9,3.022682446
4719-UMSIY,0,Male,0,0,1,6,1,0,No,0,0,0,0,0,0,Month-to-month,0,Mailed check,19.65,100.9,0.645956607
4720-VSTSI,1,Female,0,0,0,44,1,1,Fiber optic,0,1,1,0,0,0,Month-to-month,1,Bank transfer (automatic),84.8,3862.55,2.787639711
4723-BEGSG,0,Male,0,1,0,72,1,1,DSL,1,0,1,1,1,1,Two year,0,Credit card (automatic),86.65,6094.25,2.848454964
4724-WXVWF,0,Male,0,0,0,48,1,1,Fiber optic,1,0,0,1,0,1,Month-to-month,1,Electronic check,95.4,4445.3,3.136094675
4726-DLWQN,0,Male,1,0,0,50,1,1,DSL,1,1,0,0,1,0,Month-to-month,1,Bank transfer (automatic),70.35,3454.6,2.312623274
4727-MCYZG,0,Male,0,0,0,1,1,0,DSL,0,0,0,0,0,1,Month-to-month,0,Mailed check,55.55,55.55,1.826101249
4729-XKASR,1,Male,0,0,1,1,0,0,DSL,0,0,0,0,0,0,Month-to-month,0,Electronic check,24.75,24.75,0.813609467
4730-AWNAU,0,Male,0,1,1,36,0,0,DSL,1,0,1,1,1,1,One year,0,Credit card (automatic),60.7,2234.55,1.995397765
4732-RRJZC,0,Male,0,1,1,7,1,0,No,0,0,0,0,0,0,Month-to-month,0,Mailed check,20.25,144.35,0.665680473
4735-ASGMA,1,Male,0,0,0,26,1,1,Fiber optic,0,0,1,0,1,1,Month-to-month,1,Electronic check,98.35,2515.3,3.233070348
4735-BJKOU,0,Female,0,0,0,40,1,0,No,0,0,0,0,0,0,Two year,0,Mailed check,20.15,804.85,0.662393162
4737-AQCPU,0,Male,0,1,1,72,1,1,DSL,1,1,1,1,0,0,Two year,0,Credit card (automatic),72.1,5016.65,2.370151216
4737-HOBAX,0,Male,0,1,0,63,1,1,DSL,0,0,1,1,1,1,Two year,0,Credit card (automatic),79.8,5034.05,2.623274162
4741-WWJQZ,0,Female,0,1,0,2,1,0,Fiber optic,1,0,0,1,0,0,Month-to-month,1,Electronic check,80.15,194.55,2.63477975
4742-DRORA,0,Male,0,1,1,60,1,1,Fiber optic,1,0,1,0,1,0,One year,1,Bank transfer (automatic),95.4,5812,3.136094675
4742-TXUEX,0,Female,0,1,1,47,1,0,No,0,0,0,0,0,0,Two year,0,Bank transfer (automatic),19.3,890.5,0.634451019
4745-LSPLO,1,Male,0,0,0,1,1,0,No,0,0,0,0,0,0,Month-to-month,0,Mailed check,20.5,20.5,0.673898751
4747-LCAQL,0,Male,0,0,0,25,1,0,DSL,1,1,0,1,1,1,Month-to-month,1,Mailed check,79,1902,2.596975674
4749-OJKQU,0,Female,0,0,0,4,1,1,Fiber optic,0,0,0,0,0,0,Month-to-month,1,Electronic check,75.65,302.35,2.486850756
4749-VFKVB,1,Female,0,0,0,1,1,1,DSL,0,0,0,0,0,0,Month-to-month,1,Mailed check,50.1,50.1,1.646942801
4750-UKWJK,0,Female,1,1,0,37,1,0,No,0,0,0,0,0,0,One year,0,Mailed check,19.6,727.8,0.644312952
4750-ZRXIU,1,Female,1,0,0,4,1,1,Fiber optic,0,0,0,0,0,1,Month-to-month,1,Electronic check,84.6,360.1,2.781065089
4751-ERMAN,0,Male,0,1,1,72,1,0,DSL,0,1,1,0,1,1,Two year,1,Bank transfer (automatic),75.4,5480.25,2.478632479
4753-PADAS,0,Female,0,1,0,67,1,1,Fiber optic,0,1,1,0,1,1,One year,1,Bank transfer (automatic),105.7,6816.95,3.474687705
4759-PXTAN,0,Female,0,1,0,59,1,1,DSL,0,1,0,1,1,1,One year,1,Electronic check,80.1,4693.2,2.633136095
4759-TRPLW,1,Male,0,0,0,1,1,0,Fiber optic,0,0,0,0,0,0,Month-to-month,0,Electronic check,70.4,70.4,2.31426693
4760-THGOT,0,Female,0,1,0,43,1,1,Fiber optic,1,1,0,0,0,1,Month-to-month,1,Electronic check,94.1,4107.3,3.093359632
4760-XOHVN,1,Female,0,1,1,1,1,0,No,0,0,0,0,0,0,Month-to-month,0,Mailed check,19.45,19.45,0.639381986
4763-PGDPO,1,Female,0,0,0,4,1,0,Fiber optic,0,0,0,0,0,0,Month-to-month,0,Electronic check,70.4,281,2.31426693
4765-OXPPD,1,Female,0,1,1,9,1,0,DSL,1,1,1,1,0,0,Month-to-month,0,Mailed check,65,663.05,2.136752137
4767-HZZHQ,0,Male,0,1,1,30,1,0,Fiber optic,0,1,1,0,0,0,Month-to-month,0,Bank transfer (automatic),82.05,2570.2,2.697238659
4770-QAZXN,0,Female,0,0,0,13,1,0,No,0,0,0,0,0,0,Month-to-month,0,Credit card (automatic),19.45,232.1,0.639381986
4770-UEZOX,0,Male,0,0,0,2,1,0,Fiber optic,0,1,0,0,0,0,Month-to-month,1,Electronic check,74.75,144.8,2.457264957
4774-HHGGS,0,Male,0,1,0,30,1,0,No,0,0,0,0,0,0,Two year,0,Mailed check,19.05,637.55,0.626232742
4776-XSKYQ,0,Female,0,1,1,12,0,0,DSL,0,0,0,1,0,0,One year,0,Credit card (automatic),30.25,368.85,0.994411571
4778-IZARL,0,Male,0,1,0,63,1,0,Fiber optic,1,1,1,1,1,1,Two year,1,Credit card (automatic),110.1,6705.7,3.619329389
4779-ZGICK,0,Male,0,1,1,48,1,1,No,0,0,0,0,0,0,Two year,0,Mailed check,23.55,1173.35,0.774161736
4781-ZXYGU,0,Male,0,1,1,1,1,0,No,0,0,0,0,0,0,Month-to-month,1,Bank transfer (automatic),20.15,20.15,0.662393162
4782-OSFXZ,0,Female,1,1,0,71,1,1,DSL,1,1,1,1,0,1,Two year,1,Bank transfer (automatic),82.7,5831.2,2.71860618
4785-FCIFB,0,Female,0,1,0,61,1,1,No,0,0,0,0,0,0,Two year,0,Mailed check,24.4,1417.9,0.802103879
4785-NKHCX,0,Male,1,0,0,5,1,0,No,0,0,0,0,0,0,Month-to-month,0,Bank transfer (automatic),20.05,94.15,0.659105851
4785-QRJHC,1,Male,1,1,0,46,0,0,DSL,0,1,1,1,1,1,One year,1,Bank transfer (automatic),59.9,2816.65,1.969099277
4786-UKSNZ,1,Male,0,0,0,1,1,0,No,0,0,0,0,0,0,Month-to-month,0,Mailed check,20.2,20.2,0.664036818
4789-KWMXN,1,Male,0,1,0,47,1,1,Fiber optic,1,0,1,1,1,1,One year,1,Credit card (automatic),110.85,5275.8,3.643984221
4791-QRGMF,1,Male,0,1,0,59,1,1,Fiber optic,0,0,1,0,1,1,One year,1,Bank transfer (automatic),99.5,5961.1,3.270874425
4795-KTRTH,1,Female,1,1,0,5,1,1,Fiber optic,0,1,0,0,0,0,Month-to-month,1,Electronic check,81,371.65,2.662721893
4795-UXVCJ,0,Male,0,0,0,26,1,0,No,0,0,0,0,0,0,One year,0,Credit card (automatic),19.8,457.3,0.650887574
4795-WRNVT,0,Female,0,0,0,40,1,0,DSL,1,1,0,0,1,0,Month-to-month,0,Mailed check,65.1,2586,2.140039448
4797-AXPXK,1,Female,0,0,1,1,1,0,DSL,1,1,0,1,0,0,Month-to-month,1,Electronic check,60,60,1.972386588
4797-MIWUM,0,Male,0,1,1,7,1,0,No,0,0,0,0,0,0,Month-to-month,1,Bank transfer (automatic),20.25,174.7,0.665680473
4800-CZMPC,1,Female,0,1,1,48,1,1,Fiber optic,1,1,0,0,1,1,One year,1,Credit card (automatic),103.25,5037.55,3.394148586
4800-VHZKI,1,Female,0,0,0,1,1,0,No,0,0,0,0,0,0,Month-to-month,1,Mailed check,19.9,19.9,0.654174885
4801-JZAZL,0,Female,0,1,1,11,0,0,DSL,1,0,0,0,0,0,Month-to-month,1,Electronic check,29.6,346.45,0.97304405
4801-KFYKL,0,Male,0,0,1,8,1,0,No,0,0,0,0,0,0,Month-to-month,0,Bank transfer (automatic),19.45,159.2,0.639381986
4803-AXVYP,1,Female,1,0,0,38,1,1,Fiber optic,0,0,0,1,1,1,Month-to-month,1,Electronic check,99.55,3734.25,3.27251808
4803-LBYPN,0,Male,0,1,1,34,1,0,No,0,0,0,0,0,0,Month-to-month,0,Mailed check,20.8,635.9,0.683760684
4804-NCPET,0,Male,0,1,1,19,1,0,No,0,0,0,0,0,0,Two year,0,Mailed check,20.2,387.4,0.664036818
4806-DXQCE,0,Female,1,1,0,70,1,1,Fiber optic,1,1,1,1,1,1,Two year,1,Electronic check,113.65,7714.65,3.736028928
4806-HIPDW,1,Female,0,1,0,1,1,0,Fiber optic,0,0,0,0,0,0,Month-to-month,1,Electronic check,68.95,68.95,2.26660092
4806-KEXQR,1,Male,0,0,0,4,1,0,Fiber optic,0,0,0,0,0,1,Month-to-month,1,Electronic check,79.9,324.3,2.626561473
4807-IZYOZ,0,Female,0,0,0,51,1,0,No,0,0,0,0,0,0,Two year,0,Bank transfer (automatic),20.65,1020.75,0.678829717
4808-YNLEU,0,Female,0,1,0,35,1,0,DSL,1,0,0,0,1,0,One year,1,Bank transfer (automatic),62.15,2215.45,2.043063774
4811-JBUVU,0,Male,0,0,0,30,1,1,Fiber optic,0,0,0,1,0,1,Month-to-month,1,Credit card (automatic),89.9,2723.15,2.955292571
4813-HQMGZ,0,Female,0,1,0,8,1,1,Fiber optic,0,0,0,1,0,1,Month-to-month,1,Electronic check,90.25,743.75,2.966798159
4815-GBTCD,0,Female,0,1,0,4,0,0,DSL,0,0,0,0,0,0,Month-to-month,1,Electronic check,25.15,99.95,0.826758711
4815-TUMEQ,0,Female,0,0,0,10,1,0,No,0,0,0,0,0,0,One year,1,Mailed check,19.3,185.2,0.634451019
4815-YOSUK,0,Male,0,1,1,72,1,1,Fiber optic,1,1,1,1,0,1,One year,1,Credit card (automatic),104.9,7537.5,3.448389218
4816-JBHOV,1,Male,1,0,0,2,1,0,DSL,0,0,0,0,0,0,Month-to-month,1,Electronic check,44.7,93.7,1.469428008
4816-LXZYW,1,Female,0,0,0,23,1,1,Fiber optic,0,1,0,0,0,0,Month-to-month,1,Electronic check,79.15,1676.95,2.60190664
4816-OKWNX,0,Male,0,1,1,50,1,0,Fiber optic,0,1,1,1,1,1,One year,1,Bank transfer (automatic),103.4,5236.4,3.399079553
4817-KEQSP,0,Female,0,1,1,71,1,0,No,0,0,0,0,0,0,Two year,0,Bank transfer (automatic),19.85,1326.35,0.652531229
4817-QRJSX,1,Female,0,0,0,10,1,1,Fiber optic,0,1,0,0,0,0,Month-to-month,1,Credit card (automatic),81,818.05,2.662721893
4817-VYYWS,1,Female,0,0,0,30,1,1,Fiber optic,0,1,0,0,1,1,Month-to-month,1,Electronic check,100.2,2983.8,3.293885602
4818-DRBQT,1,Male,0,1,0,29,1,1,Fiber optic,0,1,0,0,0,0,Month-to-month,1,Bank transfer (automatic),80.15,2265.25,2.63477975
4818-QIUFN,1,Female,1,0,0,20,1,1,Fiber optic,1,0,0,0,0,0,Month-to-month,1,Electronic check,79.15,1520.9,2.60190664
4819-HJPIW,0,Male,0,0,0,18,0,0,DSL,0,0,0,0,0,0,Month-to-month,0,Mailed check,25.15,476.8,0.826758711
4821-SJHJV,0,Female,0,1,1,32,1,1,Fiber optic,1,0,0,0,1,0,Month-to-month,0,Electronic check,89.6,2901.8,2.945430638
4821-WQOYN,0,Female,0,1,1,72,1,0,No,0,0,0,0,0,0,Two year,1,Credit card (automatic),20.1,1326.25,0.660749507
4822-LPTYJ,0,Male,0,1,0,72,1,1,Fiber optic,0,1,1,0,1,1,Two year,1,Bank transfer (automatic),103.75,7346.2,3.410585141
4822-NGOCH,1,Female,0,0,0,13,1,1,Fiber optic,0,1,1,0,0,0,Month-to-month,1,Electronic check,84.45,1058.6,2.776134122
4822-RVYBB,1,Male,1,0,0,8,1,1,Fiber optic,0,0,1,0,1,1,Month-to-month,1,Electronic check,100.6,819.4,3.307034845
4822-YCXMX,1,Male,0,0,0,25,1,1,Fiber optic,0,0,0,0,0,1,Month-to-month,1,Electronic check,84.8,2043.45,2.787639711
4824-GUCBY,0,Female,1,0,0,22,1,0,Fiber optic,1,1,0,0,0,0,Month-to-month,0,Electronic check,81.7,1820.9,2.68573307
4825-FUREZ,0,Male,0,1,0,42,1,0,No,0,0,0,0,0,0,Two year,0,Electronic check,20.25,835.5,0.665680473
4825-XJGDM,0,Female,0,0,0,61,0,0,DSL,1,1,1,1,0,0,One year,0,Credit card (automatic),43.7,2696.55,1.436554898
4826-DXMUP,0,Male,0,0,1,35,1,0,DSL,0,0,0,1,1,1,One year,1,Mailed check,72.1,2495.15,2.370151216
4826-TZEVA,0,Female,0,0,0,40,1,0,Fiber optic,0,1,0,0,0,0,Month-to-month,0,Credit card (automatic),74.8,2971.7,2.458908613
4826-XTSOH,1,Male,1,1,0,1,1,1,Fiber optic,0,0,0,0,1,0,Month-to-month,1,Electronic check,86.05,86.05,2.828731098
4827-DPADN,0,Female,0,1,1,72,1,1,DSL,1,0,1,1,1,1,Two year,1,Bank transfer (automatic),83.3,6042.7,2.738330046
4827-LTQRJ,0,Female,1,1,1,66,1,1,Fiber optic,1,1,0,1,1,1,One year,1,Credit card (automatic),110.6,7210.85,3.635765943
4827-USJHP,0,Male,0,0,0,20,1,0,DSL,0,1,0,0,0,0,Month-to-month,1,Mailed check,51.8,1023.85,1.702827087
4828-FAZPK,0,Female,0,1,1,16,1,1,Fiber optic,0,1,0,0,0,0,Month-to-month,1,Credit card (automatic),79.95,1267.95,2.628205128
4829-AUOAX,1,Female,0,0,0,46,1,1,Fiber optic,0,0,0,0,1,1,Month-to-month,0,Bank transfer (automatic),96.05,4399.5,3.157462196
4829-ZLJTK,0,Female,1,1,0,72,1,1,Fiber optic,1,1,1,0,1,1,Two year,1,Electronic check,112.4,8046.85,3.694937541
4830-FAXFM,0,Male,0,0,1,19,1,1,No,0,0,0,0,0,0,Month-to-month,1,Credit card (automatic),24.1,439.2,0.792241946
4831-EOBFE,1,Male,0,1,1,29,1,0,Fiber optic,1,0,0,0,1,1,Month-to-month,0,Credit card (automatic),94.65,2649.15,3.111439842
4832-VRBMR,0,Male,1,1,0,65,1,1,Fiber optic,0,1,1,0,1,1,One year,1,Bank transfer (automatic),103.15,6792.45,3.390861275
4833-QTJNO,0,Male,1,1,0,67,1,1,Fiber optic,1,1,0,0,0,0,Month-to-month,0,Bank transfer (automatic),83.85,5588.8,2.756410256
4835-YSJMR,0,Male,0,0,0,39,1,0,DSL,0,0,0,1,0,0,Two year,1,Bank transfer (automatic),49.8,1971.15,1.637080868
4836-WNFNO,0,Female,0,1,0,72,1,1,No,0,0,0,0,0,0,Two year,0,Credit card (automatic),25,1849.2,0.821827745
4837-PZTIC,0,Female,0,0,0,47,0,0,DSL,1,0,1,1,0,0,Two year,0,Mailed check,41.9,1875.25,1.3773833
4837-QUSFT,0,Female,0,1,0,65,1,1,Fiber optic,1,1,0,1,1,0,One year,1,Bank transfer (automatic),100.15,6643.5,3.292241946
4840-ORQXB,0,Female,1,0,0,56,1,1,Fiber optic,0,1,1,0,1,1,Month-to-month,0,Electronic check,104.75,5841.35,3.443458251
4844-JJWUY,1,Female,1,0,0,1,1,0,Fiber optic,0,1,0,0,0,1,Month-to-month,1,Electronic check,86,86,2.827087442
4846-WHAFZ,1,Female,1,1,0,37,1,1,Fiber optic,0,0,0,0,0,0,Month-to-month,1,Electronic check,76.5,2868.15,2.514792899
4847-QNOKA,1,Female,0,0,0,1,1,0,DSL,0,0,0,0,0,0,Month-to-month,1,Bank transfer (automatic),44.9,44.9,1.47600263
4847-TAJYI,0,Female,1,0,0,6,1,0,Fiber optic,0,0,0,0,1,1,Month-to-month,1,Electronic check,89.35,567.8,2.93721236
4849-PYRLQ,0,Female,1,0,0,56,1,1,DSL,1,0,1,1,0,1,Two year,0,Bank transfer (automatic),73.25,4054.2,2.407955293
4851-BQDNX,0,Male,0,1,1,40,1,0,Fiber optic,0,0,1,0,1,0,One year,1,Electronic check,85.05,3355.65,2.795857988
4853-OITSN,0,Male,0,1,0,5,1,1,Fiber optic,1,0,0,0,0,1,Month-to-month,1,Electronic check,89.15,413.25,2.930637738
4853-RULSV,1,Male,0,0,0,70,1,1,Fiber optic,1,0,0,1,1,1,Two year,1,Credit card (automatic),104,7250.15,3.418803419
4854-CIDCF,0,Female,1,0,0,3,1,0,Fiber optic,0,0,1,0,0,0,Month-to-month,0,Electronic check,73.85,196.4,2.427679158
4854-SSLTN,0,Male,0,1,1,2,1,0,DSL,1,1,0,1,0,0,Two year,0,Mailed check,59.5,130.5,1.955950033
4855-SNKMY,1,Female,0,0,0,1,1,0,DSL,0,0,0,0,0,0,Month-to-month,1,Electronic check,44.1,44.1,1.449704142
4859-ZSRDZ,0,Female,0,1,1,58,0,0,DSL,0,0,1,1,1,1,Two year,1,Credit card (automatic),55.5,3166.9,1.824457594
4860-IJUDE,0,Male,0,0,0,13,1,0,Fiber optic,1,0,0,0,0,0,Month-to-month,1,Credit card (automatic),73.75,956.65,2.424391847
4860-YZGZM,0,Male,0,0,0,10,1,0,No,0,0,0,0,0,0,Month-to-month,0,Electronic check,20,185.4,0.657462196
4868-AADLV,0,Male,1,1,1,66,1,1,Fiber optic,1,1,1,1,1,1,One year,1,Electronic check,116.25,7862.25,3.821499014
4869-EPIUS,0,Male,0,1,0,56,1,0,Fiber optic,0,0,0,0,0,1,One year,1,Electronic check,80.9,4557.5,2.659434583
4871-JTKJF,1,Female,1,0,0,1,1,0,Fiber optic,0,0,0,0,0,0,Month-to-month,1,Electronic check,69.65,69.65,2.289612097
4872-JCVCA,0,Female,0,1,0,71,0,0,DSL,1,1,1,1,0,0,Two year,1,Bank transfer (automatic),47.6,3377.8,1.564760026
4872-VXRIL,0,Male,0,0,0,56,1,1,DSL,1,1,0,1,0,0,One year,1,Bank transfer (automatic),64.65,3665.55,2.125246548
4873-ILOLJ,1,Male,0,0,0,24,1,0,Fiber optic,0,0,0,0,1,1,Month-to-month,1,Electronic check,90.35,2238.5,2.97008547
4877-EVATK,1,Male,0,0,0,1,1,0,No,0,0,0,0,0,0,Month-to-month,0,Mailed check,20,20,0.657462196
4877-TSOFF,0,Female,0,1,1,55,1,1,DSL,1,1,0,1,0,1,One year,1,Bank transfer (automatic),75.75,4264.25,2.490138067
4878-BUNFV,0,Male,0,1,1,42,1,0,No,0,0,0,0,0,0,Two year,0,Mailed check,20.7,828.85,0.680473373
4879-GZLFH,0,Female,0,1,1,42,1,0,Fiber optic,0,0,1,0,1,1,Month-to-month,1,Electronic check,92.15,3875.4,3.029257068
4881-GQJTW,0,Male,0,0,0,14,1,0,No,0,0,0,0,0,0,Month-to-month,0,Credit card (automatic),19.6,300.4,0.644312952
4881-JVQOD,0,Male,1,1,1,10,0,0,DSL,0,0,0,0,0,1,Month-to-month,1,Bank transfer (automatic),34.55,362.6,1.135765943
4883-KCPZJ,0,Female,0,1,1,22,1,1,No,0,0,0,0,0,0,Two year,0,Credit card (automatic),25.25,555.4,0.830046022
4883-QICIH,1,Male,0,1,1,32,1,0,Fiber optic,0,0,0,0,0,0,Month-to-month,1,Bank transfer (automatic),69.75,2347.9,2.292899408
4884-LEVMQ,0,Male,0,1,0,39,1,0,No,0,0,0,0,0,0,Two year,1,Bank transfer (automatic),20.45,790,0.672255095
4884-TVUQF,0,Female,1,0,0,57,1,1,Fiber optic,1,0,1,1,0,1,Two year,0,Credit card (automatic),101.3,5779.6,3.330046022
4884-ZTHVF,0,Female,1,0,0,8,1,0,Fiber optic,0,1,0,0,1,0,Month-to-month,1,Electronic check,87.1,713.6,2.863247863
4890-VMUAV,0,Male,0,0,0,63,1,1,DSL,1,1,1,1,0,0,One year,0,Electronic check,71.5,4576.3,2.35042735
4891-NLUBA,0,Female,0,1,1,61,0,0,DSL,0,1,1,1,1,1,Two year,1,Bank transfer (automatic),61.45,3751.15,2.020052597
4892-VLANZ,1,Male,0,0,0,1,1,0,No,0,0,0,0,0,0,Month-to-month,0,Mailed check,19.8,19.8,0.650887574
4893-GYUJU,0,Female,0,0,0,50,1,0,No,0,0,0,0,0,0,One year,1,Mailed check,19.35,1033,0.636094675
4895-TMWIR,1,Male,1,1,0,11,1,0,No,0,0,0,0,0,0,Month-to-month,0,Mailed check,19.95,214.75,0.65581854
4896-CPRPF,0,Male,0,1,1,35,1,1,No,0,0,0,0,0,0,Two year,0,Bank transfer (automatic),25.45,809.25,0.836620644
4897-QSUYC,1,Female,0,0,0,1,1,0,No,0,0,0,0,0,0,Month-to-month,1,Mailed check,20.15,20.15,0.662393162
4900-MSOMT,0,Female,0,1,1,72,1,1,DSL,1,1,1,1,1,0,Two year,0,Bank transfer (automatic),80.2,5714.2,2.636423406
4902-OHLSK,1,Female,1,0,0,29,1,1,Fiber optic,0,0,0,1,1,1,Month-to-month,0,Electronic check,98.65,2862.75,3.242932281
4903-CNOZC,0,Male,0,0,0,29,1,1,DSL,0,1,1,0,0,1,One year,0,Credit card (automatic),70.9,1964.6,2.330703485
4903-UYAVB,1,Male,0,1,0,5,1,0,No,0,0,0,0,0,0,Month-to-month,0,Mailed check,19.35,126.05,0.636094675
4905-JEFDW,1,Male,0,0,0,11,0,0,DSL,0,0,1,0,1,0,One year,1,Electronic check,41.6,470.6,1.367521368
4906-ZHGPK,0,Male,0,1,1,54,1,1,DSL,0,1,0,1,1,0,One year,1,Electronic check,70.7,3770,2.324128863
4908-XAXAY,0,Female,1,0,0,49,1,0,Fiber optic,0,1,1,0,0,1,One year,1,Bank transfer (automatic),89.85,4287.2,2.953648915
4909-JOUPP,0,Male,1,1,0,72,1,1,Fiber optic,0,1,1,1,1,1,Two year,0,Credit card (automatic),109.7,7898.45,3.606180145
4910-AQFFX,1,Male,0,1,1,9,1,1,Fiber optic,0,0,1,0,0,0,Month-to-month,1,Bank transfer (automatic),79.35,661.25,2.608481262
4910-GMJOT,1,Female,0,0,0,1,1,1,Fiber optic,0,0,0,0,1,1,Month-to-month,1,Electronic check,94.6,94.6,3.109796187
4911-BANWH,1,Female,0,0,1,31,1,1,Fiber optic,0,0,0,0,1,0,Month-to-month,1,Credit card (automatic),86.55,2697.4,2.845167653
4912-PIGUY,0,Female,0,0,0,1,1,1,Fiber optic,0,0,0,0,1,0,Month-to-month,1,Electronic check,84.6,84.6,2.781065089
4913-EHYUI,1,Male,1,1,1,56,1,1,Fiber optic,1,0,1,0,1,1,One year,1,Bank transfer (automatic),104.55,5794.65,3.436883629
4915-BFSXL,0,Male,0,1,1,70,1,1,DSL,1,0,1,0,1,0,Two year,0,Credit card (automatic),68.95,4858.7,2.26660092
4918-FYJNT,0,Female,1,1,0,55,1,1,Fiber optic,0,1,1,1,0,0,Month-to-month,0,Electronic check,90.45,5044.8,2.973372781
4918-QLLIW,1,Male,0,0,0,3,1,0,DSL,0,0,0,0,1,0,Month-to-month,0,Credit card (automatic),53.4,188.7,1.755424063
4919-IKATY,1,Male,0,1,1,5,1,1,Fiber optic,1,0,1,0,0,0,Month-to-month,1,Electronic check,84.5,453.75,2.777777778
4919-MOAVT,1,Male,0,0,1,3,1,0,Fiber optic,0,0,0,0,0,0,Month-to-month,0,Electronic check,69.65,220.1,2.289612097
4922-CVPDX,0,Female,0,1,0,26,1,0,DSL,0,1,1,0,1,1,Two year,1,Credit card (automatic),73.5,1905.7,2.41617357
4923-ADWXJ,0,Female,0,0,0,25,1,0,DSL,0,1,0,1,0,1,Month-to-month,1,Bank transfer (automatic),65.8,1679.65,2.163050625
4925-LMHOK,1,Male,0,0,0,15,1,1,DSL,0,1,0,1,0,0,Month-to-month,1,Credit card (automatic),58.6,939.7,1.926364234
4926-UMJZD,0,Female,0,1,0,31,1,0,DSL,0,0,0,1,0,0,Month-to-month,1,Mailed check,49.2,1498.55,1.617357002
4927-WWOOZ,0,Male,0,1,0,2,1,1,Fiber optic,0,0,1,0,1,0,Month-to-month,1,Electronic check,91.45,171.45,3.006245891
4929-BSTRX,1,Female,0,0,0,1,1,0,DSL,0,0,0,0,1,0,Month-to-month,1,Mailed check,53.55,53.55,1.76035503
4929-ROART,0,Male,0,0,0,18,1,1,DSL,1,0,0,0,0,0,Month-to-month,0,Mailed check,56.25,969.85,1.849112426
4929-XIHVW,0,Male,1,1,0,2,1,0,Fiber optic,0,0,1,0,1,1,Month-to-month,1,Credit card (automatic),95.5,181.65,3.139381986
4931-TRZWN,0,Female,0,0,0,13,1,0,DSL,1,0,0,0,1,1,Month-to-month,1,Electronic check,71.95,923.85,2.36522025
4933-BSAIP,0,Female,0,1,0,40,1,0,No,0,0,0,0,0,0,Two year,0,Mailed check,19.1,780.1,0.627876397
4933-IKULF,0,Female,1,0,0,17,1,0,No,0,0,0,0,0,0,One year,0,Mailed check,20.65,330.6,0.678829717
4936-YPJNK,0,Female,0,0,0,10,1,0,No,0,0,0,0,0,0,Month-to-month,1,Mailed check,19.9,199.45,0.654174885
4937-QPZPO,0,Male,0,1,1,61,1,1,Fiber optic,0,0,1,0,1,1,One year,1,Electronic check,99.9,6241.35,3.284023669
4939-KYYPY,0,Male,0,0,0,27,1,1,DSL,0,0,1,1,0,0,Month-to-month,0,Electronic check,59.45,1611.65,1.954306377
4940-KHCWD,0,Female,0,1,0,60,0,0,DSL,1,1,0,1,0,0,Two year,0,Bank transfer (automatic),37.7,2288.7,1.239316239
4942-VZZOM,0,Male,0,1,0,64,1,1,DSL,1,0,0,0,1,0,One year,1,Credit card (automatic),66.15,4392.5,2.174556213
4945-RVMTE,0,Female,0,0,0,28,1,0,DSL,0,0,1,0,1,0,Month-to-month,1,Bank transfer (automatic),59.55,1646.45,1.957593688
4946-EDSEW,1,Female,0,1,1,11,1,0,No,0,0,0,0,0,0,Month-to-month,1,Mailed check,19.25,180.3,0.632807364
4947-DSMXK,0,Male,0,1,1,34,1,1,Fiber optic,0,1,0,0,1,1,Month-to-month,1,Bank transfer (automatic),97.7,3410,3.211702827
4948-WBBKL,0,Female,1,0,0,36,1,1,Fiber optic,0,0,0,0,0,0,Month-to-month,1,Bank transfer (automatic),74.9,2659.45,2.462195924
4950-BDEUX,0,Male,0,0,0,35,0,0,DSL,0,0,1,0,1,1,Month-to-month,0,Electronic check,49.2,1701.65,1.617357002
4950-HKQTE,0,Female,0,0,0,22,1,1,No,0,0,0,0,0,0,Two year,0,Mailed check,26.25,605.9,0.862919132
4951-UKAAQ,1,Female,0,0,0,4,1,1,Fiber optic,0,1,0,0,0,1,Month-to-month,1,Electronic check,88.95,355.2,2.924063116
4952-YSOGZ,1,Female,0,1,1,4,1,1,Fiber optic,0,0,0,0,0,1,Month-to-month,1,Electronic check,85.95,381.3,2.825443787
4955-VCWBI,0,Female,0,1,1,43,1,0,No,0,0,0,0,0,0,One year,0,Mailed check,20,817.95,0.657462196
4957-SREEC,0,Male,0,1,1,70,1,0,No,0,0,0,0,0,0,Two year,0,Credit card (automatic),20.35,1458.1,0.668967784
4957-TIALW,0,Female,0,0,1,15,1,0,DSL,1,1,1,1,0,0,One year,0,Credit card (automatic),65.6,1010,2.156476003
4957-TREIR,0,Male,0,0,0,3,1,0,DSL,1,0,0,1,1,0,Month-to-month,1,Credit card (automatic),64.4,195.65,2.117028271
4958-GZWIY,1,Male,0,1,1,7,1,0,DSL,0,0,1,0,0,0,Month-to-month,0,Electronic check,48.7,340.25,1.600920447
4958-XCBDQ,1,Male,1,0,0,35,1,1,Fiber optic,0,0,1,0,1,1,Month-to-month,1,Electronic check,101.4,3496.3,3.333333333
4959-JOSRX,1,Female,0,1,0,2,1,0,DSL,0,0,0,0,0,0,Month-to-month,1,Credit card (automatic),44.6,80.55,1.466140697
4962-CHQPW,0,Male,0,0,1,29,1,0,No,0,0,0,0,0,0,One year,0,Mailed check,19.85,535.05,0.652531229
4967-WPNCF,0,Male,0,0,0,72,0,0,DSL,1,1,1,1,1,1,Two year,1,Bank transfer (automatic),63.7,4464.8,2.094017094
4971-PUYQO,1,Female,0,0,0,27,1,1,Fiber optic,0,0,0,0,1,1,Month-to-month,1,Mailed check,94.55,2724.6,3.108152531
4973-MGTON,0,Female,0,1,0,71,1,0,DSL,1,1,1,1,1,1,Two year,1,Credit card (automatic),84.4,5969.3,2.774490467
4973-RLZVI,0,Female,0,0,0,30,1,0,DSL,1,1,1,1,1,0,One year,0,Credit card (automatic),74.65,2308.6,2.453977646
4976-LNFVV,0,Male,1,1,0,19,0,0,DSL,0,1,1,0,0,0,Month-to-month,1,Credit card (automatic),34.3,577.15,1.127547666
4979-HPRFL,0,Male,0,1,1,56,1,1,No,0,0,0,0,0,0,Two year,0,Bank transfer (automatic),24.15,1402.25,0.793885602
4980-URKXC,0,Male,0,1,0,36,1,0,No,0,0,0,0,0,0,One year,0,Bank transfer (automatic),20.85,720.05,0.685404339
4981-FLTMF,0,Female,0,1,1,57,1,1,DSL,1,1,0,1,0,0,Month-to-month,0,Bank transfer (automatic),65.2,3687.85,2.143326759
4983-CCWMC,0,Male,0,0,0,3,1,0,Fiber optic,0,0,0,0,0,0,Month-to-month,1,Mailed check,69.6,207.4,2.287968442
4983-CLMLV,0,Female,0,1,0,52,1,1,Fiber optic,0,1,0,1,1,1,Month-to-month,1,Credit card (automatic),102.7,5138.1,3.376068376
4986-MXSFP,0,Female,0,0,0,2,1,0,No,0,0,0,0,0,0,Month-to-month,1,Mailed check,20,40.9,0.657462196
4987-GQWPO,0,Male,0,0,0,17,0,0,DSL,0,0,0,0,0,0,Month-to-month,0,Credit card (automatic),25.1,382.8,0.825115056
4988-IQIGL,1,Male,1,0,0,1,1,1,Fiber optic,0,0,0,0,0,0,Month-to-month,1,Electronic check,75.35,75.35,2.476988823
4989-LIXVT,0,Male,1,0,0,68,1,1,Fiber optic,0,1,1,0,0,1,Month-to-month,1,Electronic check,95.9,6503.2,3.152531229
4990-ALDGW,0,Male,0,0,0,57,1,0,No,0,0,0,0,0,0,Two year,0,Mailed check,20.75,1118.8,0.682117028
4992-LTJNE,0,Male,0,1,1,72,1,1,DSL,1,0,0,0,0,0,Two year,0,Bank transfer (automatic),55.3,3983.6,1.817882972
4993-JCRGJ,0,Male,0,0,0,26,1,1,Fiber optic,0,0,1,1,0,0,Month-to-month,1,Mailed check,84.3,2281.6,2.771203156
4994-OBRSZ,0,Male,0,0,1,14,1,0,DSL,1,1,1,1,0,1,Two year,0,Bank transfer (automatic),76.1,1054.8,2.501643655
4998-IKFSE,0,Female,0,0,0,30,1,1,Fiber optic,0,0,1,0,1,1,Month-to-month,0,Electronic check,100.45,3096.9,3.302103879
4999-IEZLT,0,Male,0,0,0,66,0,0,DSL,0,0,0,1,0,0,One year,0,Credit card (automatic),29.45,1983.15,0.968113083
5002-GCQFH,0,Male,0,1,0,49,1,1,Fiber optic,1,1,0,0,1,0,Month-to-month,1,Bank transfer (automatic),93.85,4733.1,3.085141354
5003-OKNNK,0,Female,0,1,1,15,1,0,No,0,0,0,0,0,0,One year,0,Credit card (automatic),20.35,335.95,0.668967784
5003-XZWWO,0,Male,0,1,0,71,1,1,DSL,0,1,1,1,1,1,Two year,0,Credit card (automatic),84.2,5956.85,2.767915845
5006-MXVRN,0,Female,0,0,0,39,1,0,No,0,0,0,0,0,0,Two year,0,Credit card (automatic),20.7,762.45,0.680473373
5010-IPEAQ,0,Female,0,1,1,67,0,0,DSL,1,1,1,1,1,0,Two year,0,Credit card (automatic),54.2,3623.95,1.781722551
5012-YSPJJ,0,Male,0,1,1,31,1,0,DSL,0,0,1,1,0,0,Month-to-month,0,Mailed check,54.35,1647,1.786653517
5013-SBUIH,1,Female,0,0,0,50,1,1,Fiber optic,1,1,0,1,1,1,Two year,1,Electronic check,109.65,5551.15,3.604536489
5014-GSOUQ,0,Male,0,0,0,13,1,0,No,0,0,0,0,0,0,Two year,0,Mailed check,19.95,243.65,0.65581854
5014-WUQMG,0,Male,0,1,1,47,1,0,Fiber optic,1,1,1,0,0,1,One year,1,Electronic check,96.1,4391.45,3.159105851
5016-ETTFF,1,Male,0,0,0,10,0,0,DSL,0,0,1,0,0,0,Month-to-month,0,Mailed check,29.5,255.25,0.969756739
5016-IBERQ,0,Male,0,1,0,23,1,1,Fiber optic,0,1,1,0,0,0,Month-to-month,0,Electronic check,84.25,1968.1,2.7695595
5016-LIPDW,0,Male,0,1,1,57,1,0,No,0,0,0,0,0,0,One year,0,Mailed check,19.4,1061.6,0.63773833
5018-GWURO,0,Female,0,1,0,56,1,1,Fiber optic,0,0,0,0,1,0,Month-to-month,1,Bank transfer (automatic),85.6,4902.8,2.813938199
5018-HEKFO,0,Female,0,0,0,10,1,1,No,0,0,0,0,0,0,Month-to-month,1,Mailed check,24.5,270.15,0.80539119
5018-LXQQG,0,Female,0,1,1,30,1,0,DSL,1,0,0,1,0,1,Month-to-month,0,Bank transfer (automatic),66.3,1923.5,2.179487179
5019-GQVCR,0,Male,1,0,0,43,1,1,Fiber optic,0,0,0,0,1,0,Month-to-month,1,Electronic check,84.85,3645.6,2.789283366
5020-ZSTTY,1,Female,1,0,0,54,1,1,DSL,1,1,0,1,1,1,One year,0,Bank transfer (automatic),82.45,4350.1,2.710387903
5022-JNQEQ,0,Female,0,1,1,9,1,0,Fiber optic,0,0,0,1,0,0,Month-to-month,1,Electronic check,75.85,647.5,2.493425378
5022-KVDQT,0,Male,0,0,0,27,1,1,Fiber optic,0,0,1,0,0,0,Month-to-month,1,Electronic check,81.3,2272.8,2.672583826
5025-GOOKI,0,Female,0,0,0,20,1,0,No,0,0,0,0,0,0,Month-to-month,1,Credit card (automatic),18.9,347.65,0.621301775
5027-QPKTE,1,Male,0,1,0,7,1,0,Fiber optic,0,0,0,0,0,0,Month-to-month,1,Electronic check,69.35,451.1,2.279750164
5027-XWQHA,1,Male,0,0,0,6,1,0,DSL,0,0,0,0,0,0,Month-to-month,0,Electronic check,44.75,270.95,1.471071663
5027-YOCXN,0,Male,0,1,1,51,1,1,Fiber optic,1,1,0,1,1,1,One year,0,Credit card (automatic),110.05,5686.4,3.617685733
5028-GZLDO,1,Male,0,0,0,2,1,0,Fiber optic,0,0,0,0,0,0,Month-to-month,0,Credit card (automatic),70.7,140.7,2.324128863
5028-HTLJB,1,Male,1,0,0,1,1,0,No,0,0,0,0,0,0,Month-to-month,0,Mailed check,20.05,20.05,0.659105851
5032-MIYKT,0,Female,0,0,0,1,1,0,Fiber optic,0,0,0,0,0,0,Month-to-month,1,Mailed check,70.7,70.7,2.324128863
5032-USPKF,0,Female,0,0,0,38,1,1,DSL,1,1,1,0,1,1,One year,0,Bank transfer (automatic),84.1,3187.65,2.764628534
5035-BVCXS,0,Male,0,0,0,11,1,0,Fiber optic,0,1,0,0,0,0,Month-to-month,1,Mailed check,75.9,866.4,2.495069034
5035-PGZXH,0,Female,0,0,0,56,1,1,Fiber optic,0,1,1,0,1,1,One year,1,Electronic check,106.8,5914.4,3.510848126
5038-ETMLM,0,Female,0,1,0,72,1,1,Fiber optic,1,1,1,1,1,1,Two year,1,Bank transfer (automatic),113.65,8182.75,3.736028928
5039-LZRQT,0,Female,0,0,0,13,1,0,No,0,0,0,0,0,0,One year,0,Mailed check,20.2,273.25,0.664036818
5043-TRZWM,0,Female,0,0,0,1,1,0,Fiber optic,0,0,1,0,0,0,Month-to-month,0,Electronic check,75.55,75.55,2.483563445
5044-LRQAQ,0,Female,0,1,0,7,1,0,Fiber optic,0,0,0,0,0,0,Month-to-month,1,Bank transfer (automatic),69.2,477.55,2.274819198
5044-XDPYX,0,Female,0,1,0,51,1,1,No,0,0,0,0,0,0,Two year,0,Mailed check,25.5,1281.25,0.8382643
5046-NUHWD,0,Female,1,1,0,29,0,0,DSL,1,0,1,0,0,1,Month-to-month,1,Electronic check,45,1228.65,1.479289941
5047-LHVLY,1,Male,1,0,1,1,1,0,DSL,0,0,1,0,0,0,Month-to-month,1,Mailed check,50.15,50.15,1.648586456
5049-GLYVG,1,Male,0,0,0,1,1,0,No,0,0,0,0,0,0,Month-to-month,0,Mailed check,20.6,20.6,0.677186062
5049-MUBWG,0,Male,0,0,0,26,1,0,DSL,1,0,0,1,1,1,One year,0,Bank transfer (automatic),75,1908.35,2.465483235
5052-PNLOS,1,Male,0,0,0,3,1,1,Fiber optic,0,1,1,0,1,1,Month-to-month,1,Bank transfer (automatic),105.35,323.25,3.463182117
5054-IEXZT,1,Male,0,0,1,1,1,0,Fiber optic,0,1,0,0,0,0,Month-to-month,1,Electronic check,75.35,75.35,2.476988823
5055-BRMNE,0,Female,0,1,1,67,1,1,Fiber optic,1,0,0,1,1,1,Two year,0,Credit card (automatic),106.7,7009.5,3.507560815
5055-MGMGF,0,Female,0,1,0,65,1,1,Fiber optic,1,0,1,0,1,1,Month-to-month,1,Electronic check,105.05,6914.95,3.453320184
5056-FIMPT,0,Female,0,0,1,43,1,0,Fiber optic,1,1,0,1,1,1,One year,1,Credit card (automatic),106,4532.3,3.484549638
5057-LCOUI,1,Female,0,0,0,39,0,0,DSL,0,0,1,0,1,1,Month-to-month,1,Electronic check,50.75,2011.4,1.668310322
5057-RKGLH,0,Female,0,1,1,9,1,0,No,0,0,0,0,0,0,Two year,0,Mailed check,20.35,191.1,0.668967784
5060-TQUQN,0,Male,0,1,1,30,1,1,Fiber optic,0,1,0,1,0,0,Month-to-month,1,Bank transfer (automatic),83.55,2570.2,2.746548323
5061-PBXFW,0,Female,0,1,1,32,1,0,DSL,1,1,0,1,0,0,Month-to-month,0,Bank transfer (automatic),61.4,1864.65,2.018408941
5062-CJJKH,0,Male,0,1,1,25,1,0,DSL,0,1,1,0,0,0,One year,0,Mailed check,53.65,1355.45,1.763642341
5063-IUOKK,0,Male,0,0,0,13,1,0,No,0,0,0,0,0,0,Two year,0,Mailed check,19.75,265.75,0.649243918
5066-GFJMM,0,Female,0,1,0,3,1,0,No,0,0,0,0,0,0,Month-to-month,1,Mailed check,19.9,45.75,0.654174885
5067-DGXLL,0,Male,0,0,0,2,1,0,No,0,0,0,0,0,0,Month-to-month,0,Mailed check,20.25,36.8,0.665680473
5067-WJEUN,0,Male,0,1,1,67,1,0,DSL,1,1,0,0,0,0,Two year,1,Bank transfer (automatic),54.2,3838.2,1.781722551
5067-XJQFU,0,Male,1,1,1,66,1,1,Fiber optic,0,1,1,1,1,1,One year,1,Electronic check,108.45,7076.35,3.565088757
5071-FBJFS,0,Female,0,1,1,4,1,0,DSL,1,0,0,0,0,0,Month-to-month,0,Electronic check,50.3,217.1,1.653517423
5073-RZGBK,0,Female,0,1,1,50,1,1,DSL,1,1,1,1,0,1,One year,1,Bank transfer (automatic),80.05,4042.2,2.631492439
5073-WXOYN,1,Female,0,0,0,60,0,0,DSL,0,1,0,0,1,1,Month-to-month,1,Electronic check,50.8,3027.4,1.669953978
5074-FBGHB,0,Male,0,0,0,64,1,1,Fiber optic,0,0,1,1,1,1,One year,1,Credit card (automatic),104.65,6889.8,3.44017094
5075-JSDKI,0,Female,0,0,0,59,1,1,No,0,0,0,0,0,0,Two year,0,Electronic check,24.45,1493.1,0.803747535
5076-YVXCM,0,Male,0,0,0,51,1,1,Fiber optic,0,0,0,0,0,1,Month-to-month,0,Bank transfer (automatic),83.4,4149.45,2.741617357
5077-DXTCG,1,Female,0,0,0,1,1,0,DSL,0,0,0,0,0,0,Month-to-month,1,Electronic check,45.3,45.3,1.489151874
5081-NWSUP,0,Female,0,0,0,10,1,0,DSL,0,1,0,1,0,1,One year,0,Mailed check,64.9,685.55,2.133464826
5084-OOVCJ,0,Female,0,1,1,17,1,0,DSL,1,0,0,1,0,0,Month-to-month,1,Credit card (automatic),55.35,920.5,1.819526627
5087-SUURX,1,Female,0,1,0,18,0,0,DSL,0,0,1,0,1,0,Month-to-month,1,Electronic check,39.05,669.85,1.283694938
5088-QZLRL,0,Male,0,0,0,1,1,0,No,0,0,0,0,0,0,Month-to-month,0,Electronic check,20.65,20.65,0.678829717
5089-IFSDP,1,Female,0,1,0,58,1,1,Fiber optic,1,1,1,0,1,1,Two year,1,Bank transfer (automatic),109.45,6144.55,3.597961867
5090-EMGTC,0,Female,0,1,0,59,1,0,Fiber optic,0,1,0,1,1,1,Two year,1,Mailed check,100.05,6034.85,3.288954635
5091-HFAZW,0,Female,0,0,0,2,1,0,Fiber optic,1,1,0,0,1,0,Month-to-month,1,Electronic check,91.15,168.5,2.996383958
5092-STPKP,0,Female,0,0,0,24,1,0,DSL,1,0,0,1,0,0,Month-to-month,0,Credit card (automatic),56.35,1381.2,1.852399737
5093-FEGLU,0,Female,0,1,0,47,1,0,No,0,0,0,0,0,0,Two year,0,Bank transfer (automatic),19.65,921.55,0.645956607
5095-AESKG,1,Female,0,1,0,3,1,1,Fiber optic,0,1,0,0,0,1,Month-to-month,1,Credit card (automatic),91.5,242.95,3.007889546
5095-ETBRJ,0,Female,0,1,0,55,1,0,DSL,1,1,0,1,0,0,Two year,0,Mailed check,56.8,3112.05,1.867192636
5099-BAILX,1,Male,1,1,1,43,1,1,Fiber optic,0,1,1,1,1,1,Month-to-month,1,Bank transfer (automatic),110.75,4687.9,3.64069691
5103-MHMHY,1,Female,0,0,1,1,1,0,DSL,0,0,0,0,0,0,Month-to-month,0,Mailed check,45.95,45.95,1.510519395
5108-ADXWO,1,Male,0,0,0,11,1,0,Fiber optic,1,0,0,0,0,0,Month-to-month,1,Electronic check,73.5,791.75,2.41617357
5110-CHOPY,0,Female,0,0,0,60,0,0,DSL,1,0,1,0,1,1,Two year,0,Electronic check,53.6,3237.05,1.761998685
5115-GZDEL,0,Male,0,0,1,72,0,0,DSL,1,1,1,1,1,1,Two year,0,Credit card (automatic),67.2,4671.7,2.209072978
5115-SQAAU,0,Female,0,1,1,69,1,1,No,0,0,0,0,0,0,Two year,1,Bank transfer (automatic),25.6,1673.4,0.841551611
5117-IFGPS,0,Male,1,1,0,29,1,1,Fiber optic,0,0,0,0,0,1,Month-to-month,1,Electronic check,84.3,2357.75,2.771203156
5117-ZSMHQ,0,Female,0,1,1,71,1,1,DSL,1,1,1,1,1,1,Two year,0,Bank transfer (automatic),89.9,6342.7,2.955292571
5118-MUEYH,0,Female,0,1,0,48,1,1,Fiber optic,0,1,0,1,1,1,Month-to-month,1,Credit card (automatic),105.1,5083.55,3.45496384
5119-KEPFY,0,Male,0,1,0,36,1,1,Fiber optic,0,0,0,0,1,1,Month-to-month,1,Bank transfer (automatic),95,3440.25,3.122945431
5119-NZPTV,0,Male,1,1,0,2,1,0,Fiber optic,0,0,0,0,0,0,Month-to-month,0,Electronic check,70.1,141.65,2.304404997
5120-ZBLAI,0,Female,0,1,0,50,1,1,DSL,0,0,1,0,1,1,One year,0,Bank transfer (automatic),75.7,3876.2,2.488494412
5122-CYFXA,0,Female,0,0,0,3,1,0,DSL,0,1,0,1,1,1,Month-to-month,1,Electronic check,75.3,244.1,2.475345168
5124-EOGYE,0,Male,0,0,0,31,1,0,No,0,0,0,0,0,0,Two year,0,Mailed check,20.45,638.55,0.672255095
5125-CNDSP,0,Male,0,0,1,63,0,0,DSL,1,1,0,1,0,0,One year,1,Bank transfer (automatic),40.6,2588.95,1.334648258
5126-RCXYW,0,Male,0,1,1,54,0,0,DSL,0,0,1,1,0,1,Two year,0,Credit card (automatic),46,2424.05,1.512163051
5127-BZENZ,0,Female,0,1,1,56,1,1,DSL,1,0,0,0,1,0,One year,0,Bank transfer (automatic),65.2,3512.15,2.143326759
5129-HHMZC,0,Female,0,1,0,43,1,1,DSL,1,1,0,1,1,1,Two year,0,Credit card (automatic),86.45,3574.5,2.841880342
5129-JLPIS,0,Male,0,0,0,25,1,0,Fiber optic,1,0,1,1,1,1,Month-to-month,1,Electronic check,105.5,2686.05,3.468113083
5130-IEKQT,1,Male,1,0,0,25,1,1,Fiber optic,0,1,1,0,1,1,Month-to-month,0,Mailed check,105.95,2655.25,3.482905983
5130-YPIRV,0,Female,0,1,0,62,1,0,DSL,1,1,1,0,1,0,Two year,1,Credit card (automatic),72,4284.2,2.366863905
5131-PONJI,0,Male,0,1,1,49,1,0,Fiber optic,0,1,1,0,1,0,Month-to-month,1,Credit card (automatic),90.4,4494.65,2.971729126
5133-POWUA,0,Male,0,0,0,1,1,0,DSL,0,0,0,0,0,0,Month-to-month,1,Mailed check,45.8,45.8,1.505588429
5133-VRSAB,0,Male,0,0,0,8,0,0,DSL,1,0,0,0,0,0,Month-to-month,0,Mailed check,29.35,216.45,0.964825773
5134-IKDAY,1,Female,0,1,1,1,1,0,Fiber optic,0,0,0,0,0,0,Month-to-month,1,Electronic check,69.8,69.8,2.294543064
5135-GRQJV,0,Male,1,1,0,72,1,1,Fiber optic,1,1,1,1,1,1,Two year,1,Mailed check,114.5,8331.95,3.763971072
5135-RDDQL,0,Female,0,1,1,63,1,0,DSL,1,0,0,0,0,0,Two year,1,Bank transfer (automatic),50.65,3221.25,1.665023011
5136-GFPMB,0,Male,0,0,0,54,1,1,Fiber optic,0,0,1,0,0,1,Month-to-month,0,Credit card (automatic),89.4,4869.5,2.938856016
5136-KCKGI,1,Female,0,1,1,33,1,1,Fiber optic,1,0,1,0,1,1,One year,1,Mailed check,103.7,3467,3.408941486
5136-RGMZO,0,Male,0,0,0,31,1,1,DSL,0,1,0,1,1,0,Month-to-month,1,Electronic check,71.05,2168.15,2.335634451
5138-WVKYJ,1,Male,0,0,0,10,1,1,Fiber optic,1,0,0,0,1,1,Month-to-month,0,Electronic check,98.55,1008.55,3.23964497
5140-FOMCQ,0,Female,0,1,0,59,1,1,Fiber optic,1,1,1,0,1,1,One year,1,Credit card (automatic),109.15,6557.75,3.588099934
5141-ZUVBH,0,Female,0,0,1,9,1,0,Fiber optic,1,0,1,1,0,1,Month-to-month,0,Bank transfer (automatic),93,870.25,3.057199211
5143-EGQFK,1,Female,1,0,0,10,0,0,DSL,0,0,0,1,0,0,Month-to-month,1,Electronic check,29.65,291.4,0.974687705
5143-WMWOG,1,Male,0,0,0,1,1,0,No,0,0,0,0,0,0,Month-to-month,0,Electronic check,19.95,19.95,0.65581854
5144-PQCDZ,0,Male,0,0,0,4,1,0,No,0,0,0,0,0,0,Month-to-month,1,Mailed check,19.95,59.25,0.65581854
5144-TVGLP,0,Male,1,0,0,38,1,1,Fiber optic,0,0,0,0,1,1,Month-to-month,0,Electronic check,94.75,3653,3.114727153
5146-CBVOE,0,Female,0,0,0,16,1,0,Fiber optic,0,1,0,0,0,0,Month-to-month,0,Bank transfer (automatic),75.1,1212.85,2.468770546
5146-YYFRZ,0,Male,0,0,0,67,1,0,No,0,0,0,0,0,0,Two year,0,Bank transfer (automatic),19.95,1311.75,0.65581854
5148-HKFIR,0,Female,0,0,0,20,1,0,No,0,0,0,0,0,0,Two year,0,Mailed check,19.7,406.95,0.647600263
5148-ORICT,0,Female,0,1,0,64,1,0,DSL,1,1,1,1,0,1,Two year,1,Mailed check,74.35,4759.55,2.444115713
5149-CUZUJ,0,Male,0,1,1,28,1,0,Fiber optic,0,1,1,1,1,0,One year,0,Bank transfer (automatic),92.9,2768.35,3.0539119
5149-QYTTU,0,Female,0,1,1,71,1,1,Fiber optic,1,1,1,1,0,0,One year,1,Credit card (automatic),95.15,6770.85,3.127876397
5149-TGWDZ,0,Female,0,0,0,21,1,0,Fiber optic,0,1,1,1,1,1,One year,1,Mailed check,104.55,2239.4,3.436883629
5150-ITWWB,0,Male,1,0,0,3,1,1,Fiber optic,0,0,0,0,1,1,Month-to-month,1,Electronic check,94.85,335.75,3.118014464
5150-LJNSR,0,Male,0,1,1,31,1,1,Fiber optic,1,0,1,0,1,0,One year,0,Bank transfer (automatic),98.05,3082.1,3.223208416
5151-HQRDG,0,Male,0,1,0,37,1,1,DSL,1,0,0,0,0,0,Month-to-month,1,Mailed check,55.05,2030.75,1.809664694
5153-LXKDT,0,Male,0,1,1,68,1,1,Fiber optic,1,1,1,0,1,1,Two year,1,Electronic check,110.2,7467.5,3.6226167
5153-RTHKF,0,Female,0,0,0,34,1,1,Fiber optic,0,0,0,0,1,0,Month-to-month,0,Electronic check,85.35,2896.6,2.805719921
5154-VEKBL,1,Female,0,0,0,9,0,0,DSL,1,0,1,1,1,1,Month-to-month,0,Mailed check,58.5,539.85,1.923076923
5155-AZQPB,0,Female,0,1,1,28,1,1,DSL,0,0,0,0,0,0,Month-to-month,0,Mailed check,49.9,1410.25,1.640368179
5156-UMKOW,0,Female,0,0,1,3,0,0,DSL,0,1,0,0,0,0,Month-to-month,0,Mailed check,29.65,90.05,0.974687705
5158-RIVOP,0,Female,0,1,1,11,1,0,No,0,0,0,0,0,0,Two year,0,Credit card (automatic),20.9,202.3,0.687047995
5159-YFPKQ,1,Female,0,0,0,2,1,0,Fiber optic,0,0,1,0,0,0,Month-to-month,1,Electronic check,75.8,160.75,2.491781723
5160-UXJED,0,Male,0,0,1,17,1,0,DSL,0,0,0,0,0,0,One year,0,Mailed check,44.6,681.4,1.466140697
5161-UBZXI,0,Male,0,1,1,69,1,0,Fiber optic,1,1,0,1,1,1,Two year,1,Credit card (automatic),106.35,7261.75,3.496055227
5161-XEUVX,0,Male,0,1,0,37,1,1,Fiber optic,0,0,1,1,1,0,Two year,0,Mailed check,94.3,3460.95,3.099934254
5167-GBFRE,1,Male,1,0,0,4,0,0,DSL,0,0,0,0,0,0,Month-to-month,1,Bank transfer (automatic),25.2,102.5,0.828402367
5167-ZFFMM,1,Male,0,0,0,1,1,1,Fiber optic,0,1,0,0,0,1,Month-to-month,1,Credit card (automatic),90.85,90.85,2.986522025
5168-MQQCA,0,Female,0,1,0,72,1,1,Fiber optic,0,1,1,1,1,1,One year,1,Bank transfer (automatic),108.5,8003.8,3.566732413
5168-MSWXT,0,Male,0,1,1,8,1,0,Fiber optic,0,0,1,0,1,1,Month-to-month,1,Electronic check,94.75,759.55,3.114727153
5170-PTRKA,0,Female,0,1,1,49,0,0,DSL,1,0,0,1,0,0,One year,1,Credit card (automatic),35.8,1782,1.176857331
5171-EPLKN,0,Male,0,0,0,27,1,0,No,0,0,0,0,0,0,Two year,0,Credit card (automatic),19.85,470,0.652531229
5172-MIGPM,0,Male,0,0,0,4,1,1,DSL,0,0,0,1,0,1,Month-to-month,0,Mailed check,65.55,237.2,2.154832347
5172-RKOCB,0,Male,0,1,0,72,1,1,Fiber optic,1,1,0,1,1,1,Two year,1,Credit card (automatic),108.95,7875,3.581525312
5173-WXOQV,0,Male,0,1,0,2,1,0,DSL,0,1,0,1,0,1,Month-to-month,1,Mailed check,64.2,143.65,2.110453649
5173-ZXXXL,0,Male,0,0,0,2,1,0,No,0,0,0,0,0,0,One year,0,Mailed check,19.95,47.7,0.65581854
5174-ITUMV,0,Male,0,1,1,67,1,1,Fiber optic,0,1,1,0,1,1,One year,1,Electronic check,105.4,6989.45,3.464825773
5174-RNGBH,1,Female,0,0,0,9,1,0,DSL,0,1,0,1,1,0,Month-to-month,0,Mailed check,66.25,620.55,2.177843524
5175-AOBHI,1,Female,0,0,0,4,1,0,DSL,0,0,0,0,0,0,Month-to-month,1,Mailed check,46,193.6,1.512163051
5175-WLYXL,0,Male,0,0,0,22,1,1,Fiber optic,0,1,0,0,0,0,Month-to-month,1,Mailed check,78.85,1600.25,2.592044707
5176-LDKUH,0,Female,0,0,0,48,1,0,Fiber optic,0,1,0,0,0,0,One year,0,Electronic check,75.15,3772.65,2.470414201
5176-LMJXE,0,Female,0,0,0,47,1,0,No,0,0,0,0,0,0,Two year,1,Mailed check,20.55,945.7,0.675542406
5176-OLSKT,0,Female,0,1,0,66,1,1,DSL,1,1,1,0,0,0,Two year,0,Bank transfer (automatic),66.9,4370.25,2.199211045
5177-RVZNU,0,Female,0,0,1,37,1,0,No,0,0,0,0,0,0,One year,0,Bank transfer (automatic),20.3,755.4,0.667324129
5178-LMXOP,1,Male,1,1,0,1,1,1,Fiber optic,0,0,0,0,1,1,Month-to-month,1,Electronic check,95.1,95.1,3.126232742
5180-UCIIQ,1,Male,1,1,1,22,0,0,DSL,1,0,0,0,0,1,Month-to-month,0,Mailed check,40.05,880.2,1.316568047
5181-OABFK,0,Female,0,1,1,56,1,0,DSL,1,1,1,0,0,0,Two year,1,Credit card (automatic),61.3,3346.8,2.015121631
5183-KLYEM,0,Female,0,0,0,72,1,1,Fiber optic,1,1,1,1,1,1,Two year,1,Credit card (automatic),112.75,8192.6,3.70644313
5183-SNMJQ,0,Male,0,0,0,10,1,0,Fiber optic,0,0,0,1,1,1,Month-to-month,1,Credit card (automatic),95.1,865.1,3.126232742
5186-EJEGL,0,Male,0,0,0,9,1,0,DSL,1,0,1,1,1,0,Month-to-month,1,Mailed check,69.5,653.25,2.284681131
5186-PEIZU,0,Female,0,0,0,35,1,0,No,0,0,0,0,0,0,Month-to-month,0,Bank transfer (automatic),19.25,617.65,0.632807364
5186-SAMNZ,1,Male,1,0,0,1,1,0,Fiber optic,0,0,0,0,0,0,Month-to-month,1,Bank transfer (automatic),69.5,69.5,2.284681131
5188-HGMLP,0,Male,1,1,0,54,1,1,Fiber optic,0,0,0,0,0,0,Month-to-month,0,Bank transfer (automatic),74,3919.15,2.432610125
5192-EBGOV,1,Female,1,0,0,1,1,1,Fiber optic,0,0,0,0,1,0,Month-to-month,1,Electronic check,85.7,85.7,2.81722551
5193-QLVZB,0,Male,0,0,0,63,1,1,Fiber optic,0,1,1,0,1,1,Two year,1,Bank transfer (automatic),104.75,6536.5,3.443458251
5195-KPUNQ,0,Female,1,0,0,53,1,0,Fiber optic,1,1,0,1,0,1,One year,1,Mailed check,96.75,5206.55,3.180473373
5196-SGOAK,1,Female,0,0,0,1,1,0,Fiber optic,0,1,0,0,0,0,Month-to-month,1,Electronic check,75.7,75.7,2.488494412
5196-WPYOW,0,Male,0,1,1,67,1,0,DSL,1,1,0,1,0,0,One year,0,Mailed check,60.05,3994.05,1.974030243
5197-LQXXH,0,Female,0,1,0,71,1,1,DSL,0,1,1,1,1,1,Two year,1,Credit card (automatic),83.3,5894.5,2.738330046
5197-PYEPU,0,Female,0,1,1,42,1,1,Fiber optic,1,1,0,0,1,0,One year,1,Credit card (automatic),94.45,3923.8,3.10486522
5197-YPYBZ,0,Female,0,1,1,12,1,1,No,0,0,0,0,0,0,Two year,0,Credit card (automatic),25.25,274.7,0.830046022
5198-EFNBM,0,Male,1,1,0,57,1,0,Fiber optic,0,1,1,0,1,0,One year,1,Electronic check,90.65,5199.8,2.979947403
5198-HQAEN,0,Male,0,1,1,35,1,0,Fiber optic,0,1,0,1,1,0,One year,1,Electronic check,89.7,3165.6,2.948717949
5199-FPUSP,0,Male,0,0,1,33,0,0,DSL,1,0,0,1,0,0,One year,0,Credit card (automatic),34.05,1113.95,1.119329389
5201-CBWYG,0,Male,0,1,1,62,1,1,No,0,0,0,0,0,0,One year,0,Bank transfer (automatic),24.8,1476.25,0.815253123
5201-FRKKS,0,Male,0,0,0,25,1,0,Fiber optic,1,0,0,0,0,0,Month-to-month,0,Bank transfer (automatic),74.3,1952.25,2.442472058
5201-USSQZ,0,Female,0,1,0,26,1,0,Fiber optic,0,0,0,1,0,1,Month-to-month,0,Credit card (automatic),85.9,2196.45,2.823800131
5202-IVJNU,1,Female,0,0,1,39,0,0,DSL,0,0,1,0,0,0,Month-to-month,0,Credit card (automatic),30.1,1131.3,0.989480605
5203-XEHAX,0,Female,0,0,0,34,1,0,DSL,1,1,0,0,0,1,One year,0,Electronic check,64.35,2053.05,2.115384615
5204-HMGYF,0,Female,0,1,1,49,1,0,DSL,1,1,1,1,1,1,One year,1,Mailed check,87.2,4345,2.866535174
5204-QZXPU,1,Male,0,0,0,19,0,0,DSL,0,0,1,0,1,0,Month-to-month,1,Electronic check,39.65,733.35,1.303418803
5206-HPJKM,0,Male,0,0,0,17,1,0,DSL,1,1,0,0,0,0,Month-to-month,1,Credit card (automatic),55.5,934.15,1.824457594
5206-XZZQI,0,Male,0,0,0,53,1,0,Fiber optic,0,1,0,1,0,0,Month-to-month,1,Mailed check,80.6,4348.1,2.64957265
5207-PLSTK,0,Male,0,1,1,1,1,0,DSL,1,0,0,0,0,0,Month-to-month,1,Mailed check,48.75,48.75,1.602564103
5208-FVQKB,0,Male,0,1,0,70,1,0,DSL,1,1,0,1,0,1,Two year,0,Mailed check,67.95,4664.15,2.233727811
5208-HFSBT,1,Female,0,0,0,2,1,0,DSL,0,1,0,1,0,0,Month-to-month,1,Credit card (automatic),55.05,102.75,1.809664694
5213-TWWJU,0,Male,0,0,0,28,1,0,Fiber optic,0,0,1,1,0,1,Month-to-month,0,Electronic check,91,2626.15,2.991452991
5214-CHIWJ,0,Male,0,0,0,27,1,0,No,0,0,0,0,0,0,One year,0,Mailed check,20.3,595.05,0.667324129
5214-NLTIT,0,Male,0,1,1,72,1,1,Fiber optic,0,0,1,0,0,1,Two year,1,Credit card (automatic),90.8,6511.8,2.984878369
5215-LNLDJ,0,Female,0,1,1,7,0,0,DSL,0,0,0,0,0,0,Month-to-month,1,Electronic check,24.7,149.05,0.811965812
5216-WASFJ,0,Female,1,1,0,31,1,1,Fiber optic,0,0,0,0,0,1,Month-to-month,1,Electronic check,84.85,2633.4,2.789283366
5219-YIPTK,1,Female,0,1,0,33,1,1,Fiber optic,0,1,1,0,1,1,Month-to-month,1,Electronic check,104.4,3409.6,3.431952663
5220-AGAAX,0,Male,0,1,1,68,1,1,No,0,0,0,0,0,0,Two year,1,Bank transfer (automatic),24,1664.3,0.788954635
5222-IMUKT,0,Male,0,0,0,32,1,0,Fiber optic,0,0,0,0,1,1,Month-to-month,0,Electronic check,91.05,2871.5,2.993096647
5222-JCXZT,0,Male,0,0,0,4,1,0,No,0,0,0,0,0,0,Month-to-month,0,Mailed check,19,78.9,0.624589086
5223-UZAVK,0,Male,0,0,0,64,1,0,Fiber optic,1,1,0,0,1,1,One year,1,Credit card (automatic),100.3,6603.8,3.297172913
5226-NOZFC,0,Male,0,0,0,26,1,0,Fiber optic,0,1,0,0,1,0,Month-to-month,1,Electronic check,85.75,2146.5,2.818869165
5227-JSCFE,0,Male,1,1,0,71,0,0,DSL,1,1,1,1,0,0,Two year,0,Credit card (automatic),46.35,3353.4,1.523668639
5228-EXCET,1,Male,0,0,0,13,1,0,Fiber optic,0,0,0,0,0,1,Month-to-month,1,Electronic check,80.85,1008.7,2.657790927
5229-DTFYB,0,Female,0,0,0,41,1,0,Fiber optic,0,1,0,1,1,1,Two year,1,Bank transfer (automatic),98.8,3959.15,3.247863248
5229-PRWKT,1,Male,0,0,0,8,1,1,Fiber optic,0,0,0,0,0,1,Month-to-month,1,Electronic check,86.55,649.65,2.845167653
5231-FIQPA,0,Female,0,0,0,41,1,0,No,0,0,0,0,0,0,Two year,1,Mailed check,19.85,810.45,0.652531229
5232-NXPAY,0,Female,0,0,0,47,1,0,DSL,0,0,1,1,1,1,Two year,0,Mailed check,74.45,3510.3,2.447403024
5233-AOZUF,0,Female,0,1,0,29,1,1,Fiber optic,0,0,0,0,0,0,Month-to-month,1,Electronic check,74.95,2149.05,2.463839579
5233-GEEAX,1,Male,1,0,0,8,0,0,DSL,0,0,1,0,0,0,Month-to-month,1,Electronic check,29.4,221.9,0.966469428
5236-PERKL,1,Female,0,0,0,57,1,1,Fiber optic,1,1,1,0,1,1,Two year,1,Bank transfer (automatic),112.95,6465,3.713017751
5236-XMZJY,0,Female,0,0,0,42,1,0,DSL,1,1,1,0,0,0,Month-to-month,0,Bank transfer (automatic),59.65,2536.55,1.960880999
5240-CAOYT,0,Female,0,0,0,57,1,1,Fiber optic,1,1,0,1,0,0,Month-to-month,1,Bank transfer (automatic),87.55,4884.85,2.878040763
5240-IJOQT,1,Male,1,0,0,1,1,1,Fiber optic,0,0,0,0,0,0,Month-to-month,1,Electronic check,74.7,74.7,2.455621302
5242-UOWHD,0,Male,0,1,1,45,1,0,No,0,0,0,0,0,0,Two year,0,Mailed check,20.35,929.2,0.668967784
5243-SAOTC,0,Male,0,0,0,54,1,1,Fiber optic,0,1,0,0,0,0,Month-to-month,1,Bank transfer (automatic),79.85,4308.25,2.624917817
5244-IRFIH,1,Male,1,1,0,33,1,1,Fiber optic,0,0,0,0,1,1,Month-to-month,1,Electronic check,94.5,3105.55,3.106508876
5245-VDBUR,0,Female,0,1,0,52,0,0,DSL,1,0,1,0,0,0,One year,0,Mailed check,35.45,1958.95,1.165351742
5248-KWLAR,0,Male,0,1,1,71,1,1,DSL,1,1,1,1,1,1,Two year,0,Electronic check,90.35,6325.25,2.97008547
5248-RPYWW,0,Female,1,1,1,72,1,1,DSL,1,1,1,1,1,1,Two year,1,Bank transfer (automatic),90.15,6716.45,2.963510848
5248-YGIJN,0,Male,0,1,0,72,1,1,DSL,1,1,1,1,1,1,Two year,1,Credit card (automatic),90.25,6369.45,2.966798159
5249-QYHEX,0,Female,0,1,1,40,1,1,No,0,0,0,0,0,0,Two year,1,Mailed check,24.8,1024.7,0.815253123
5256-SKJGO,0,Female,0,1,1,64,0,0,DSL,0,1,0,1,1,1,Two year,1,Electronic check,54.6,3423.5,1.794871795
5260-UMPWX,0,Female,0,1,1,26,1,0,No,0,0,0,0,0,0,Month-to-month,1,Credit card (automatic),20.25,493.95,0.665680473
5261-QSHQM,1,Female,0,0,0,4,0,0,DSL,0,0,0,0,0,0,Month-to-month,1,Electronic check,24.45,86.6,0.803747535
5266-PFRQK,0,Male,0,1,1,52,1,0,No,0,0,0,0,0,0,One year,1,Credit card (automatic),20.85,1071.6,0.685404339
5268-DSMNQ,0,Female,1,1,0,62,1,1,Fiber optic,0,1,1,0,1,0,One year,1,Credit card (automatic),97.95,5936.55,3.219921105
5269-NRGDP,0,Male,0,1,1,42,1,0,DSL,0,0,1,1,1,1,One year,0,Electronic check,73.15,3088.25,2.404667982
5271-DBYSJ,0,Male,1,0,0,11,1,0,Fiber optic,0,0,0,0,0,1,Month-to-month,1,Credit card (automatic),79.15,827.7,2.60190664
5271-YNWVR,1,Male,0,1,1,68,1,1,Fiber optic,1,1,1,1,1,1,Two year,1,Electronic check,113.15,7856,3.719592373
5274-XHAKY,0,Female,0,1,1,41,1,1,Fiber optic,1,1,0,0,1,0,Month-to-month,1,Bank transfer (automatic),94.3,3893.6,3.099934254
5275-PMFUT,0,Male,0,1,1,72,0,0,DSL,1,1,1,1,1,1,Two year,1,Credit card (automatic),64.8,4719.75,2.130177515
5275-SQEIZ,1,Male,0,0,0,1,1,0,Fiber optic,0,0,0,0,0,1,Month-to-month,1,Mailed check,80.85,80.85,2.657790927
5276-KQWHG,1,Female,1,0,0,2,1,0,Fiber optic,0,0,0,0,0,0,Month-to-month,1,Electronic check,69.6,131.65,2.287968442
5277-ZLOOR,1,Female,1,0,0,2,1,1,Fiber optic,0,0,0,0,1,0,Month-to-month,1,Electronic check,85.55,187.45,2.812294543
5278-PNYOX,0,Female,0,0,0,49,1,0,Fiber optic,0,0,1,1,1,1,Two year,0,Credit card (automatic),100.65,4917.75,3.308678501
5281-BUZGT,1,Male,1,0,0,36,1,1,Fiber optic,1,0,0,0,1,0,Month-to-month,1,Electronic check,90.85,3186.7,2.986522025
5285-MVEHD,0,Female,0,1,0,56,1,0,Fiber optic,1,1,1,0,1,1,One year,1,Credit card (automatic),105.6,6068.65,3.471400394
5286-YHCVC,0,Male,0,1,0,72,1,1,Fiber optic,0,1,1,0,1,1,Two year,1,Bank transfer (automatic),104.8,7470.1,3.445101907
5287-QWLKY,1,Male,1,1,1,71,1,1,Fiber optic,1,1,0,0,1,1,Month-to-month,1,Credit card (automatic),105.1,7548.1,3.45496384
5288-AHOUP,0,Male,1,0,0,11,1,0,Fiber optic,0,0,0,0,0,1,Month-to-month,1,Electronic check,78.5,874.2,2.580539119
5293-WXJAK,1,Female,1,1,0,11,1,1,Fiber optic,0,0,1,1,1,1,Month-to-month,1,Bank transfer (automatic),104.05,1133.65,3.420447074
5294-CDGWY,1,Male,0,1,1,51,0,0,DSL,1,1,1,0,1,1,One year,0,Electronic check,59.3,3014.65,1.949375411
5294-DMSFH,0,Female,0,1,1,29,1,0,Fiber optic,0,0,0,0,1,1,Month-to-month,1,Credit card (automatic),87.8,2621.75,2.88625904
5294-IMHHT,0,Male,0,1,0,53,1,1,Fiber optic,0,1,0,1,0,1,One year,0,Bank transfer (automatic),97.75,5043.2,3.213346483
5295-PCJOO,1,Male,0,0,1,4,1,0,DSL,1,0,0,0,0,0,Month-to-month,1,Electronic check,49.4,184.4,1.623931624
5296-BFCYD,0,Male,0,1,1,46,1,0,No,0,0,0,0,0,0,Two year,1,Mailed check,20.1,936.85,0.660749507
5296-PSYVW,0,Female,0,1,0,72,1,1,No,0,0,0,0,0,0,Two year,0,Electronic check,24.55,1750.7,0.807034845
5297-MDOIR,0,Female,0,1,0,63,1,0,Fiber optic,1,0,1,0,0,0,One year,1,Credit card (automatic),81.15,5224.5,2.66765286
5298-GSTLM,0,Female,1,0,0,60,1,1,Fiber optic,1,0,0,0,1,1,One year,1,Bank transfer (automatic),101.4,6176.6,3.333333333
5299-RULOA,1,Female,0,1,1,10,1,1,Fiber optic,1,0,0,0,1,1,Month-to-month,1,Electronic check,100.25,1064.65,3.295529257
5299-SJCZT,1,Male,0,0,0,3,1,1,Fiber optic,0,0,1,0,1,1,Month-to-month,1,Bank transfer (automatic),101.55,298.35,3.3382643
5301-GAUUY,1,Male,0,0,0,32,1,1,Fiber optic,0,1,0,0,0,0,Month-to-month,1,Bank transfer (automatic),80.35,2596.15,2.641354372
5302-BDJNT,0,Male,0,0,0,35,1,1,Fiber optic,0,0,1,1,1,0,Month-to-month,0,Electronic check,95.5,3418.2,3.139381986
5304-EFJLP,0,Male,1,1,0,72,1,1,Fiber optic,0,1,1,1,1,1,Two year,1,Bank transfer (automatic),111.65,8022.85,3.670282709
5306-BVTKJ,0,Male,0,1,1,48,1,0,DSL,0,1,1,0,0,0,One year,1,Credit card (automatic),55.8,2651.2,1.834319527
5307-DZCVC,1,Female,1,1,0,32,1,1,Fiber optic,0,0,0,0,1,0,Month-to-month,1,Credit card (automatic),85.95,2628.6,2.825443787
5307-UVGNB,0,Female,0,1,1,53,0,0,DSL,1,1,1,0,0,1,Month-to-month,1,Bank transfer (automatic),48.7,2495.2,1.600920447
5309-TAIKL,0,Female,0,0,0,7,1,0,DSL,0,0,1,1,0,1,Month-to-month,0,Bank transfer (automatic),62.8,418.3,2.064431295
5310-NOOVA,0,Male,0,0,0,46,1,0,No,0,0,0,0,0,0,Two year,0,Electronic check,19.95,907.05,0.65581854
5311-IHLEI,0,Male,0,0,0,12,0,0,DSL,1,1,0,1,1,0,Month-to-month,1,Bank transfer (automatic),50.95,605.75,1.674884944
5312-IRCFR,0,Female,0,1,1,64,1,1,Fiber optic,0,1,1,0,0,1,One year,1,Electronic check,92.85,5980.75,3.052268245
5312-TSZVC,0,Female,0,0,1,15,1,0,No,0,0,0,0,0,0,One year,0,Mailed check,19.65,270.6,0.645956607
5312-UXESG,0,Female,0,0,0,41,1,1,Fiber optic,0,0,1,0,1,1,Month-to-month,0,Bank transfer (automatic),98.05,3990.6,3.223208416
5313-FPXWG,0,Male,0,0,0,51,1,1,No,0,0,0,0,0,0,One year,1,Bank transfer (automatic),24.6,1266.4,0.808678501
5315-CKEQK,0,Male,1,1,1,28,1,1,DSL,0,0,0,0,0,0,One year,1,Electronic check,51,1381.8,1.6765286
5317-FLPJF,0,Female,0,0,0,66,0,0,DSL,1,0,1,1,1,1,Two year,1,Bank transfer (automatic),61.35,4193.4,2.016765286
5318-IXUZF,1,Female,0,0,0,2,1,0,Fiber optic,0,1,0,0,1,0,Month-to-month,1,Bank transfer (automatic),87.15,183.75,2.864891519
5318-YKDPV,0,Male,0,1,1,43,1,0,DSL,1,0,1,1,1,1,Two year,1,Credit card (automatic),79.15,3566.6,2.60190664
5320-BRKGK,0,Female,0,1,1,58,1,1,DSL,1,0,1,1,1,0,Two year,0,Mailed check,75.8,4415.75,2.491781723
5321-NTRKC,0,Male,0,1,1,66,1,1,DSL,0,1,1,0,1,1,Two year,0,Bank transfer (automatic),79.85,5234.95,2.624917817
5322-TEUJK,0,Female,0,1,1,71,1,1,Fiber optic,1,1,1,1,1,1,Two year,0,Bank transfer (automatic),114.6,8100.25,3.767258383
5322-ZSMZY,0,Male,0,1,1,31,1,1,No,0,0,0,0,0,0,Two year,0,Mailed check,25.75,755.6,0.846482577
5324-KTGCG,0,Male,0,1,0,71,1,0,No,0,0,0,0,0,0,One year,0,Electronic check,20.85,1539.75,0.685404339
5325-UWTWJ,0,Male,0,1,0,31,1,1,Fiber optic,1,1,0,1,0,0,Month-to-month,1,Credit card (automatic),90.55,2929.75,2.976660092
5327-CNLUQ,0,Male,0,1,0,48,1,1,Fiber optic,1,1,1,0,1,0,Two year,1,Bank transfer (automatic),96.9,4473.45,3.185404339
5327-XOKKY,0,Male,1,1,0,72,1,1,DSL,0,0,1,0,1,1,Two year,1,Credit card (automatic),73.45,5329,2.414529915
5329-KRDTM,0,Male,1,1,0,72,1,1,DSL,0,1,1,1,1,0,Two year,0,Credit card (automatic),77.35,5396.25,2.542735043
5331-RGMTT,0,Male,1,1,0,54,1,1,Fiber optic,0,0,1,0,1,1,Month-to-month,1,Credit card (automatic),99.05,5295.7,3.256081525
5334-AFQJB,0,Male,1,0,0,72,1,1,No,0,0,0,0,0,0,Two year,1,Credit card (automatic),25.1,1789.9,0.825115056
5334-JLAXU,0,Female,0,1,0,60,1,1,Fiber optic,1,1,0,0,0,1,Month-to-month,1,Credit card (automatic),94.1,5475.9,3.093359632
5336-UFNZP,0,Female,1,1,1,65,1,1,Fiber optic,0,1,1,0,1,1,One year,1,Electronic check,107.45,7047.5,3.532215648
5337-IIWKZ,0,Male,0,1,1,34,0,0,DSL,0,0,1,1,1,0,Month-to-month,1,Electronic check,44.85,1442.6,1.474358974
5338-YHWYT,0,Male,0,0,1,37,1,0,DSL,1,1,0,1,0,0,Two year,0,Credit card (automatic),61.45,2302.35,2.020052597
5339-PXDVH,0,Male,0,0,0,4,1,1,Fiber optic,1,0,0,0,1,0,Month-to-month,0,Electronic check,90.65,367.95,2.979947403
5339-TJFEK,0,Male,0,1,1,62,1,1,Fiber optic,1,1,0,0,1,1,Month-to-month,1,Electronic check,105.5,6487.2,3.468113083
5343-SGUBI,0,Female,0,0,0,52,1,1,Fiber optic,0,1,0,0,0,0,One year,1,Mailed check,80.2,4297.6,2.636423406
5345-BMKWB,0,Male,0,1,0,8,1,0,No,0,0,0,0,0,0,Month-to-month,0,Mailed check,20.25,158.35,0.665680473
5346-BZCHP,0,Female,0,1,1,69,1,0,No,0,0,0,0,0,0,Two year,0,Mailed check,19.4,1346.2,0.63773833
5348-CAGXB,0,Male,0,0,0,12,1,1,Fiber optic,0,0,1,0,1,0,Month-to-month,1,Electronic check,89.55,1021.75,2.943786982
5349-AZPEW,0,Female,0,1,1,5,0,0,DSL,0,0,0,0,0,0,Month-to-month,0,Mailed check,25.05,125.5,0.8234714
5349-IECLD,1,Male,0,0,0,2,1,0,Fiber optic,0,0,1,0,1,1,Month-to-month,0,Electronic check,94.95,178.1,3.121301775
5351-QESIO,0,Male,0,0,1,1,0,0,DSL,0,0,0,0,0,0,Month-to-month,0,Mailed check,24.2,24.2,0.795529257
5353-WILCI,0,Female,0,0,0,28,1,0,DSL,1,1,0,0,0,0,Month-to-month,0,Electronic check,56.05,1522.65,1.842537804
5356-CSVSQ,0,Female,0,0,0,3,1,1,DSL,0,0,0,1,1,0,Month-to-month,0,Electronic check,64.6,174.2,2.123602893
5356-KZCKT,0,Male,0,0,0,58,1,1,No,0,0,0,0,0,0,Two year,1,Credit card (automatic),24.45,1513.6,0.803747535
5356-RHIPP,1,Male,0,0,0,1,1,0,No,0,0,0,0,0,0,Month-to-month,1,Mailed check,20.2,20.2,0.664036818
5357-TZHPP,1,Male,1,0,0,9,1,1,Fiber optic,0,0,0,0,0,1,Month-to-month,1,Credit card (automatic),84.4,732.5,2.774490467
5360-LJCNJ,0,Female,0,1,0,71,1,1,Fiber optic,0,1,1,0,1,1,Two year,1,Bank transfer (automatic),105.15,7555,3.456607495
5360-XGYAZ,0,Male,0,1,1,72,0,0,DSL,1,1,1,1,1,1,Two year,1,Bank transfer (automatic),65.65,4664.5,2.158119658
5364-EVNIB,1,Male,0,0,0,13,1,0,Fiber optic,0,1,1,0,0,0,Month-to-month,1,Electronic check,79.8,973.45,2.623274162
5364-XYIRR,1,Male,0,1,0,51,1,1,Fiber optic,0,0,0,0,1,1,Month-to-month,1,Electronic check,94.65,4812.75,3.111439842
5365-LLFYV,0,Female,0,0,0,2,1,0,DSL,0,0,0,0,0,0,Month-to-month,1,Mailed check,45.85,105.6,1.507232084
5366-IJEQJ,1,Male,0,0,0,20,1,1,Fiber optic,0,0,1,0,1,0,Month-to-month,1,Electronic check,88.7,1761.45,2.915844839
5366-OBVMR,0,Female,0,1,0,18,1,0,DSL,0,0,0,1,0,0,Month-to-month,1,Mailed check,50.3,908.75,1.653517423
5370-IIVVL,0,Male,0,0,0,37,1,1,Fiber optic,0,1,0,1,1,1,One year,1,Credit card (automatic),104.5,3778,3.435239974
5371-VYLSX,0,Female,1,0,0,50,1,1,Fiber optic,1,1,0,0,0,0,Month-to-month,1,Electronic check,83.4,4113.7,2.741617357
5372-FBKBN,0,Female,0,0,1,21,1,0,No,0,0,0,0,0,0,Month-to-month,0,Mailed check,20.75,452.2,0.682117028
5373-SFODM,1,Male,1,1,0,36,1,1,Fiber optic,0,0,0,0,0,1,Month-to-month,1,Credit card (automatic),85.25,3132.75,2.80243261
5375-XLDOF,0,Male,0,1,1,69,1,1,Fiber optic,1,1,1,1,1,1,Two year,1,Bank transfer (automatic),114.35,7665.8,3.759040105
5376-DEQCP,1,Female,0,0,0,1,1,0,Fiber optic,0,0,0,0,0,0,Month-to-month,1,Electronic check,70.6,70.6,2.320841552
5376-PCKNB,0,Male,0,1,1,72,1,1,Fiber optic,0,1,1,0,1,1,One year,1,Credit card (automatic),104.45,7459,3.433596318
5377-NDTOU,0,Female,0,1,1,71,1,1,DSL,1,1,1,1,1,1,Two year,0,Mailed check,91.05,6293.75,2.993096647
5378-IKEEG,1,Female,0,0,0,1,0,0,DSL,0,0,0,0,1,0,Month-to-month,1,Electronic check,35.75,35.75,1.175213675
5380-AFSSK,1,Female,0,0,0,5,1,1,Fiber optic,0,0,0,0,1,1,Month-to-month,1,Mailed check,93.9,486.85,3.08678501
5380-WJKOV,1,Male,0,0,0,34,1,1,Fiber optic,0,1,1,0,1,1,Month-to-month,1,Electronic check,106.35,3549.25,3.496055227
5380-XPJNZ,0,Female,0,0,0,38,1,0,No,0,0,0,0,0,0,One year,0,Mailed check,20.05,678.2,0.659105851
5382-SOYZL,0,Male,0,0,0,22,1,1,Fiber optic,0,0,0,0,1,1,Month-to-month,1,Electronic check,95.1,2162.6,3.126232742
5382-TEMLV,0,Male,0,0,0,45,1,0,DSL,1,0,0,0,0,0,Month-to-month,1,Bank transfer (automatic),50.9,2298.55,1.673241289
5383-MMTWC,1,Female,1,1,0,8,1,1,Fiber optic,0,0,0,0,0,1,Month-to-month,1,Electronic check,84,613.4,2.761341223
5384-ZTTWP,0,Female,0,1,1,15,1,0,No,0,0,0,0,0,0,Month-to-month,0,Mailed check,19.8,272.95,0.650887574
5385-SUIRI,1,Male,1,1,0,52,1,1,Fiber optic,1,0,1,0,1,1,Month-to-month,1,Electronic check,104.2,5568.35,3.425378041
5386-THSLQ,0,Female,1,1,0,66,0,0,DSL,0,1,1,0,1,0,One year,0,Bank transfer (automatic),45.55,3027.25,1.497370151
5387-ASZNZ,0,Female,1,0,0,66,1,1,DSL,1,1,0,1,0,0,One year,1,Credit card (automatic),63.85,4174.35,2.09894806
5389-FFVKB,1,Male,1,1,0,32,1,0,Fiber optic,0,0,0,0,0,1,Month-to-month,1,Credit card (automatic),80.3,2483.05,2.639710717
5392-AKEMH,0,Female,0,0,0,12,1,0,DSL,0,0,0,0,0,0,Month-to-month,1,Electronic check,45.05,523.1,1.480933596
5393-HJZSM,0,Female,0,1,1,32,1,0,DSL,1,1,1,1,0,1,Month-to-month,0,Bank transfer (automatic),76.3,2404.15,2.508218277
5393-RXQSZ,1,Male,0,0,0,1,1,0,Fiber optic,0,0,0,0,0,1,Month-to-month,0,Electronic check,79.6,79.6,2.61669954
5394-MEITZ,0,Female,0,1,1,60,1,0,DSL,0,1,1,1,1,1,Two year,1,Bank transfer (automatic),80.6,4946.7,2.64957265
5394-SVGJV,1,Male,0,0,0,37,1,1,Fiber optic,0,0,0,1,1,1,Month-to-month,0,Bank transfer (automatic),98.8,3475.55,3.247863248
5396-IZEPB,0,Male,0,0,0,9,1,0,No,0,0,0,0,0,0,Month-to-month,0,Credit card (automatic),19.7,180.7,0.647600263
5397-NSKQG,0,Male,0,1,1,67,0,0,DSL,1,0,0,0,1,1,Two year,0,Credit card (automatic),50.9,3281.65,1.673241289
5397-TUPSH,0,Male,1,1,0,65,1,0,Fiber optic,0,0,0,0,0,0,One year,1,Bank transfer (automatic),70.95,4555.2,2.33234714
5399-ZIMKF,0,Male,0,0,0,5,1,0,Fiber optic,0,1,0,0,0,0,Month-to-month,1,Electronic check,74.65,383.65,2.453977646
5402-HTOTQ,0,Male,0,0,0,16,1,1,DSL,0,1,0,0,0,0,Month-to-month,0,Electronic check,55.3,875.35,1.817882972
5404-GGUKR,0,Male,0,0,0,5,1,0,DSL,0,1,0,0,0,0,Month-to-month,1,Electronic check,51.35,262.3,1.688034188
5405-ZMYXQ,0,Female,0,0,0,8,1,1,Fiber optic,0,0,0,0,0,0,Month-to-month,1,Credit card (automatic),74.6,548.9,2.452333991
5406-KGRMX,0,Female,0,0,0,71,1,1,No,0,0,0,0,0,0,Two year,0,Electronic check,24.55,1719.15,0.807034845
5414-OFQCB,0,Male,0,0,0,57,1,1,Fiber optic,0,0,0,1,1,0,Two year,1,Credit card (automatic),90.45,5229.8,2.973372781
5419-CONWX,1,Female,1,0,0,4,1,0,Fiber optic,0,1,1,0,1,1,Month-to-month,1,Credit card (automatic),99.8,442.85,3.280736358
5419-JKZNQ,0,Male,1,1,0,30,1,1,Fiber optic,0,0,0,0,0,0,Month-to-month,0,Mailed check,77.9,2351.45,2.560815253
5419-JPRRN,1,Male,0,0,0,1,1,1,Fiber optic,0,0,1,0,1,1,Month-to-month,1,Electronic check,101.45,101.45,3.334976989
5419-KLXBN,1,Female,0,1,1,25,1,0,Fiber optic,0,1,1,0,1,0,Month-to-month,1,Bank transfer (automatic),89.15,2257.75,2.930637738
5423-BHIXO,0,Female,0,0,0,32,1,1,DSL,0,1,0,0,0,0,Month-to-month,1,Electronic check,54.2,1739.6,1.781722551
5424-RLQLC,0,Male,0,0,0,10,1,0,DSL,0,1,0,0,1,0,Month-to-month,1,Mailed check,59.65,638.95,1.960880999
5429-LWCMV,0,Female,0,0,0,12,1,1,Fiber optic,0,1,0,0,0,1,Month-to-month,1,Electronic check,89.15,1057.55,2.930637738
5433-KYGHE,0,Female,0,0,1,14,1,1,Fiber optic,1,0,0,1,0,0,Month-to-month,1,Mailed check,86,1164.05,2.827087442
5438-QMDDL,0,Female,0,1,0,19,1,0,DSL,0,1,0,0,0,1,Month-to-month,1,Mailed check,59.8,1130.85,1.965811966
5439-WIKXB,0,Male,1,1,0,41,1,0,Fiber optic,0,1,0,0,1,1,Month-to-month,1,Electronic check,94.55,3851.45,3.108152531
5440-FLBQG,1,Male,1,1,0,69,1,1,Fiber optic,0,1,1,1,1,1,Two year,1,Bank transfer (automatic),108.4,7318.2,3.563445102
5440-VHLUL,0,Male,0,0,0,69,1,1,Fiber optic,0,1,0,1,1,1,One year,1,Bank transfer (automatic),105.2,7386.05,3.458251151
5442-BHQNG,0,Female,0,0,0,2,1,0,Fiber optic,0,0,0,0,0,0,Month-to-month,0,Electronic check,70.35,139.25,2.312623274
5442-BXVND,0,Female,0,1,1,33,1,1,No,0,0,0,0,0,0,Month-to-month,0,Bank transfer (automatic),24.25,838.5,0.797172913
5442-PPTJY,0,Male,0,1,1,12,1,0,No,0,0,0,0,0,0,Two year,0,Mailed check,19.7,258.35,0.647600263
5442-UTCVD,1,Male,0,0,1,3,1,1,Fiber optic,0,0,1,0,0,1,Month-to-month,0,Electronic check,91.85,257.05,3.019395135
5442-XSDCW,1,Male,0,1,1,11,1,0,Fiber optic,0,0,0,0,1,0,Month-to-month,1,Bank transfer (automatic),79.5,868.5,2.613412229
5443-SCMKX,0,Female,0,1,0,58,1,1,Fiber optic,0,1,1,0,0,1,One year,1,Electronic check,94.3,5610.15,3.099934254
5445-GLVOT,0,Female,0,0,0,22,1,0,DSL,1,0,0,0,0,0,Month-to-month,1,Electronic check,49.8,1049.05,1.637080868
5445-PZWGX,1,Male,0,0,0,62,1,1,Fiber optic,1,1,0,1,0,1,One year,0,Electronic check,102,6529.25,3.353057199
5445-UTODQ,1,Female,0,1,0,7,1,0,Fiber optic,0,0,0,0,1,0,Month-to-month,1,Electronic check,81.1,576.65,2.666009204
5446-DKWYW,0,Female,1,1,1,61,1,1,DSL,0,0,1,0,1,0,One year,1,Electronic check,65.2,3965.05,2.143326759
5447-VYTKW,0,Male,0,0,0,27,1,0,DSL,1,0,0,1,0,0,Month-to-month,0,Mailed check,53.45,1461.45,1.757067719
5447-WZAFP,0,Female,0,0,0,53,1,0,Fiber optic,0,1,1,0,1,1,One year,1,Mailed check,100.3,5200.8,3.297172913
5448-VWNAM,0,Female,0,0,1,19,1,1,DSL,1,1,0,1,1,0,Month-to-month,1,Mailed check,75.9,1375.6,2.495069034
5449-FIBXJ,1,Male,0,1,1,19,1,1,Fiber optic,0,0,1,1,1,1,Month-to-month,0,Electronic check,103.3,2012.7,3.395792242
5451-MHQOF,0,Male,0,1,1,56,1,1,No,0,0,0,0,0,0,One year,1,Mailed check,24.45,1431.65,0.803747535
5451-YHYPW,0,Female,1,1,0,72,1,1,Fiber optic,1,1,1,1,1,1,Two year,1,Credit card (automatic),115.75,8443.7,3.805062459
5453-AXEPF,0,Male,0,1,0,17,1,1,Fiber optic,0,1,0,0,0,0,Month-to-month,1,Bank transfer (automatic),80.5,1336.9,2.646285339
5453-YBTWV,0,Male,0,1,1,70,1,0,Fiber optic,1,1,1,1,1,0,Two year,1,Credit card (automatic),101.1,6994.8,3.3234714
5456-ITGIC,0,Male,1,1,0,72,0,0,DSL,1,1,1,1,1,1,Two year,1,Credit card (automatic),64.45,4641.1,2.118671926
5457-COLHT,0,Male,0,1,1,69,1,0,DSL,1,1,0,1,1,1,Two year,0,Bank transfer (automatic),80.65,5542.55,2.651216305
5458-CQJTA,1,Male,0,1,1,65,1,0,DSL,1,0,0,1,1,1,Two year,1,Bank transfer (automatic),74.8,4820.15,2.458908613
5461-QKNTN,0,Male,1,1,0,43,1,1,Fiber optic,0,1,0,1,1,0,Month-to-month,1,Electronic check,94.3,3953.15,3.099934254
5465-BUBFA,0,Female,0,1,1,41,1,0,No,0,0,0,0,0,0,Two year,0,Bank transfer (automatic),19.3,772.4,0.634451019
5468-BPMMO,0,Male,0,1,0,46,1,0,No,0,0,0,0,0,0,Month-to-month,0,Electronic check,19.6,851.2,0.644312952
5469-CTCWN,1,Male,0,1,1,61,1,1,Fiber optic,1,1,0,0,1,1,One year,1,Electronic check,106,6547.7,3.484549638
5469-NUJUR,0,Male,0,0,0,19,1,0,No,0,0,0,0,0,0,Two year,1,Mailed check,19.95,373.5,0.65581854
5472-CVMDX,0,Female,0,0,0,68,0,0,DSL,1,0,1,1,0,0,Two year,0,Mailed check,38.9,2719.2,1.278763971
5473-KHBPS,0,Female,0,1,1,52,1,1,Fiber optic,0,1,1,0,1,0,One year,1,Credit card (automatic),95.7,4976.15,3.145956607
5474-LAMUQ,0,Male,0,1,0,24,1,0,No,0,0,0,0,0,0,One year,0,Mailed check,20.1,533.9,0.660749507
5478-JJVZK,0,Female,0,0,0,33,1,1,DSL,1,1,0,0,0,0,Month-to-month,1,Mailed check,60.9,2033.85,2.001972387
5480-HPRRX,1,Female,1,0,0,3,0,0,DSL,0,0,0,0,0,0,Month-to-month,0,Electronic check,25.3,77.75,0.831689678
5480-TBGPH,1,Female,0,1,0,24,1,0,Fiber optic,0,1,1,0,1,1,Month-to-month,1,Credit card (automatic),99.3,2431.35,3.264299803
5480-XTFFL,0,Female,0,1,1,31,1,0,No,0,0,0,0,0,0,Two year,0,Mailed check,21,697.7,0.690335306
5481-NTDOH,0,Female,1,1,0,67,1,1,Fiber optic,1,0,1,0,1,1,One year,1,Credit card (automatic),107.05,7142.5,3.519066404
5482-NUPNA,1,Female,0,0,0,4,1,0,DSL,1,1,0,1,0,0,Month-to-month,1,Mailed check,60.4,272.15,1.985535832
5482-PLVPE,1,Female,1,0,0,2,0,0,DSL,0,0,0,0,0,0,Month-to-month,0,Electronic check,24.35,41.85,0.800460224
5482-VXSXJ,0,Male,0,0,0,22,1,0,Fiber optic,0,1,0,0,1,1,Month-to-month,1,Mailed check,93.2,2157.3,3.063773833
5485-ITNPC,0,Male,0,1,0,66,1,0,DSL,1,1,1,1,1,1,Two year,1,Bank transfer (automatic),85.9,5595.3,2.823800131
5485-WUYWF,1,Male,1,0,0,2,1,0,DSL,1,0,1,0,1,0,Month-to-month,0,Bank transfer (automatic),66.4,94.55,2.18277449
5493-SDRDQ,1,Male,0,0,0,2,1,0,DSL,1,0,1,0,0,0,Month-to-month,1,Mailed check,55.1,113.35,1.81130835
5494-HECPR,1,Female,0,0,0,1,1,0,Fiber optic,0,0,0,0,1,0,Month-to-month,1,Electronic check,80.25,80.25,2.638067061
5494-WOZRZ,0,Female,0,1,1,71,1,0,DSL,1,0,1,1,1,1,Two year,1,Credit card (automatic),82,5999.85,2.695595003
5495-GPSRW,0,Male,0,0,0,20,1,0,No,0,0,0,0,0,0,Two year,1,Mailed check,19.7,419.4,0.647600263
5498-IBWPI,0,Female,0,1,1,66,1,0,DSL,0,0,0,1,0,0,One year,1,Credit card (automatic),49.4,3251.85,1.623931624
5498-TXHLF,1,Female,0,1,1,34,1,1,Fiber optic,0,0,1,0,1,0,Month-to-month,0,Electronic check,87.45,2874.15,2.874753452
5499-ECUTN,0,Female,0,1,0,47,1,0,DSL,1,0,1,0,1,0,One year,1,Credit card (automatic),66.05,3021.45,2.171268902
5501-TVMGM,0,Male,0,0,0,1,1,0,DSL,0,0,0,0,0,1,Month-to-month,1,Electronic check,55.25,55.25,1.816239316
5502-RLUYV,1,Female,0,1,1,69,1,1,Fiber optic,0,1,1,0,1,1,Month-to-month,1,Electronic check,103.95,7446.9,3.417159763
5504-WSIUR,0,Female,0,0,0,70,1,1,Fiber optic,0,1,1,1,0,0,One year,1,Bank transfer (automatic),90.25,6385.95,2.966798159
5505-OVWQW,0,Female,0,0,0,17,1,0,No,0,0,0,0,0,0,One year,0,Mailed check,20.15,353.65,0.662393162
5510-BOIUJ,1,Male,0,0,1,1,1,0,No,0,0,0,0,0,0,Month-to-month,0,Mailed check,19.25,19.25,0.632807364
5512-IDZEI,0,Male,0,1,1,46,1,1,No,0,0,0,0,0,0,One year,0,Electronic check,24.9,1174.8,0.818540434
5514-YQENT,0,Male,0,0,1,41,1,0,Fiber optic,1,1,1,1,1,1,Two year,1,Electronic check,111.15,4507.15,3.653846154
5515-AKOAJ,1,Female,0,0,0,54,1,1,Fiber optic,0,0,0,1,1,1,Month-to-month,1,Electronic check,100.1,5440.9,3.290598291
5515-IDEJJ,1,Male,0,1,1,1,1,0,No,0,0,0,0,0,0,Month-to-month,0,Mailed check,19.9,19.9,0.654174885
5515-RUGKN,0,Male,0,0,0,8,1,0,DSL,0,0,0,0,0,1,Month-to-month,1,Credit card (automatic),54.75,438.05,1.799802761
5519-NPHVG,1,Female,0,0,0,12,1,1,Fiber optic,0,0,0,0,1,1,Month-to-month,1,Electronic check,94.2,1046.1,3.096646943
5519-TEEUH,0,Male,0,0,1,33,1,0,No,0,0,0,0,0,0,One year,1,Mailed check,20.15,682.15,0.662393162
5519-YLDGW,1,Female,0,1,0,21,1,1,Fiber optic,1,0,1,0,1,1,Month-to-month,1,Electronic check,103.9,2254.2,3.415516108
5520-FVEWJ,1,Female,0,1,1,12,1,1,Fiber optic,0,1,1,0,0,0,Month-to-month,1,Electronic check,84.5,916.9,2.777777778
5522-JBWMO,0,Male,0,0,1,1,1,0,DSL,0,0,0,0,0,0,Month-to-month,0,Electronic check,44,44,1.446416831
5522-NYKPB,0,Male,0,1,1,25,1,0,Fiber optic,0,0,0,1,1,0,Month-to-month,0,Electronic check,85.9,2199.05,2.823800131
5524-KHNJP,0,Male,0,1,1,33,1,0,DSL,1,0,1,0,1,1,One year,0,Credit card (automatic),74.75,2453.3,2.457264957
5527-ACHSO,0,Female,0,0,0,11,1,0,DSL,0,0,0,1,1,1,Month-to-month,0,Mailed check,70.5,829.3,2.317554241
5529-GIBVH,0,Female,0,0,0,47,1,0,No,0,0,0,0,0,0,Two year,0,Mailed check,20.15,1046.2,0.662393162
5533-NHFRF,0,Male,1,0,0,7,0,0,DSL,0,1,0,1,0,1,Month-to-month,1,Electronic check,44.4,265.8,1.459566075
5533-RJFTJ,0,Male,0,0,0,49,0,0,DSL,0,0,1,0,0,0,Month-to-month,1,Bank transfer (automatic),30.2,1453.1,0.992767916
5536-RTPWK,1,Male,0,1,0,49,1,1,Fiber optic,0,1,0,0,1,1,Month-to-month,1,Bank transfer (automatic),99.05,4853.75,3.256081525
5536-SLHPM,1,Female,0,1,0,55,1,1,Fiber optic,0,0,1,0,0,0,Month-to-month,1,Electronic check,77.75,4458.15,2.555884287
5537-UXXVS,0,Female,0,1,0,20,1,0,No,0,0,0,0,0,0,Month-to-month,0,Bank transfer (automatic),19.25,375.25,0.632807364
5539-HIVAK,0,Female,1,1,0,28,1,1,No,0,0,0,0,0,0,Month-to-month,0,Mailed check,25.7,734.6,0.844838922
5539-TMZLF,1,Male,1,0,0,1,1,0,Fiber optic,0,0,0,0,0,0,Month-to-month,1,Electronic check,69.75,69.75,2.292899408
5542-DHSXL,0,Female,0,1,0,4,1,0,DSL,1,1,0,0,0,0,Month-to-month,0,Mailed check,54.7,235.05,1.798159106
5542-NKVRU,0,Female,0,0,0,42,1,0,No,0,0,0,0,0,0,Two year,1,Bank transfer (automatic),20.75,844.45,0.682117028
5542-TBBWB,0,Male,0,0,0,1,1,0,Fiber optic,0,0,0,0,0,0,Month-to-month,1,Electronic check,69.9,69.9,2.297830375
5543-QDCRY,0,Male,0,0,0,4,1,0,DSL,0,0,0,0,1,0,Month-to-month,1,Electronic check,56.4,234.85,1.854043393
5546-BYZSM,0,Female,0,0,0,41,1,0,No,0,0,0,0,0,0,Month-to-month,0,Electronic check,20.45,775.6,0.672255095
5546-QUERU,0,Male,0,0,0,13,1,0,No,0,0,0,0,0,0,One year,1,Mailed check,19.95,257,0.65581854
5549-ZGHFB,0,Male,0,1,1,50,1,1,No,0,0,0,0,0,0,Two year,0,Mailed check,24.95,1261.45,0.820184089
5550-VFRLC,1,Female,1,0,0,1,1,0,Fiber optic,0,0,0,0,0,0,Month-to-month,1,Electronic check,69.85,69.85,2.296186719
5552-ZNFSJ,1,Male,0,0,0,1,1,0,DSL,0,0,0,0,0,0,Month-to-month,0,Electronic check,45.3,45.3,1.489151874
5553-AOINX,0,Female,1,1,1,66,1,1,Fiber optic,0,1,1,0,1,1,One year,1,Electronic check,104.9,6891.45,3.448389218
5555-RNPGT,0,Male,0,0,1,10,1,1,No,0,0,0,0,0,0,Month-to-month,0,Credit card (automatic),24.8,223.9,0.815253123
5561-NWEVX,1,Female,1,1,0,2,1,1,Fiber optic,0,0,1,0,0,0,Month-to-month,0,Electronic check,79.2,172.85,2.603550296
5562-BETPV,0,Male,0,1,1,1,1,0,No,0,0,0,0,0,0,One year,0,Mailed check,19.65,19.65,0.645956607
5562-YJQGT,0,Female,0,0,0,2,1,0,No,0,0,0,0,0,0,Month-to-month,0,Credit card (automatic),20.35,35.1,0.668967784
5564-NEMQO,1,Female,1,0,0,1,1,0,Fiber optic,0,0,1,0,0,0,Month-to-month,1,Bank transfer (automatic),75.3,75.3,2.475345168
5565-FILXA,1,Female,1,0,0,16,1,1,Fiber optic,0,0,0,0,1,1,Month-to-month,1,Electronic check,96.15,1529.2,3.160749507
5566-SOEZD,0,Male,0,1,1,27,1,0,Fiber optic,1,1,0,0,0,0,One year,1,Credit card (automatic),80.65,2209.75,2.651216305
5567-GZKQY,0,Male,0,0,0,58,1,0,No,0,0,0,0,0,0,Two year,0,Credit card (automatic),20.3,1131.5,0.667324129
5567-WSELE,1,Male,1,1,0,3,1,1,Fiber optic,0,0,0,0,1,1,Month-to-month,1,Electronic check,94.6,279.55,3.109796187
5568-DMXZS,0,Female,0,0,0,8,1,0,DSL,0,1,0,1,1,0,Month-to-month,1,Electronic check,65.45,554.45,2.151545036
5569-IDSEY,0,Male,0,1,0,71,1,1,Fiber optic,0,1,1,0,1,1,One year,1,Bank transfer (automatic),105.7,7472.15,3.474687705
5569-KGJHX,1,Female,0,1,1,9,1,1,Fiber optic,0,0,0,0,1,0,Month-to-month,1,Bank transfer (automatic),85.35,754.65,2.805719921
5569-OUICF,1,Female,1,1,0,28,1,1,Fiber optic,0,0,0,1,1,1,Month-to-month,1,Credit card (automatic),101.3,2812.2,3.330046022
5570-PTWEH,1,Female,0,1,0,3,1,1,Fiber optic,0,0,0,0,0,0,Month-to-month,1,Credit card (automatic),75.15,216.75,2.470414201
5572-ZDXHY,1,Female,0,0,0,22,1,0,Fiber optic,0,1,0,0,0,1,Month-to-month,1,Mailed check,84.3,1855.65,2.771203156
5574-NXZIU,0,Male,0,0,0,63,1,0,Fiber optic,1,1,1,1,1,1,Two year,0,Credit card (automatic),109.2,7049.75,3.58974359
5575-GNVDE,0,Male,0,0,0,34,1,0,DSL,1,0,1,0,0,0,One year,0,Mailed check,56.95,1889.5,1.872123603
5575-TPIZQ,0,Male,0,0,0,46,1,1,Fiber optic,1,0,0,0,1,0,Month-to-month,1,Credit card (automatic),89.15,4245.55,2.930637738
5577-OTWWW,1,Female,0,0,0,15,1,0,No,0,0,0,0,0,0,Month-to-month,0,Bank transfer (automatic),19.75,297.3,0.649243918
5578-NKCXI,0,Female,0,1,1,58,1,0,Fiber optic,1,1,0,0,1,1,One year,0,Credit card (automatic),99.25,5846.65,3.262656147
5583-EJXRD,0,Male,0,1,1,44,0,0,DSL,1,1,1,1,0,1,Two year,1,Credit card (automatic),54.05,2375.2,1.776791584
5583-SXDAG,1,Male,0,1,0,1,1,0,Fiber optic,0,0,0,0,0,0,Month-to-month,0,Electronic check,70,70,2.301117686
5590-BYNII,1,Male,0,0,0,22,1,1,Fiber optic,1,0,0,0,1,1,Month-to-month,1,Electronic check,100.75,2095,3.311965812
5590-YRFJT,1,Female,0,1,0,20,0,0,DSL,0,0,0,0,0,0,Month-to-month,1,Electronic check,24.45,482.8,0.803747535
5590-ZSKRV,0,Female,0,1,1,8,1,0,DSL,1,1,0,0,0,0,Month-to-month,0,Mailed check,54.65,482.25,1.79651545
5593-SUAOO,0,Female,0,1,1,24,1,1,Fiber optic,0,1,1,0,0,0,One year,0,Bank transfer (automatic),83.15,2033.05,2.73339908
5597-GLBUC,1,Female,0,0,0,1,1,0,Fiber optic,0,0,1,0,1,0,Month-to-month,1,Electronic check,85.45,85.45,2.809007232
5598-IKHQQ,0,Female,0,0,0,72,1,1,No,0,0,0,0,0,0,Two year,0,Credit card (automatic),25.45,1866.45,0.836620644
5599-HVLTW,0,Female,1,0,0,14,1,1,Fiber optic,0,0,1,0,0,0,Month-to-month,1,Bank transfer (automatic),80.35,1058.1,2.641354372
5600-KTXFM,0,Male,0,1,1,2,1,0,Fiber optic,0,0,0,0,0,0,Month-to-month,0,Mailed check,69.95,143.9,2.29947403
5600-PDUJF,0,Male,0,0,0,6,1,0,DSL,0,0,0,1,0,0,Month-to-month,1,Credit card (automatic),49.5,312.7,1.627218935
5602-BVFMK,0,Female,0,0,0,12,1,0,No,0,0,0,0,0,0,One year,0,Mailed check,19.3,228.75,0.634451019
5605-IYGFG,0,Female,0,0,0,7,1,0,Fiber optic,0,0,0,0,0,0,Month-to-month,1,Bank transfer (automatic),69.85,515.45,2.296186719
5605-XNWEN,0,Male,1,1,0,72,1,1,No,0,0,0,0,0,0,Two year,1,Bank transfer (automatic),25,1802.55,0.821827745
5606-AMZBO,0,Female,0,1,0,10,1,1,Fiber optic,1,0,0,0,0,0,Month-to-month,1,Credit card (automatic),78.15,765.15,2.569033531
5609-CEBID,1,Female,1,0,0,20,1,1,Fiber optic,0,1,1,0,0,1,Month-to-month,1,Electronic check,94.1,1782.4,3.093359632
5609-IMCGG,0,Female,0,0,0,15,1,1,Fiber optic,1,0,1,0,0,0,Month-to-month,1,Credit card (automatic),84.35,1302.65,2.772846811
5614-DNZCE,0,Female,0,0,0,58,1,0,DSL,1,1,1,1,0,0,Two year,1,Credit card (automatic),64.9,3795.45,2.133464826
5616-PRTNT,1,Male,0,0,1,20,1,0,No,0,0,0,0,0,0,Month-to-month,1,Electronic check,19.4,374.5,0.63773833
5619-PTMIK,0,Female,0,1,0,46,1,1,DSL,1,0,0,0,0,0,Month-to-month,0,Electronic check,53.1,2459.8,1.74556213
5619-XZZKR,0,Male,0,0,0,4,1,0,No,0,0,0,0,0,0,One year,0,Mailed check,19.95,68.2,0.65581854
5622-UEJFI,0,Female,0,1,1,35,1,1,No,0,0,0,0,0,0,Two year,1,Credit card (automatic),25.4,949.8,0.834976989
5624-BQSSA,1,Female,0,0,0,1,1,0,No,0,0,0,0,0,0,Month-to-month,0,Mailed check,20.95,20.95,0.68869165
5624-RYAMH,0,Female,0,0,0,9,1,0,No,0,0,0,0,0,0,Month-to-month,1,Electronic check,19.5,178.85,0.641025641
5626-MGTUK,0,Female,0,0,0,20,1,1,Fiber optic,1,0,0,0,1,0,Month-to-month,1,Bank transfer (automatic),89.1,1879.25,2.928994083
5627-TVBPP,0,Female,0,0,1,35,1,0,No,0,0,0,0,0,0,One year,1,Credit card (automatic),20.1,644.5,0.660749507
5628-FCGYG,0,Male,0,0,0,21,1,1,Fiber optic,0,0,0,0,0,1,Month-to-month,1,Electronic check,84.1,1737.45,2.764628534
5628-RKIFK,0,Female,1,0,0,49,1,1,Fiber optic,1,0,0,0,1,1,Month-to-month,0,Credit card (automatic),101.55,5070.4,3.3382643
5630-AHZIL,0,Female,0,0,1,3,1,0,DSL,1,0,0,1,0,1,Month-to-month,1,Bank transfer (automatic),64.5,177.4,2.120315582
5630-IXDXV,0,Female,0,0,0,47,1,1,Fiber optic,0,1,1,0,1,1,Month-to-month,1,Electronic check,106.35,4849.1,3.496055227
5639-NTUPK,0,Male,0,0,1,13,1,0,DSL,1,0,0,0,0,0,Month-to-month,1,Credit card (automatic),52.1,670.65,1.71268902
5640-CAXOA,0,Female,0,0,0,30,0,0,DSL,0,0,0,1,0,1,One year,1,Credit card (automatic),40.35,1187.05,1.32642998
5641-DMBFJ,0,Female,0,1,0,58,1,1,DSL,1,0,1,1,1,1,Two year,1,Electronic check,84.3,4916.4,2.771203156
5642-MHDQT,0,Female,0,1,1,53,1,0,No,0,0,0,0,0,0,One year,1,Bank transfer (automatic),19.85,1039.45,0.652531229
5644-PDMZC,1,Female,1,0,0,2,1,1,Fiber optic,0,1,0,0,0,1,Month-to-month,0,Electronic check,89.5,161.5,2.942143327
5647-FXOTP,0,Female,1,1,0,60,1,1,Fiber optic,0,1,1,0,1,1,Month-to-month,1,Electronic check,105.9,6401.25,3.481262327
5647-URDKA,0,Male,0,1,1,8,1,0,No,0,0,0,0,0,0,Two year,0,Mailed check,19.7,130.25,0.647600263
5649-ANRML,1,Male,1,0,0,2,1,0,Fiber optic,0,1,1,1,0,1,Month-to-month,1,Credit card (automatic),95.1,180.25,3.126232742
5649-RXQTV,0,Male,0,0,0,51,1,0,Fiber optic,0,1,1,0,1,1,Month-to-month,1,Electronic check,99,5038.15,3.25443787
5649-TJHOV,1,Male,1,1,0,27,0,0,DSL,0,0,0,0,0,1,Month-to-month,0,Bank transfer (automatic),36.5,1032,1.199868508
5649-VUKMC,1,Female,0,0,0,12,1,0,Fiber optic,0,0,1,0,1,1,One year,0,Mailed check,95.5,1115.15,3.139381986
5650-VDUDS,1,Female,0,0,0,4,0,0,DSL,0,0,0,0,0,0,Month-to-month,1,Mailed check,24.25,96.05,0.797172913
5650-YLIBA,0,Male,0,0,0,31,1,1,Fiber optic,0,1,0,0,0,0,Month-to-month,1,Electronic check,81.15,2640.55,2.66765286
5651-CPDND,0,Male,0,0,0,10,1,0,DSL,0,0,0,0,0,0,Month-to-month,0,Mailed check,46,492.1,1.512163051
5651-CRHKQ,0,Female,0,1,0,41,1,0,Fiber optic,0,1,1,1,0,0,One year,1,Bank transfer (automatic),86.2,3339.05,2.833662064
5651-WYIPH,0,Female,1,0,0,18,1,0,DSL,0,1,0,0,0,0,Month-to-month,1,Credit card (automatic),49.85,865.75,1.638724523
5651-YLPRD,0,Female,0,1,1,32,1,0,Fiber optic,0,1,0,0,1,0,Month-to-month,1,Electronic check,86.1,2723.75,2.830374753
5652-MSDEY,0,Female,0,0,0,10,1,1,Fiber optic,0,0,0,0,0,0,Month-to-month,1,Mailed check,75.75,777.3,2.490138067
5655-JSMZM,1,Male,1,0,0,49,1,1,Fiber optic,0,0,0,0,1,1,Month-to-month,1,Electronic check,96.2,4718.25,3.162393162
5656-JAMLX,0,Male,0,0,0,62,1,0,No,0,0,0,0,0,0,Two year,0,Bank transfer (automatic),19.85,1253.65,0.652531229
5656-MJEFC,0,Male,0,1,1,42,0,0,DSL,1,0,1,1,1,0,Two year,0,Credit card (automatic),48.15,2032.3,1.582840237
5663-QBGIS,0,Male,1,1,0,72,1,1,Fiber optic,0,1,0,0,1,1,Two year,0,Bank transfer (automatic),98.35,6929.4,3.233070348
5666-CYCYZ,0,Female,0,0,0,24,1,1,Fiber optic,0,0,0,1,0,1,Month-to-month,1,Electronic check,89.55,2259.35,2.943786982
5666-MBJPT,0,Male,0,0,0,65,1,1,No,0,0,0,0,0,0,Two year,1,Bank transfer (automatic),25.1,1725,0.825115056
5668-MEISB,0,Female,0,1,1,72,1,1,Fiber optic,1,1,1,1,1,0,Two year,0,Credit card (automatic),106.1,7657.4,3.487836949
5669-SRAIP,1,Female,0,0,0,5,0,0,DSL,0,0,1,0,0,1,Month-to-month,0,Electronic check,39.5,210.75,1.298487837
5671-RQRLP,0,Female,1,1,0,70,1,1,Fiber optic,0,0,0,0,0,0,Two year,1,Credit card (automatic),75.65,5411.4,2.486850756
5671-UUNXD,0,Female,1,1,0,50,1,1,Fiber optic,0,0,0,1,1,1,One year,1,Electronic check,100.65,5189.75,3.308678501
5673-FSSMF,1,Female,0,0,0,1,1,1,DSL,0,0,0,0,0,1,Month-to-month,1,Electronic check,60.15,60.15,1.977317554
5673-TIYIB,1,Male,0,0,0,2,0,0,DSL,0,1,1,1,0,0,Month-to-month,1,Credit card (automatic),40.4,77.15,1.328073636
5676-CFLYY,0,Male,0,1,1,71,1,0,DSL,0,1,0,1,1,1,Two year,1,Credit card (automatic),73.35,5154.5,2.411242604
5678-VFNEQ,0,Female,0,1,0,71,1,1,Fiber optic,1,0,1,0,1,1,One year,1,Credit card (automatic),104.1,7412.25,3.42209073
5680-LQOGP,0,Female,0,0,0,68,1,0,DSL,1,1,1,1,1,1,Two year,1,Credit card (automatic),82.45,5646.6,2.710387903
5681-LLOEI,0,Male,0,1,1,43,1,1,Fiber optic,1,0,1,1,0,0,One year,1,Credit card (automatic),91.25,4013.8,2.999671269
5684-FJVYR,0,Female,0,1,1,72,1,1,Fiber optic,1,1,0,1,0,0,Two year,1,Bank transfer (automatic),90.35,6563.4,2.97008547
5685-IIXLY,1,Female,0,1,1,5,1,0,Fiber optic,0,1,0,0,0,1,Month-to-month,1,Electronic check,83.6,404.2,2.748191979
5686-CMAWK,0,Male,0,0,0,17,1,1,Fiber optic,0,0,1,1,0,0,One year,0,Electronic check,86.75,1410.25,2.851742275
5687-DKDTV,1,Female,0,0,0,4,1,0,No,0,0,0,0,0,0,Month-to-month,0,Mailed check,20.35,77.5,0.668967784
5688-KZTSN,1,Male,0,1,1,15,1,0,No,0,0,0,0,0,0,Month-to-month,1,Electronic check,20,288.05,0.657462196
5692-FPTAH,1,Female,0,0,0,1,1,0,DSL,0,0,0,0,0,0,Month-to-month,1,Mailed check,45.4,45.4,1.492439185
5692-ICXLW,0,Male,1,0,0,31,1,1,Fiber optic,0,1,0,0,1,0,Month-to-month,1,Electronic check,90.7,2845.15,2.981591059
5693-PIPCS,0,Male,0,0,0,41,1,0,Fiber optic,0,1,0,1,1,1,Two year,1,Credit card (automatic),99.65,4220.35,3.275805391
5696-CEIQJ,0,Male,0,1,1,67,1,0,Fiber optic,0,1,1,1,1,1,Two year,0,Bank transfer (automatic),103.15,6895.5,3.390861275
5696-EXCYS,0,Male,0,0,0,17,1,0,No,0,0,0,0,0,0,Two year,0,Credit card (automatic),19.45,369.05,0.639381986
5696-JVVQY,0,Female,0,1,1,48,1,0,DSL,1,1,1,0,0,1,Two year,1,Credit card (automatic),70.1,3238.4,2.304404997
5696-QURRL,1,Male,0,0,0,1,1,0,DSL,0,0,0,0,0,0,Month-to-month,1,Mailed check,45.05,45.05,1.480933596
5697-GOMBF,0,Female,1,1,1,28,0,0,DSL,0,0,0,0,1,0,Month-to-month,1,Electronic check,35.9,973.65,1.180144642
5698-BQJOH,1,Female,0,0,0,9,1,1,Fiber optic,0,0,0,0,1,1,Month-to-month,0,Electronic check,94.4,857.25,3.103221565
5699-BNCAS,0,Male,1,0,0,71,1,1,No,0,0,0,0,0,0,Two year,1,Mailed check,24.65,1766.75,0.810322156
5701-GUXDC,0,Female,0,1,0,26,0,0,DSL,1,0,1,0,0,0,One year,0,Credit card (automatic),35.4,978.6,1.163708087
5701-SVCWR,0,Female,0,0,1,1,1,1,No,0,0,0,0,0,0,Month-to-month,0,Mailed check,24,24,0.788954635
5701-YVSVF,0,Female,1,1,0,11,1,0,Fiber optic,0,0,0,1,1,0,Month-to-month,1,Electronic check,82.9,880.05,2.725180802
5701-ZIKJE,0,Male,0,0,0,13,1,0,DSL,0,0,0,1,0,0,Month-to-month,1,Mailed check,50.55,610.75,1.6617357
5702-KVQRD,0,Male,0,1,0,71,1,0,DSL,1,0,1,1,1,1,Two year,1,Electronic check,82.55,5832.65,2.713675214
5702-SKUOB,0,Female,0,1,0,4,1,0,No,0,0,0,0,0,0,Month-to-month,0,Mailed check,19.6,93.45,0.644312952
5707-ORNDZ,1,Male,1,0,0,9,1,1,DSL,1,0,0,0,0,0,Month-to-month,0,Electronic check,54.55,494.05,1.793228139
5707-ZMDJP,0,Male,0,1,1,53,1,0,DSL,1,1,0,1,1,0,Two year,1,Mailed check,69.7,3729.6,2.291255753
5708-EVONK,1,Female,0,1,1,58,1,1,Fiber optic,1,1,0,0,0,1,Month-to-month,1,Bank transfer (automatic),93.4,5435.6,3.070348455
5709-LVOEQ,0,Female,0,1,1,0,1,0,DSL,1,1,1,0,1,1,Two year,0,Mailed check,80.85,0,2.657790927
5712-AHQNN,0,Female,0,0,0,43,1,0,Fiber optic,0,1,1,0,1,0,Month-to-month,1,Electronic check,91.65,3954.1,3.012820513
5712-PTIWW,1,Male,0,0,0,2,1,0,Fiber optic,0,0,1,1,0,0,Month-to-month,1,Electronic check,79.85,152.45,2.624917817
5712-VBOXD,0,Female,0,0,0,4,1,0,No,0,0,0,0,0,0,Month-to-month,1,Credit card (automatic),20.15,68.45,0.662393162
5716-EZXZN,0,Female,0,1,1,65,1,1,Fiber optic,1,1,0,1,1,0,Two year,1,Credit card (automatic),99.05,6416.7,3.256081525
5716-LIBJC,0,Female,0,0,1,13,1,1,Fiber optic,0,1,1,0,1,1,One year,1,Credit card (automatic),104.15,1299.1,3.423734385
5724-BIDBU,0,Male,0,1,0,49,1,1,DSL,1,0,0,0,0,0,One year,1,Electronic check,55.35,2633.95,1.819526627
5726-CVNYA,0,Female,0,1,1,8,1,0,No,0,0,0,0,0,0,Two year,1,Mailed check,19.85,146.6,0.652531229
5727-MYATE,0,Male,0,1,1,72,1,1,DSL,1,1,1,1,1,1,Two year,1,Credit card (automatic),90.8,6397.6,2.984878369
5729-KLZAR,1,Female,0,1,1,4,1,0,Fiber optic,0,0,0,0,0,1,Month-to-month,0,Electronic check,80.85,302.75,2.657790927
5730-DBDSI,0,Male,0,0,0,66,1,0,No,0,0,0,0,0,0,Two year,0,Bank transfer (automatic),19.7,1253.8,0.647600263
5730-RIITO,0,Female,1,0,0,43,0,0,DSL,1,1,0,0,0,0,Month-to-month,1,Credit card (automatic),33.45,1500.25,1.099605523
5732-IKGQH,0,Male,1,1,0,52,1,0,Fiber optic,1,0,1,1,1,1,One year,1,Bank transfer (automatic),104.45,5481.25,3.433596318
5734-EJKXG,0,Female,0,0,0,61,1,1,Fiber optic,1,1,1,1,1,1,One year,1,Electronic check,118.6,7365.7,3.898750822
5736-YEJAX,0,Male,0,0,1,69,1,1,DSL,1,1,1,1,1,0,Two year,1,Credit card (automatic),79.45,5502.55,2.611768573
5740-YHGTW,0,Male,0,1,1,70,1,1,Fiber optic,1,1,0,0,1,0,Month-to-month,1,Credit card (automatic),97.55,6669.05,3.206771861
5743-KHMNA,0,Male,0,0,0,71,1,1,No,0,0,0,0,0,0,Two year,0,Bank transfer (automatic),25.55,1898.1,0.839907955
5747-PMBSQ,1,Male,1,1,0,10,1,0,Fiber optic,0,1,1,1,1,0,Month-to-month,1,Mailed check,92.5,934.1,3.040762656
5748-RNCJT,1,Male,0,0,0,69,1,1,Fiber optic,0,0,1,1,1,1,Two year,1,Bank transfer (automatic),106.5,7348.8,3.500986193
5751-USDBL,0,Male,0,1,1,46,1,0,DSL,1,0,1,1,1,1,Two year,0,Mailed check,81,3846.35,2.662721893
5753-QQWPW,0,Female,0,0,0,28,1,0,DSL,1,1,0,1,0,0,One year,1,Electronic check,59.9,1654.7,1.969099277
5756-JYOJT,0,Female,0,0,0,11,1,0,DSL,0,0,1,1,0,1,One year,0,Credit card (automatic),64.9,697.25,2.133464826
5756-OZRIO,0,Male,1,1,0,61,1,1,DSL,0,1,0,0,0,1,One year,0,Bank transfer (automatic),64.05,3902.6,2.105522682
5759-RCVCB,1,Female,0,0,0,3,0,0,DSL,0,0,0,0,1,0,Month-to-month,0,Credit card (automatic),35.2,108.95,1.157133465
5760-FXFVO,0,Male,0,0,0,6,1,0,Fiber optic,1,1,0,0,0,0,Month-to-month,1,Electronic check,78.95,494.95,2.595332018
5760-IFJOZ,0,Male,0,0,0,3,1,1,Fiber optic,0,1,1,0,1,1,Month-to-month,0,Mailed check,107.95,313.6,3.548652202
5760-WRAHC,0,Female,1,0,0,22,1,0,DSL,1,0,1,1,0,1,Month-to-month,1,Mailed check,69.75,1545.4,2.292899408
5762-TJXGK,0,Female,0,0,0,52,0,0,DSL,1,1,1,0,1,1,Two year,1,Bank transfer (automatic),58.75,3038.55,1.931295201
5766-FTRTS,0,Male,0,1,0,72,1,0,DSL,1,1,1,1,1,1,Two year,0,Mailed check,84.45,6033.1,2.776134122
5766-XQXMQ,1,Female,0,0,0,29,1,0,DSL,1,1,1,0,0,1,Month-to-month,1,Bank transfer (automatic),68.85,1970.5,2.263313609
5766-ZJYBB,1,Male,0,0,0,1,1,0,No,0,0,0,0,0,0,Month-to-month,0,Mailed check,19.4,19.4,0.63773833
5774-QPLTF,0,Male,0,1,1,50,1,0,No,0,0,0,0,0,0,One year,1,Mailed check,20.35,938.95,0.668967784
5774-XZTQC,0,Female,0,1,1,7,1,0,No,0,0,0,0,0,0,Month-to-month,0,Mailed check,20.45,150.75,0.672255095
5777-KJIRB,0,Female,0,0,0,40,1,0,DSL,0,0,1,0,0,0,One year,1,Mailed check,50.25,2023.55,1.651873767
5777-ZPQNC,0,Female,0,0,0,12,1,0,No,0,0,0,0,0,0,One year,0,Electronic check,20.15,260.7,0.662393162
5778-BVOFB,0,Female,0,0,0,9,1,0,DSL,0,0,0,1,1,0,Month-to-month,1,Bank transfer (automatic),59.5,530.05,1.955950033
5780-INQIK,0,Female,0,0,0,8,1,0,DSL,0,0,0,1,0,0,Month-to-month,0,Electronic check,49.4,408.25,1.623931624
5781-BKHOP,0,Female,0,1,0,72,1,1,Fiber optic,1,1,1,0,1,0,Two year,0,Bank transfer (automatic),100.65,7334.05,3.308678501
5781-RFZRP,0,Male,0,1,0,71,1,1,DSL,1,1,0,1,1,0,Two year,0,Credit card (automatic),73.5,5357.75,2.41617357
5787-KXGIY,0,Male,0,1,0,72,1,0,No,0,0,0,0,0,0,Two year,0,Credit card (automatic),19.3,1304.8,0.634451019
5788-YPOEG,0,Female,0,1,1,34,1,0,DSL,1,1,1,1,1,1,Two year,0,Mailed check,84.75,2839.45,2.785996055
5789-LDFXO,0,Male,0,0,0,24,1,1,No,0,0,0,0,0,0,One year,0,Electronic check,24.6,592.65,0.808678501
5791-KAJFD,0,Female,0,1,1,56,1,1,DSL,1,0,1,0,0,1,One year,1,Bank transfer (automatic),68.75,3808,2.260026298
5792-JALQC,0,Female,1,0,0,52,1,1,DSL,1,0,1,0,0,0,Two year,0,Bank transfer (automatic),59.85,3103.25,1.967455621
5793-YOLJN,0,Female,0,1,1,55,1,0,No,0,0,0,0,0,0,Two year,0,Mailed check,21,1210.3,0.690335306
5795-BKOYE,0,Female,0,1,1,69,1,0,DSL,0,1,1,1,0,0,One year,0,Bank transfer (automatic),59.1,4134.7,1.942800789
5795-KTGUD,0,Female,0,1,0,68,1,1,Fiber optic,1,1,1,0,1,1,Two year,1,Bank transfer (automatic),110.8,7553.6,3.642340565
5797-APWZC,1,Female,0,0,0,1,1,0,Fiber optic,0,0,0,0,1,1,Month-to-month,0,Electronic check,90.6,90.6,2.978303748
5799-JRCZO,0,Female,0,0,1,63,1,0,No,0,0,0,0,0,0,Two year,0,Credit card (automatic),19.5,1215.1,0.641025641
5802-ADBRC,0,Female,0,1,0,50,1,1,Fiber optic,1,0,1,0,1,1,One year,1,Mailed check,104.4,5232.9,3.431952663
5803-NQJZO,0,Male,0,1,0,72,1,1,DSL,1,1,1,1,0,0,Two year,1,Bank transfer (automatic),67.8,4804.65,2.228796844
5804-HYIEZ,0,Male,0,1,1,70,1,1,Fiber optic,1,1,0,0,1,1,Month-to-month,1,Electronic check,106.05,7554.05,3.486193294
5804-JMYIO,0,Female,0,1,1,39,1,0,No,0,0,0,0,0,0,Two year,0,Mailed check,19.75,757.95,0.649243918
5804-LEPIM,1,Female,1,0,0,2,1,0,Fiber optic,0,0,0,0,0,0,Month-to-month,1,Electronic check,70.35,139.05,2.312623274
5808-TOTXO,0,Female,0,0,1,3,1,0,No,0,0,0,0,0,0,One year,1,Credit card (automatic),20.55,57.4,0.675542406
5811-IWXYM,0,Female,0,1,1,52,1,1,Fiber optic,0,0,1,0,1,1,One year,0,Bank transfer (automatic),101.25,5301.1,3.328402367
5813-UECBU,1,Male,1,0,0,33,1,1,Fiber optic,0,1,1,0,0,0,Month-to-month,1,Credit card (automatic),83.85,2716.3,2.756410256
5815-HGGHV,0,Male,0,1,0,20,1,0,DSL,1,0,0,1,0,1,One year,1,Mailed check,64.15,1274.45,2.108809993
5816-JMLGY,0,Female,0,1,1,70,1,0,DSL,0,1,1,1,1,1,Two year,1,Bank transfer (automatic),80.4,5717.85,2.642998028
5816-QVHRX,0,Female,0,0,0,37,1,1,Fiber optic,0,0,0,1,1,1,Month-to-month,0,Credit card (automatic),100.3,3541.4,3.297172913
5816-SCGFC,0,Female,1,0,0,7,1,0,DSL,0,1,0,0,0,0,Month-to-month,1,Mailed check,51.3,419.35,1.686390533
5820-PTRYM,0,Female,1,1,0,56,1,1,DSL,1,1,1,1,0,0,One year,1,Credit card (automatic),68.45,4014,2.250164366
5821-MMEIL,0,Female,0,1,0,57,1,0,No,0,0,0,0,0,0,Two year,0,Bank transfer (automatic),19.9,1115.6,0.654174885
5825-XJOCM,0,Male,0,0,1,48,1,1,DSL,1,1,1,0,0,0,One year,1,Bank transfer (automatic),64.4,3035.35,2.117028271
5827-MWCZK,0,Male,0,1,1,56,1,1,Fiber optic,0,1,0,1,1,0,Month-to-month,1,Credit card (automatic),96.95,5432.2,3.187047995
5828-AVIPD,1,Male,0,1,1,19,1,1,Fiber optic,0,0,0,1,1,1,One year,1,Electronic check,100.95,1875.55,3.318540434
5828-DWPIL,0,Male,1,1,0,62,1,1,Fiber optic,1,1,1,0,0,0,Month-to-month,1,Electronic check,89.1,5618.3,2.928994083
5829-NVSQN,0,Female,0,1,0,23,1,0,DSL,1,0,1,1,0,1,One year,1,Bank transfer (automatic),68.75,1689.45,2.260026298
5832-EXGTT,0,Male,0,1,1,29,1,0,DSL,1,0,0,0,0,1,Month-to-month,1,Mailed check,60.2,1834.15,1.97896121
5832-TRLPB,0,Male,0,0,0,29,1,0,DSL,0,0,1,1,1,1,One year,1,Bank transfer (automatic),75.35,2243.9,2.476988823
5832-XKAES,1,Male,0,0,0,2,1,0,Fiber optic,0,0,0,0,0,0,Month-to-month,1,Credit card (automatic),69.8,134.7,2.294543064
5834-ASPWA,1,Male,0,0,0,1,1,1,Fiber optic,0,0,0,0,0,0,Month-to-month,1,Electronic check,75.45,75.45,2.480276134
5835-BEQEU,1,Male,0,0,0,3,1,1,Fiber optic,0,0,0,0,0,0,Month-to-month,1,Electronic check,76.95,228.4,2.529585799
5837-LXSDN,0,Female,0,1,1,21,1,0,DSL,0,1,0,0,1,0,One year,1,Credit card (automatic),58.85,1215.45,1.934582512
5839-SUYVZ,0,Male,0,0,0,16,1,0,Fiber optic,0,0,0,1,0,0,Month-to-month,1,Credit card (automatic),74.55,1170.5,2.450690335
5840-NVDCG,0,Female,0,1,1,16,1,0,DSL,1,1,0,1,0,1,Two year,0,Bank transfer (automatic),68.25,1114.85,2.243589744
5842-POCOP,1,Female,0,1,0,5,1,0,Fiber optic,1,0,1,0,0,1,Month-to-month,1,Mailed check,88.9,454.15,2.922419461
5843-TTHGI,0,Female,0,0,0,18,1,0,DSL,0,0,1,0,0,0,Month-to-month,1,Mailed check,50,892.7,1.64365549
5844-QVTAT,0,Female,0,1,1,33,1,0,DSL,1,1,1,0,0,0,One year,1,Mailed check,58.45,1955.4,1.921433268
5845-BZZIB,0,Male,0,1,1,35,1,0,No,0,0,0,0,0,0,Two year,0,Mailed check,20.1,655.3,0.660749507
5846-ABOBJ,0,Male,0,1,0,71,1,1,No,0,0,0,0,0,0,Two year,0,Bank transfer (automatic),24.45,1730.65,0.803747535
5846-NEQVZ,0,Male,0,1,1,71,1,0,DSL,1,0,1,1,0,1,Two year,1,Credit card (automatic),70.85,4973.4,2.329059829
5846-QFDFI,0,Female,0,1,1,33,1,1,Fiber optic,0,1,1,1,0,0,Month-to-month,0,Credit card (automatic),88.6,2888.7,2.912557528
5847-MXBEO,0,Male,0,0,0,22,1,0,No,0,0,0,0,0,0,One year,0,Mailed check,20.3,475.1,0.667324129
5848-FHRFC,0,Female,0,0,0,68,1,0,No,0,0,0,0,0,0,Two year,0,Bank transfer (automatic),20.05,1386.9,0.659105851
5849-ASHZJ,0,Male,0,0,1,27,1,0,No,0,0,0,0,0,0,One year,0,Credit card (automatic),20.05,552.9,0.659105851
5850-BDWCY,0,Female,0,0,0,6,1,0,No,0,0,0,0,0,0,Month-to-month,0,Mailed check,20.2,123.65,0.664036818
5854-KSRBJ,0,Male,0,1,1,70,1,1,No,0,0,0,0,0,0,Two year,0,Mailed check,25.4,1782.05,0.834976989
5855-EIBDE,0,Female,0,1,0,49,1,1,Fiber optic,1,1,1,1,0,1,Two year,0,Credit card (automatic),106.65,5174.35,3.50591716
5857-TYBCJ,0,Male,1,1,0,44,1,1,Fiber optic,0,0,1,0,1,0,Month-to-month,1,Electronic check,89.2,4040.2,2.932281394
5857-XRECV,0,Female,0,0,1,2,1,0,No,0,0,0,0,0,0,One year,0,Bank transfer (automatic),20.5,38.25,0.673898751
5858-EAFCZ,0,Male,0,0,0,1,1,0,DSL,0,0,0,0,0,0,Month-to-month,0,Mailed check,44.45,44.45,1.46120973
5859-HZYLF,0,Male,0,1,1,26,1,0,No,0,0,0,0,0,0,Two year,1,Credit card (automatic),19.15,515.75,0.629520053
5862-BRIXZ,0,Male,0,0,0,46,0,0,DSL,1,0,1,1,1,1,Two year,1,Bank transfer (automatic),60.75,2893.4,1.99704142
5863-OOKCL,0,Female,0,0,0,10,1,0,No,0,0,0,0,0,0,Month-to-month,0,Mailed check,18.85,163.2,0.61965812
5868-CZJDR,1,Male,0,0,1,1,0,0,DSL,0,1,0,0,0,0,Month-to-month,1,Mailed check,31.35,31.35,1.030571992
5868-YTYKS,0,Male,0,0,1,1,1,0,No,0,0,0,0,0,0,Month-to-month,1,Mailed check,20.25,20.25,0.665680473
5868-YWPDW,1,Male,1,1,0,6,1,0,Fiber optic,0,1,0,0,0,1,Month-to-month,1,Electronic check,84.2,519.15,2.767915845
5871-DGTXZ,0,Male,0,0,0,32,1,0,No,0,0,0,0,0,0,One year,0,Mailed check,19.8,607.7,0.650887574
5872-OEQNH,0,Female,0,0,0,60,0,0,DSL,1,0,1,0,0,1,One year,1,Electronic check,44.45,2773.9,1.46120973
5875-YPQFJ,1,Male,0,0,0,1,1,0,Fiber optic,0,0,0,0,0,0,Month-to-month,1,Electronic check,69.9,69.9,2.297830375
5876-HZVZM,1,Female,0,1,1,6,1,0,DSL,1,1,0,0,0,0,Month-to-month,0,Credit card (automatic),55.9,365.35,1.837606838
5876-QMYLD,0,Female,0,1,1,23,1,0,No,0,0,0,0,0,0,One year,0,Mailed check,20.05,415.1,0.659105851
5879-HMFFH,0,Female,0,1,0,72,1,1,DSL,1,1,1,1,1,1,Two year,0,Bank transfer (automatic),88.05,6520.8,2.894477318
5879-SESNB,0,Female,0,0,0,11,1,1,Fiber optic,0,0,0,0,0,0,Month-to-month,0,Electronic check,75.25,888.65,2.473701512
5882-CMAZQ,0,Female,0,1,1,5,0,0,DSL,0,1,0,1,0,0,Month-to-month,0,Electronic check,34.25,163.55,1.125904011
5883-GTGVD,1,Male,0,0,0,19,1,1,Fiber optic,0,1,0,0,1,1,Month-to-month,1,Electronic check,99.95,1931.75,3.285667324
5884-FBCTL,0,Female,0,1,1,72,1,1,No,0,0,0,0,0,0,Two year,0,Bank transfer (automatic),25.1,1857.85,0.825115056
5884-GCYMI,1,Male,0,0,0,1,1,0,Fiber optic,0,0,0,0,0,0,Month-to-month,0,Mailed check,69.4,69.4,2.28139382
5886-VLQVU,0,Male,0,1,0,35,1,1,Fiber optic,0,0,0,1,0,1,Month-to-month,1,Bank transfer (automatic),89.85,3161.2,2.953648915
5887-IKKYO,0,Male,0,1,1,58,1,1,Fiber optic,0,0,1,1,0,1,Two year,0,Bank transfer (automatic),94.35,5563.65,3.101577909
5889-JTMUL,1,Female,1,1,0,50,1,1,Fiber optic,0,1,1,0,1,0,Month-to-month,1,Electronic check,95.05,4888.7,3.124589086
5889-LFOLL,1,Female,0,0,0,13,1,1,Fiber optic,0,0,0,0,0,1,Month-to-month,1,Electronic check,84.6,1115.2,2.781065089
5893-KCLGT,0,Female,0,0,1,72,1,0,No,0,0,0,0,0,0,Two year,1,Mailed check,19.75,1567,0.649243918
5893-PYOLZ,0,Male,0,0,0,56,1,0,DSL,0,1,1,1,1,1,Two year,1,Credit card (automatic),81.8,4534.45,2.689020381
5895-QSXOD,0,Male,0,0,0,9,1,0,Fiber optic,0,0,0,0,0,0,Month-to-month,0,Mailed check,70.05,657.5,2.302761341
5896-NPFWW,1,Male,0,1,1,3,1,0,DSL,0,0,1,0,0,0,Month-to-month,1,Electronic check,50.15,168.15,1.648586456
5897-ZYEKH,0,Female,1,1,0,67,1,1,Fiber optic,1,1,0,0,1,1,One year,1,Electronic check,105.6,7112.15,3.471400394
5898-IGSLP,0,Male,0,1,1,31,1,1,Fiber optic,1,0,1,1,0,0,Month-to-month,0,Electronic check,89.3,2823,2.935568705
5899-MQZZL,1,Female,0,0,0,13,1,1,Fiber optic,0,0,0,0,0,0,Month-to-month,1,Mailed check,75,999.45,2.465483235
5899-OUVKV,0,Male,0,0,0,31,1,0,Fiber optic,0,1,0,0,1,1,Month-to-month,1,Electronic check,94.5,2979.2,3.106508876
5902-WBLSE,0,Female,0,1,1,70,1,0,No,0,0,0,0,0,0,Two year,1,Credit card (automatic),20.15,1411.2,0.662393162
5906-BFOZT,0,Male,0,0,0,1,1,0,No,0,0,0,0,0,0,Month-to-month,1,Mailed check,19.5,19.5,0.641025641
5906-CVLHP,1,Female,0,1,1,45,1,0,DSL,0,1,0,1,0,0,One year,1,Credit card (automatic),54.15,2319.8,1.780078895
5906-DVAPM,0,Female,0,1,1,55,1,1,DSL,1,1,0,1,1,0,One year,1,Credit card (automatic),75,4213.9,2.465483235
5908-QMGOE,1,Male,1,0,0,15,1,1,Fiber optic,0,0,0,0,0,0,Month-to-month,1,Credit card (automatic),74.2,1133.9,2.439184747
5909-ECHUI,1,Female,0,0,0,1,1,0,DSL,0,0,0,0,0,1,Month-to-month,1,Electronic check,56.25,56.25,1.849112426
5913-INRQV,0,Male,1,1,0,34,1,0,Fiber optic,1,0,0,1,1,0,One year,0,Mailed check,90.15,3128.8,2.963510848
5914-DVBWJ,1,Female,1,0,0,18,1,1,Fiber optic,0,1,0,1,0,0,Month-to-month,1,Electronic check,85.45,1505.85,2.809007232
5914-GXMDA,0,Female,0,1,0,32,1,0,No,0,0,0,0,0,0,One year,0,Mailed check,19.3,593.2,0.634451019
5914-XRFQB,0,Male,0,1,0,72,1,1,Fiber optic,1,1,1,1,1,1,Two year,1,Bank transfer (automatic),115.8,8424.9,3.806706114
5915-ANOEI,0,Male,0,1,0,70,1,1,DSL,1,1,1,1,1,0,Two year,0,Mailed check,79.15,5536.5,2.60190664
5915-DGNVC,0,Female,0,1,0,49,1,1,DSL,1,1,1,0,0,1,One year,0,Electronic check,71.8,3472.05,2.360289283
5916-QEWPT,0,Female,0,1,0,2,1,0,DSL,0,0,1,0,1,1,Month-to-month,0,Credit card (automatic),69,147.8,2.268244576
5917-HBSDW,0,Female,0,1,1,37,1,0,No,0,0,0,0,0,0,Month-to-month,0,Electronic check,19.35,683.75,0.636094675
5917-RYRMG,0,Male,1,0,0,32,1,0,No,0,0,0,0,0,0,One year,0,Credit card (automatic),19.8,587.7,0.650887574
5918-VUKWP,0,Female,0,0,0,32,1,0,No,0,0,0,0,0,0,One year,0,Bank transfer (automatic),20.55,654.55,0.675542406
5919-TMRGD,1,Female,0,0,1,1,1,0,Fiber optic,0,0,0,0,1,0,Month-to-month,1,Electronic check,79.35,79.35,2.608481262
5919-VCZYM,0,Male,0,0,0,2,1,0,No,0,0,0,0,0,0,Month-to-month,0,Mailed check,20.05,42.7,0.659105851
5921-NGYRH,0,Male,0,1,0,64,1,0,Fiber optic,1,0,0,0,0,0,Month-to-month,1,Mailed check,73.55,4764,2.417817226
5922-ABDVO,1,Female,0,1,0,19,1,1,Fiber optic,0,0,1,0,0,1,Month-to-month,0,Mailed check,89.65,1761.05,2.947074293
5923-GXUOC,1,Male,0,0,0,10,1,0,Fiber optic,1,1,1,0,1,1,Month-to-month,1,Electronic check,104.4,1081.45,3.431952663
5924-IFQTT,0,Male,0,1,1,13,1,1,DSL,0,1,1,1,1,0,Month-to-month,1,Electronic check,72.8,930.05,2.393162393
5924-SNGKP,0,Female,0,0,1,41,1,0,No,0,0,0,0,0,0,One year,1,Credit card (automatic),20.25,865,0.665680473
5928-QLDHB,0,Male,0,0,0,9,1,1,Fiber optic,0,0,0,0,0,0,Month-to-month,1,Electronic check,76.25,684.85,2.506574622
5930-GBIWP,0,Male,0,0,0,69,1,1,DSL,1,1,1,1,0,1,Two year,1,Credit card (automatic),81.5,5553.25,2.679158448
5931-FLJJF,1,Male,1,1,0,7,1,0,Fiber optic,0,0,0,0,0,0,Month-to-month,1,Mailed check,70.1,467.55,2.304404997
5934-RMPOV,0,Female,0,0,1,22,1,1,Fiber optic,0,0,0,0,0,1,Month-to-month,1,Electronic check,84.75,1816.75,2.785996055
5934-TSSAU,0,Female,0,1,1,23,1,0,Fiber optic,0,0,1,0,0,0,Month-to-month,1,Credit card (automatic),75.3,1702.9,2.475345168
5935-FCCNB,0,Female,1,0,0,17,1,1,Fiber optic,0,0,0,0,1,1,Month-to-month,1,Electronic check,94.2,1608.15,3.096646943
5937-EORGB,0,Male,1,1,0,15,1,1,Fiber optic,1,0,1,0,1,0,Month-to-month,1,Electronic check,96.5,1392.25,3.172255095
5939-SXWHM,0,Male,0,1,1,48,1,1,No,0,0,0,0,0,0,Two year,0,Bank transfer (automatic),26.3,1245.05,0.864562788
5939-XAIXZ,0,Female,0,0,0,19,1,1,DSL,0,0,1,0,0,0,Month-to-month,1,Mailed check,56.1,1033.9,1.84418146
5940-AHUHD,1,Male,0,0,0,1,1,0,Fiber optic,0,0,0,0,0,0,Month-to-month,0,Mailed check,70.6,70.6,2.320841552
5940-NFXKV,1,Male,0,1,1,19,1,1,Fiber optic,0,0,0,0,0,1,Month-to-month,1,Electronic check,83.65,1465.75,2.749835634
5944-UGLLK,0,Male,0,0,0,53,0,0,DSL,0,0,1,1,1,1,One year,0,Credit card (automatic),54.9,3045.75,1.804733728
5945-AZYHT,0,Male,0,1,0,71,1,1,Fiber optic,1,1,1,0,1,1,One year,1,Electronic check,109.6,7854.15,3.602892834
5947-SGKCL,0,Female,0,1,1,15,1,1,Fiber optic,0,1,1,0,1,1,Month-to-month,1,Bank transfer (automatic),105.35,1559.25,3.463182117
5948-UJZLF,0,Male,0,0,0,2,1,0,DSL,0,1,0,0,0,0,Month-to-month,0,Mailed check,49.25,97,1.619000657
5949-EBSQK,1,Male,0,1,1,4,1,0,DSL,0,0,0,1,0,1,Month-to-month,0,Credit card (automatic),61.45,229.55,2.020052597
5949-HGVJL,0,Female,0,1,0,26,1,0,DSL,0,1,0,1,1,1,Month-to-month,1,Electronic check,73.05,1959.5,2.401380671
5949-XIKAE,1,Female,0,1,1,8,1,0,Fiber optic,0,1,0,0,1,0,Month-to-month,1,Electronic check,83.55,680.05,2.746548323
5950-AAAGJ,0,Male,0,0,0,18,1,1,Fiber optic,0,0,0,0,1,0,Month-to-month,0,Bank transfer (automatic),84.3,1537.9,2.771203156
5951-AOFIH,0,Male,0,0,0,33,1,0,DSL,0,1,1,0,1,0,Month-to-month,1,Credit card (automatic),66.4,2245.4,2.18277449
5954-BDFSG,0,Female,0,0,0,72,1,1,Fiber optic,0,0,1,1,1,1,Two year,1,Credit card (automatic),107.5,7853.7,3.533859303
5955-EPOAZ,0,Female,0,0,0,6,1,0,No,0,0,0,0,0,0,Month-to-month,1,Mailed check,20.95,109.5,0.68869165
5955-ERIHD,1,Male,0,1,0,18,1,1,Fiber optic,0,0,0,0,1,1,Month-to-month,1,Electronic check,94.7,1687.95,3.113083498
5956-VKDTT,1,Female,1,1,0,5,1,1,Fiber optic,0,0,0,0,0,0,Month-to-month,1,Electronic check,74.35,334.8,2.444115713
5956-YHHRX,0,Male,1,0,0,21,1,1,Fiber optic,0,1,1,0,1,1,Month-to-month,1,Electronic check,104.35,2271.85,3.430309007
5959-BELXA,1,Male,1,0,0,32,1,1,Fiber optic,0,0,0,0,1,1,Month-to-month,1,Credit card (automatic),96.15,3019.25,3.160749507
5960-MVTUK,0,Male,0,0,0,3,0,0,DSL,0,0,0,1,0,0,Month-to-month,1,Electronic check,29.75,96.85,0.977975016
5960-WPXQM,1,Male,0,0,0,1,1,0,Fiber optic,0,0,0,0,1,0,Month-to-month,1,Electronic check,79.05,79.05,2.598619329
5961-VUSRV,0,Female,0,0,0,12,1,0,No,0,0,0,0,0,0,One year,1,Bank transfer (automatic),19.35,219.35,0.636094675
5965-GGPRW,0,Male,0,1,1,72,1,1,Fiber optic,1,0,1,0,1,1,Two year,0,Bank transfer (automatic),105.25,7609.75,3.459894806
5966-EMAZU,0,Male,0,1,0,64,1,1,Fiber optic,1,0,1,1,1,1,One year,1,Mailed check,108.5,6880.85,3.566732413
5968-HYJRZ,0,Male,0,1,1,47,1,1,No,0,0,0,0,0,0,Two year,0,Mailed check,24.55,1160.45,0.807034845
5968-VXZLG,0,Male,0,0,0,2,1,0,DSL,0,0,0,0,0,0,Month-to-month,1,Bank transfer (automatic),46.6,87.9,1.531886917
5968-XQIVE,0,Male,0,1,1,72,1,1,Fiber optic,0,1,0,0,1,0,One year,1,Electronic check,89.7,6588.95,2.948717949
5970-GHJAW,0,Male,0,1,1,46,1,0,No,0,0,0,0,0,0,Two year,0,Credit card (automatic),19.95,862.4,0.65581854
5973-EJGDP,0,Male,0,0,0,51,1,1,Fiber optic,0,1,1,1,0,0,Month-to-month,1,Electronic check,87.35,4473,2.871466141
5975-BAICR,0,Male,0,1,1,36,1,0,DSL,1,0,1,0,0,1,One year,1,Credit card (automatic),63.7,2188.5,2.094017094
5976-JCJRH,1,Male,0,1,0,10,1,0,Fiber optic,0,0,0,0,0,0,Month-to-month,1,Electronic check,70.3,738.2,2.310979619
5977-CKHON,0,Female,0,1,1,43,1,1,Fiber optic,0,0,1,0,0,1,Month-to-month,1,Bank transfer (automatic),92.55,4039,3.042406312
5980-BDHPY,0,Male,0,1,0,72,1,1,DSL,1,1,1,1,1,1,Two year,1,Bank transfer (automatic),87.1,6230.1,2.863247863
5980-NOPLP,1,Female,0,1,0,44,1,1,Fiber optic,0,0,0,0,1,1,Month-to-month,1,Electronic check,96.1,4364.1,3.159105851
5981-ITEMU,1,Male,0,1,0,40,1,1,Fiber optic,0,0,0,0,1,1,Month-to-month,1,Bank transfer (automatic),97.1,3706.95,3.191978961
5981-ZVXOT,0,Female,1,0,0,35,1,1,Fiber optic,1,1,1,0,1,1,One year,1,Electronic check,108.35,3726.15,3.561801446
5982-FPVQN,0,Female,0,1,1,37,1,1,Fiber optic,0,1,1,0,0,1,Month-to-month,1,Electronic check,95.15,3532.85,3.127876397
5982-PSMKW,0,Female,0,1,1,23,1,1,DSL,1,1,1,1,1,1,Two year,1,Credit card (automatic),91.1,2198.3,2.994740302
5982-XMDEX,0,Female,0,0,0,65,1,1,No,0,0,0,0,0,0,Two year,0,Bank transfer (automatic),26.5,1698.55,0.87113741
5985-BEHZK,0,Female,1,1,0,72,1,1,Fiber optic,0,1,1,0,1,1,One year,0,Credit card (automatic),105,7578.05,3.451676529
5985-TBABQ,0,Female,0,0,0,32,1,1,DSL,1,0,0,0,1,1,One year,0,Mailed check,74.75,2282.95,2.457264957
5986-WWXDV,0,Male,0,0,1,39,1,0,No,0,0,0,0,0,0,One year,0,Bank transfer (automatic),19.35,779.2,0.636094675
5989-AXPUC,0,Female,0,1,0,68,1,1,Fiber optic,1,1,1,1,1,1,Two year,0,Mailed check,118.6,7990.05,3.898750822
5989-OMNJE,0,Female,0,1,1,24,0,0,DSL,1,1,1,0,1,1,One year,0,Electronic check,57.6,1367.75,1.893491124
5989-PGKJB,0,Female,0,0,0,16,1,0,Fiber optic,0,1,0,0,0,1,Month-to-month,1,Electronic check,86.25,1340.1,2.83530572
5993-BQHEA,0,Male,0,0,0,12,1,0,No,0,0,0,0,0,0,One year,0,Credit card (automatic),20.05,267,0.659105851
5993-JSUWV,0,Female,0,0,0,66,1,0,DSL,1,1,1,0,0,0,Two year,1,Bank transfer (automatic),61.15,4017.45,2.010190664
5995-LFTLE,0,Male,0,0,0,58,1,1,No,0,0,0,0,0,0,Two year,1,Credit card (automatic),25.3,1474.35,0.831689678
5995-OIGLP,1,Male,0,0,0,12,1,0,DSL,1,0,0,1,0,0,Month-to-month,0,Mailed check,56.65,654.85,1.86226167
5995-SNNEW,0,Male,1,1,0,23,1,1,Fiber optic,0,1,1,0,1,1,Month-to-month,1,Electronic check,104.45,2184.85,3.433596318
5995-WWKKG,0,Female,0,0,0,37,1,0,No,0,0,0,0,0,0,One year,1,Electronic check,19.8,695.05,0.650887574
5996-DAOQL,0,Male,0,0,0,1,1,0,No,0,0,0,0,0,0,Month-to-month,1,Mailed check,20.45,20.45,0.672255095
5996-EBTKM,0,Female,0,1,1,67,1,1,DSL,0,0,1,1,0,1,Two year,1,Bank transfer (automatic),69.9,4615.9,2.297830375
5996-NRVXR,0,Male,1,1,0,40,1,0,Fiber optic,1,1,1,1,1,0,One year,1,Credit card (automatic),98.15,4116.8,3.226495726
5997-OPVFA,0,Male,0,1,0,72,1,1,DSL,1,1,1,1,1,1,Two year,1,Bank transfer (automatic),89.05,6254.45,2.927350427
5998-DZLYR,0,Female,0,1,0,61,1,1,Fiber optic,0,1,0,1,0,1,Two year,1,Bank transfer (automatic),94.35,5703,3.101577909
5998-VVEJY,1,Male,0,0,0,26,1,1,Fiber optic,0,0,0,1,0,0,Month-to-month,1,Electronic check,80.5,2088.8,2.646285339
5999-LCXAO,0,Female,0,0,0,1,0,0,DSL,1,0,0,0,0,0,Month-to-month,0,Mailed check,29.9,29.9,0.982905983
6000-APYLU,1,Male,0,0,0,9,1,0,Fiber optic,0,0,0,0,0,1,Month-to-month,1,Electronic check,80.8,713.1,2.656147272
6000-UKLWI,0,Male,0,0,0,41,1,0,No,0,0,0,0,0,0,Two year,0,Mailed check,20.15,802.35,0.662393162
6005-OBZPH,1,Female,1,0,0,26,1,1,Fiber optic,0,1,0,0,1,0,Month-to-month,1,Electronic check,89.15,2277.65,2.930637738
6007-TCTST,0,Female,0,1,1,72,1,1,Fiber optic,1,1,1,1,1,1,Two year,1,Bank transfer (automatic),115.8,8476.5,3.806706114
6008-NAIXK,0,Male,1,0,0,54,0,0,DSL,0,1,1,0,1,1,One year,1,Electronic check,55.45,2966.95,1.822813938
6010-DDPPW,0,Male,0,1,0,70,1,1,No,0,0,0,0,0,0,Two year,0,Bank transfer (automatic),25.15,1940.85,0.826758711
6013-BHCAW,0,Male,0,1,1,61,1,1,DSL,0,0,1,1,1,1,Two year,1,Bank transfer (automatic),81,4976.15,2.662721893
6015-VVHHE,1,Female,1,0,0,5,1,1,Fiber optic,0,0,0,0,1,0,Month-to-month,1,Credit card (automatic),83.15,446.05,2.73339908
6016-LVTJQ,0,Female,0,1,1,34,1,0,No,0,0,0,0,0,0,Month-to-month,0,Mailed check,20.65,716.4,0.678829717
6016-NXBNJ,0,Male,0,0,0,35,1,0,No,0,0,0,0,0,0,One year,1,Mailed check,19.15,638,0.629520053
6017-PPLPX,1,Male,0,1,1,20,1,0,Fiber optic,0,0,0,0,0,0,Month-to-month,1,Electronic check,70.45,1470.95,2.315910585
6022-KOUQO,0,Female,0,1,1,2,0,0,DSL,0,0,0,1,0,0,Month-to-month,0,Bank transfer (automatic),29.05,44.75,0.95496384
6022-UGGSO,1,Female,1,0,0,32,1,0,Fiber optic,0,1,0,0,0,0,Month-to-month,1,Electronic check,74.4,2276.95,2.445759369
6023-GSSXW,0,Female,0,1,0,69,1,0,DSL,0,1,0,0,0,1,Two year,1,Credit card (automatic),61.45,4131.2,2.020052597
6023-YEBUP,1,Male,0,0,0,3,1,1,Fiber optic,0,0,1,0,1,1,Month-to-month,1,Electronic check,100.95,329.95,3.318540434
6024-RUGGH,0,Male,0,1,1,72,1,1,No,0,0,0,0,0,0,Two year,1,Bank transfer (automatic),25.2,1798.9,0.828402367
6029-CSMJE,0,Male,0,0,0,17,0,0,DSL,0,0,0,0,0,0,Month-to-month,1,Mailed check,25.65,440.2,0.843195266
6029-WTIPC,1,Male,1,0,0,37,1,1,Fiber optic,0,0,1,0,1,1,Month-to-month,1,Electronic check,101.1,3744.05,3.3234714
6030-REHUX,0,Female,1,1,0,28,1,1,Fiber optic,0,1,1,1,1,1,Month-to-month,1,Electronic check,110.85,3204.4,3.643984221
6032-IGALN,1,Female,0,0,0,1,0,0,DSL,0,0,0,0,0,0,Month-to-month,1,Mailed check,25.1,25.1,0.825115056
6032-KRXXO,1,Male,0,0,0,30,1,0,Fiber optic,0,0,0,0,1,1,Month-to-month,1,Electronic check,90.25,2755.35,2.966798159
6034-YMTOB,0,Female,0,0,0,5,1,0,Fiber optic,0,0,0,1,0,0,Month-to-month,1,Mailed check,75.65,399.45,2.486850756
6034-ZRYCV,1,Female,0,1,0,72,0,0,DSL,0,1,1,0,1,1,Two year,1,Electronic check,54.2,3937.45,1.781722551
6035-BXTTY,0,Female,1,0,0,32,1,0,DSL,0,1,0,1,0,0,Month-to-month,0,Bank transfer (automatic),54.65,1830.1,1.79651545
6035-RIIOM,0,Female,0,0,0,54,1,1,Fiber optic,0,1,0,0,1,1,Two year,1,Bank transfer (automatic),97.2,5129.45,3.195266272
6036-TTFYU,0,Female,0,1,0,16,1,0,No,0,0,0,0,0,0,Month-to-month,0,Mailed check,19.6,314.45,0.644312952
6038-GCYEC,1,Female,0,0,0,24,0,0,DSL,0,1,1,0,1,1,Month-to-month,1,Credit card (automatic),54.15,1240.25,1.780078895
6040-CGACY,0,Female,0,0,0,15,1,0,No,0,0,0,0,0,0,Month-to-month,0,Mailed check,19.6,299.4,0.644312952
6047-SUHPR,0,Male,0,1,1,39,1,0,DSL,1,1,1,0,0,0,One year,0,Electronic check,59.8,2343.85,1.965811966
6047-YHPVI,1,Male,0,0,0,5,1,0,Fiber optic,0,0,0,0,0,0,Month-to-month,1,Electronic check,69.7,316.9,2.291255753
6048-NJXHX,0,Male,0,1,0,41,1,0,No,0,0,0,0,0,0,Two year,1,Electronic check,19.75,899.45,0.649243918
6048-QBXKL,0,Female,1,0,0,2,1,1,DSL,0,1,0,0,0,0,Month-to-month,1,Credit card (automatic),56.55,118.25,1.858974359
6048-UWKAL,0,Female,1,1,0,69,1,1,Fiber optic,0,1,0,1,1,1,Two year,0,Credit card (automatic),105.4,6998.95,3.464825773
6050-FFXES,0,Female,0,1,0,69,1,1,Fiber optic,0,0,1,1,1,1,Two year,0,Bank transfer (automatic),105.35,7240.65,3.463182117
6050-IJRHS,0,Female,0,1,1,70,1,1,Fiber optic,0,1,1,0,1,1,One year,1,Electronic check,106.5,7397,3.500986193
6051-PTVNS,0,Female,0,1,1,55,1,0,No,0,0,0,0,0,0,One year,0,Credit card (automatic),19.15,998.1,0.629520053
6060-DRTNL,1,Female,1,0,0,5,1,0,Fiber optic,0,0,1,0,1,0,Month-to-month,1,Mailed check,84.85,415.55,2.789283366
6060-QBMGV,0,Male,0,1,0,70,1,0,No,0,0,0,0,0,0,Two year,0,Credit card (automatic),19.85,1433.8,0.652531229
6061-GWWAV,0,Male,0,0,1,41,1,0,DSL,1,1,1,0,1,0,One year,0,Mailed check,70.2,2894.55,2.307692308
6061-PQHMK,0,Female,0,0,0,25,1,0,No,0,0,0,0,0,0,One year,0,Credit card (automatic),19.9,527.5,0.654174885
6064-PUPMC,0,Male,0,1,1,23,1,0,DSL,1,0,0,1,0,0,One year,0,Credit card (automatic),57.2,1423.35,1.88034188
6064-ZATLR,0,Female,0,0,0,27,1,0,DSL,1,1,0,0,0,0,Two year,0,Bank transfer (automatic),52.85,1498.65,1.737343853
6067-NGCEU,0,Female,0,0,0,65,1,1,Fiber optic,1,1,1,0,1,1,Month-to-month,1,Credit card (automatic),111.05,7107,3.650558843
6072-NUQCB,0,Male,0,1,1,22,1,0,No,0,0,0,0,0,0,One year,0,Bank transfer (automatic),20.25,488.25,0.665680473
6075-QMNRR,0,Female,0,0,0,52,1,0,DSL,1,0,0,0,0,0,Month-to-month,1,Bank transfer (automatic),49.75,2535.55,1.635437212
6075-SLNIL,0,Male,0,0,0,38,1,1,Fiber optic,0,1,1,0,0,1,Month-to-month,1,Credit card (automatic),95.1,3691.2,3.126232742
6077-BDPXA,0,Female,0,0,0,3,1,0,Fiber optic,0,0,0,0,0,0,Month-to-month,1,Electronic check,70.15,194.2,2.306048652
6078-VESFR,0,Male,1,1,0,13,1,0,Fiber optic,0,0,0,0,0,0,Month-to-month,0,Bank transfer (automatic),70.45,849.1,2.315910585
6080-LNESI,0,Male,0,0,0,51,1,1,No,0,0,0,0,0,0,Two year,0,Mailed check,24.75,1234.6,0.813609467
6080-TCMYC,0,Male,0,1,1,40,1,1,Fiber optic,0,0,1,0,0,0,Month-to-month,1,Electronic check,81.2,3292.3,2.669296515
6082-GLJIX,0,Male,0,0,0,18,1,0,No,0,0,0,0,0,0,Month-to-month,0,Mailed check,19.25,331.35,0.632807364
6082-OQFBA,0,Male,0,1,1,23,1,0,No,0,0,0,0,0,0,One year,0,Mailed check,19.65,436.9,0.645956607
6086-ESGRL,1,Female,0,0,0,1,1,0,Fiber optic,0,0,0,0,0,1,Month-to-month,0,Credit card (automatic),80.15,80.15,2.63477975
6087-MVHJH,1,Female,0,0,0,16,1,1,Fiber optic,0,0,1,0,0,1,Month-to-month,1,Electronic check,88.45,1422.1,2.907626561
6087-YPWHO,0,Male,0,1,0,72,1,1,DSL,1,1,1,1,0,0,Two year,0,Mailed check,68.15,4808.7,2.240302433
6088-BXMRG,0,Female,0,1,1,32,1,1,Fiber optic,0,1,0,0,1,1,Month-to-month,1,Electronic check,98.85,3089.6,3.249506903
6092-QZVPP,0,Male,0,0,0,36,1,0,DSL,1,0,1,1,1,1,Month-to-month,1,Credit card (automatic),79.2,2854.95,2.603550296
6094-ZIVKX,0,Female,0,0,0,68,1,0,DSL,1,0,1,0,0,0,One year,1,Credit card (automatic),54.45,3674.95,1.789940828
6096-EGVTU,0,Female,0,1,1,64,1,1,No,0,0,0,0,0,0,One year,0,Mailed check,24.9,1595.5,0.818540434
6097-EQISJ,1,Female,0,1,1,66,1,1,Fiber optic,0,1,1,0,1,1,One year,1,Credit card (automatic),102.45,6615.15,3.367850099
6100-FJZDG,0,Male,0,1,1,26,1,0,No,0,0,0,0,0,0,One year,1,Bank transfer (automatic),20.05,505.9,0.659105851
6100-QQHEB,1,Male,0,1,1,17,1,1,Fiber optic,0,0,0,0,1,1,Month-to-month,1,Electronic check,92.55,1515.1,3.042406312
6101-IMRMM,1,Male,0,0,1,6,1,0,Fiber optic,0,0,1,0,1,1,Month-to-month,0,Mailed check,94.5,575.45,3.106508876
6103-BOCOU,0,Female,0,0,0,26,1,1,Fiber optic,0,0,1,0,0,0,Month-to-month,1,Electronic check,80.7,2193,2.652859961
6103-LIANB,0,Male,0,1,1,59,1,1,Fiber optic,0,0,1,0,1,1,Two year,1,Credit card (automatic),99.5,5861.75,3.270874425
6103-QCKFX,0,Female,0,1,1,44,1,0,DSL,1,0,0,1,0,0,Month-to-month,0,Bank transfer (automatic),56.25,2419.55,1.849112426
6108-OQZDQ,1,Female,0,1,1,4,1,1,Fiber optic,0,1,0,0,1,1,Month-to-month,1,Electronic check,97.95,384.5,3.219921105
6110-OHIHY,1,Male,0,0,0,3,1,0,Fiber optic,0,0,0,0,1,0,Month-to-month,0,Electronic check,79.25,267.6,2.605193951
6112-KTHFQ,0,Female,0,0,0,13,1,0,No,0,0,0,0,0,0,Month-to-month,1,Mailed check,19.3,279.3,0.634451019
6114-TCFID,0,Female,0,0,0,29,0,0,DSL,1,1,0,1,0,0,One year,0,Credit card (automatic),39.5,1082.75,1.298487837
6115-ZTBFQ,0,Female,0,1,0,72,0,0,DSL,1,1,1,1,1,1,Two year,0,Bank transfer (automatic),65.5,4919.7,2.153188692
6116-RFVHN,0,Female,0,1,0,34,1,1,Fiber optic,0,0,1,0,1,1,Month-to-month,1,Electronic check,100.45,3414.65,3.302103879
6119-SPUDB,0,Male,0,0,0,46,0,0,DSL,1,0,1,1,0,0,Two year,0,Mailed check,38.25,1755.35,1.25739645
6120-RJKLU,0,Female,1,1,0,62,1,0,DSL,1,0,1,1,1,1,Two year,1,Credit card (automatic),79.95,4819.75,2.628205128
6121-TNHBO,0,Female,1,0,0,63,1,1,DSL,1,1,1,1,1,0,One year,0,Bank transfer (automatic),83,5243.05,2.728468113
6121-VZNQB,1,Female,0,0,0,1,1,0,No,0,0,0,0,0,0,Month-to-month,1,Mailed check,19.1,19.1,0.627876397
6122-EFVKN,0,Male,0,0,1,24,0,0,DSL,1,0,0,1,0,0,Two year,0,Mailed check,35.75,830.8,1.175213675
6122-LJADA,0,Male,0,1,1,70,1,1,DSL,1,1,1,1,1,1,Two year,1,Credit card (automatic),90.15,6237.05,2.963510848
6124-ACRHJ,0,Female,0,0,0,1,1,0,No,0,0,0,0,0,0,Month-to-month,0,Mailed check,19.75,19.75,0.649243918
6127-ISGTU,1,Female,0,1,0,16,1,1,Fiber optic,0,0,0,0,1,0,Month-to-month,1,Electronic check,84.95,1378.25,2.792570677
6127-IYJOZ,0,Male,1,0,0,1,1,0,DSL,0,0,0,0,0,0,Month-to-month,1,Mailed check,45.85,45.85,1.507232084
6128-AQBMT,0,Male,1,1,0,41,0,0,DSL,0,1,1,0,1,1,Month-to-month,1,Electronic check,53.95,2215.4,1.773504274
6128-CZOMY,1,Female,0,0,0,1,1,0,DSL,0,0,0,0,0,0,Month-to-month,1,Electronic check,45.65,45.65,1.500657462
6128-DAFVY,0,Female,0,0,0,56,0,0,DSL,0,0,0,0,1,1,Month-to-month,1,Credit card (automatic),44.85,2564.95,1.474358974
6131-FOYAS,0,Male,0,0,0,35,1,1,DSL,1,0,1,0,0,0,Month-to-month,1,Electronic check,59.6,2094.9,1.959237344
6131-IUNXN,0,Female,0,1,1,19,1,0,No,0,0,0,0,0,0,Month-to-month,0,Mailed check,20.2,382.2,0.664036818
6131-JLWZM,0,Female,0,0,0,13,1,0,No,0,0,0,0,0,0,Month-to-month,1,Mailed check,20.3,275.4,0.667324129
6133-OZILE,0,Female,0,0,0,18,0,0,DSL,0,0,1,1,0,0,Month-to-month,1,Electronic check,35.2,607.3,1.157133465
6134-KWTBV,0,Male,0,0,0,62,1,1,No,0,0,0,0,0,0,Two year,0,Bank transfer (automatic),23.4,1429.65,0.769230769
6135-OZQVA,0,Female,0,0,0,7,1,1,DSL,1,0,0,0,0,0,Month-to-month,1,Electronic check,53.65,404.35,1.763642341
6137-MFAJN,0,Female,0,0,0,48,0,0,DSL,1,1,0,0,1,0,Month-to-month,1,Electronic check,44.8,2104.55,1.472715319
6137-NICCO,0,Female,0,1,1,6,1,1,Fiber optic,0,1,1,0,1,0,Month-to-month,1,Mailed check,94.05,518.75,3.091715976
6139-ZZRBQ,0,Male,1,0,0,64,1,0,No,0,0,0,0,0,0,Two year,1,Bank transfer (automatic),20.05,1198.05,0.659105851
6140-QNRQQ,1,Male,0,0,0,1,1,0,Fiber optic,0,0,0,0,0,0,Month-to-month,1,Mailed check,71.55,71.55,2.352071006
6141-OOXUQ,1,Male,0,0,0,1,1,0,No,0,0,0,0,0,0,Month-to-month,0,Mailed check,19.65,19.65,0.645956607
6142-VSJQO,1,Female,0,1,1,1,1,0,DSL,0,0,0,0,0,0,Month-to-month,1,Bank transfer (automatic),44.35,44.35,1.457922419
6143-JQKEA,0,Male,0,0,0,10,1,0,DSL,0,0,0,0,0,0,Month-to-month,1,Credit card (automatic),45.8,436.2,1.505588429
6145-NNPNO,0,Female,0,0,0,1,1,0,DSL,0,0,0,0,0,0,Month-to-month,0,Bank transfer (automatic),44.15,44.15,1.451347798
6147-CBCRA,0,Female,0,1,0,33,1,0,No,0,0,0,0,0,0,Month-to-month,0,Mailed check,20.05,669.45,0.659105851
6152-ONASV,0,Female,0,1,0,68,1,1,DSL,1,0,0,1,0,0,One year,0,Bank transfer (automatic),58.25,3975.7,1.914858646
6156-UZDLF,0,Female,0,0,0,26,1,0,Fiber optic,1,0,1,1,0,0,One year,1,Credit card (automatic),87.15,2274.1,2.864891519
6158-DWPZT,1,Male,0,1,0,9,0,0,DSL,0,0,0,0,0,0,One year,0,Bank transfer (automatic),24.1,259.8,0.792241946
6158-HDPXZ,0,Male,0,0,0,1,0,0,DSL,0,0,0,0,0,0,Month-to-month,0,Mailed check,25.35,25.35,0.833333333
6161-ERDGD,0,Male,0,1,1,71,1,1,DSL,1,0,1,1,1,1,One year,0,Electronic check,85.45,6300.85,2.809007232
6161-UUUTA,1,Male,1,0,0,3,1,0,Fiber optic,0,0,0,0,1,0,Month-to-month,1,Electronic check,79.9,260.9,2.626561473
6164-HAQTX,0,Male,0,0,0,71,0,0,DSL,1,1,1,1,1,0,Two year,0,Bank transfer (automatic),53.95,3888.65,1.773504274
6164-HXUGH,0,Female,0,1,1,6,1,0,No,0,0,0,0,0,0,Month-to-month,0,Mailed check,19.85,119.3,0.652531229
6166-ILMNY,1,Female,0,0,0,2,1,0,Fiber optic,0,0,0,0,0,0,Month-to-month,0,Bank transfer (automatic),69.75,144.55,2.292899408
6166-YIPFO,0,Male,0,1,0,72,0,0,DSL,1,1,1,1,1,1,Two year,1,Electronic check,64.7,4746.05,2.126890204
6168-WFVVF,1,Female,1,0,0,3,1,0,Fiber optic,0,0,0,0,0,0,Month-to-month,1,Electronic check,70.3,235.5,2.310979619
6168-YBYNP,0,Male,0,0,0,59,1,1,Fiber optic,0,1,1,1,1,1,Month-to-month,1,Electronic check,111.35,6519.75,3.660420776
6169-PGNCD,0,Female,0,0,0,57,1,0,DSL,1,1,1,1,1,0,Two year,1,Credit card (automatic),74.3,4166.35,2.442472058
6169-PPETC,0,Male,0,1,1,35,1,0,No,0,0,0,0,0,0,Two year,0,Bank transfer (automatic),20.5,759.35,0.673898751
6171-ZTVYB,0,Male,0,1,0,43,1,1,DSL,1,1,0,1,0,0,Month-to-month,0,Bank transfer (automatic),66.25,2907.35,2.177843524
6172-FECYY,1,Male,0,1,1,49,1,1,Fiber optic,0,0,0,0,1,0,Month-to-month,0,Electronic check,84.5,4254.85,2.777777778
6173-GOLSU,0,Male,1,1,0,67,1,1,Fiber optic,0,0,0,0,1,1,Month-to-month,1,Credit card (automatic),94.65,6079,3.111439842
6173-ITPWD,1,Male,0,1,0,47,1,1,Fiber optic,0,1,1,0,0,0,Month-to-month,1,Bank transfer (automatic),83.35,4065,2.739973702
6174-NRBTZ,0,Male,0,0,0,46,0,0,DSL,1,0,0,0,0,0,One year,1,Bank transfer (automatic),30.75,1489.3,1.010848126
6175-IRFIT,0,Male,0,0,0,5,1,0,Fiber optic,0,0,0,0,0,1,Month-to-month,0,Mailed check,78.75,426.35,2.588757396
6176-YJWAS,0,Male,0,1,0,72,1,1,Fiber optic,1,1,1,0,1,0,Two year,1,Credit card (automatic),97.95,7114.25,3.219921105
6177-PEVRA,0,Female,0,0,0,48,1,0,DSL,1,1,0,0,0,0,Two year,0,Credit card (automatic),55.5,2627.35,1.824457594
6178-KFNHS,1,Female,0,0,1,12,1,1,Fiber optic,1,0,0,0,0,0,Month-to-month,1,Electronic check,78.3,909.25,2.573964497
6179-GJPSO,1,Female,1,0,0,43,1,0,Fiber optic,1,1,0,1,1,1,Month-to-month,1,Credit card (automatic),108.15,4600.7,3.555226824
6180-YBIQI,0,Male,0,0,0,5,0,0,DSL,0,0,0,0,0,0,Month-to-month,0,Mailed check,24.3,100.2,0.798816568
6181-AXXYF,0,Male,0,1,1,72,1,1,No,0,0,0,0,0,0,Two year,0,Credit card (automatic),24.75,1859.1,0.813609467
6184-DYUOB,0,Female,0,1,0,3,1,0,No,0,0,0,0,0,0,Month-to-month,1,Mailed check,19.6,55.25,0.644312952
6185-TASNN,0,Male,1,0,0,1,1,0,DSL,0,0,0,0,0,0,Month-to-month,0,Electronic check,46.3,46.3,1.522024984
6188-UXBBR,0,Female,0,1,0,38,1,0,No,0,0,0,0,0,0,One year,1,Credit card (automatic),20.25,814.75,0.665680473
6194-HBGQN,0,Male,0,0,0,51,1,1,DSL,1,1,1,1,1,0,One year,1,Credit card (automatic),81.15,4126.2,2.66765286
6195-MELTI,0,Male,0,0,0,57,1,0,DSL,0,1,0,1,0,0,One year,1,Mailed check,54.65,3134.7,1.79651545
6196-HBOBZ,0,Male,0,1,0,65,1,1,Fiber optic,1,1,1,0,1,0,Two year,1,Electronic check,99.35,6347.55,3.265943458
6198-PNNSZ,0,Female,0,1,0,56,1,1,Fiber optic,1,1,1,0,1,1,One year,0,Bank transfer (automatic),109.8,6109.65,3.609467456
6198-RTPMF,0,Female,0,1,0,17,1,1,Fiber optic,0,0,0,0,1,1,Month-to-month,0,Electronic check,92.6,1579.7,3.044049967
6198-ZFIOJ,0,Female,0,0,0,5,1,1,Fiber optic,0,0,0,0,0,0,Month-to-month,0,Electronic check,75.6,402.5,2.485207101
6199-IPCAO,0,Female,0,1,1,29,1,1,No,0,0,0,0,0,0,Two year,0,Mailed check,26.1,692.55,0.857988166
6199-IWKGC,0,Female,1,1,0,46,1,1,Fiber optic,0,0,0,1,1,1,One year,0,Electronic check,100.25,4753.85,3.295529257
6202-DYYFX,0,Female,0,0,0,22,1,1,Fiber optic,0,0,0,0,0,0,One year,1,Credit card (automatic),76,1783.6,2.498356345
6202-JVYEU,0,Male,0,0,0,9,1,0,No,0,0,0,0,0,0,One year,1,Electronic check,19.9,164.6,0.654174885
6203-HBZPA,0,Male,0,0,0,52,0,0,DSL,1,1,1,1,1,1,Two year,0,Credit card (automatic),63.9,3334.95,2.100591716
6204-IEUXJ,1,Female,0,0,0,3,1,0,Fiber optic,0,0,1,1,0,0,Month-to-month,0,Credit card (automatic),80.1,217.55,2.633136095
6207-WIOLX,1,Female,0,1,1,25,0,0,DSL,1,1,1,0,1,1,Month-to-month,1,Credit card (automatic),58.6,1502.65,1.926364234
6210-KBBPI,1,Male,1,0,0,9,1,1,Fiber optic,0,1,0,0,1,1,Month-to-month,1,Credit card (automatic),99.45,919.4,3.269230769
6211-WHMYA,0,Female,1,0,0,64,0,0,DSL,0,1,0,1,1,0,Month-to-month,1,Electronic check,43.85,2751,1.441485865
6211-WWLTF,0,Male,0,1,0,63,1,0,Fiber optic,1,0,1,0,1,1,Two year,0,Credit card (automatic),99.7,6330.4,3.277449047
6212-ATMLK,0,Female,0,0,0,50,1,1,Fiber optic,0,0,0,0,1,1,Month-to-month,1,Electronic check,95.7,4729.75,3.145956607
6214-EDAKZ,1,Female,0,1,1,22,1,0,DSL,0,1,0,1,0,0,Month-to-month,0,Electronic check,55.15,1206.05,1.812952005
6215-NQCPY,0,Male,0,0,0,15,1,1,Fiber optic,1,0,0,0,1,1,Month-to-month,1,Electronic check,99.7,1566.75,3.277449047
6217-KDYWC,0,Male,0,0,1,57,1,0,No,0,0,0,0,0,0,Two year,1,Mailed check,19.6,1170.55,0.644312952
6217-TOWGS,0,Female,0,1,0,17,1,1,DSL,0,1,0,0,1,1,Month-to-month,1,Bank transfer (automatic),75.4,1322.55,2.478632479
6218-KNUBD,0,Male,0,0,0,6,1,0,DSL,0,1,0,0,1,0,Month-to-month,0,Electronic check,59.45,357.6,1.954306377
6221-AVQYL,1,Male,0,0,0,2,1,1,Fiber optic,0,0,0,0,0,0,Month-to-month,1,Credit card (automatic),73.25,131.05,2.407955293
6223-DHJGV,0,Female,0,0,0,42,1,0,No,0,0,0,0,0,0,One year,1,Mailed check,20.65,958.1,0.678829717
6227-FBDXH,0,Male,0,1,0,69,1,1,Fiber optic,0,0,1,0,1,1,One year,0,Bank transfer (automatic),99.5,6841.45,3.270874425
6227-HWPWX,1,Female,0,0,1,15,1,0,Fiber optic,0,0,0,0,0,0,Month-to-month,0,Bank transfer (automatic),69,994.8,2.268244576
6229-LSCKB,0,Male,1,0,0,6,1,0,Fiber optic,0,0,0,0,1,0,Month-to-month,1,Electronic check,79.7,497.6,2.619986851
6229-UOLQL,0,Male,0,1,1,56,0,0,DSL,1,1,0,1,1,0,One year,1,Mailed check,52,2884.9,1.709401709
6230-BSUXY,1,Female,1,0,0,1,1,0,Fiber optic,0,0,1,0,0,1,Month-to-month,1,Electronic check,85,85,2.794214333
6231-WFGFH,0,Male,0,1,1,4,1,0,No,0,0,0,0,0,0,Month-to-month,1,Mailed check,20.5,77.6,0.673898751
6233-HXJMX,0,Female,0,0,0,45,1,1,Fiber optic,0,0,1,0,0,1,Month-to-month,1,Credit card (automatic),89.3,4192.15,2.935568705
6234-PFPXL,0,Male,0,1,0,22,1,1,Fiber optic,1,0,0,1,1,0,Month-to-month,0,Credit card (automatic),95.9,2234.95,3.152531229
6234-RAAPL,0,Female,0,1,1,72,1,1,Fiber optic,1,1,0,1,1,0,Two year,0,Bank transfer (automatic),99.9,7251.7,3.284023669
6235-VDHOM,1,Female,1,0,0,5,0,0,DSL,0,1,0,0,0,0,Month-to-month,0,Electronic check,28.45,131.05,0.935239974
6240-EURKS,1,Female,0,0,1,18,0,0,DSL,0,0,0,0,0,1,Month-to-month,1,Electronic check,35,553,1.150558843
6242-FEGFD,0,Male,0,1,0,66,1,1,Fiber optic,1,1,1,1,0,0,Two year,0,Mailed check,96.6,6424.25,3.175542406
6242-MBHPK,0,Female,1,1,0,23,1,0,Fiber optic,1,0,0,0,1,1,Month-to-month,1,Electronic check,95.1,2326.05,3.126232742
6242-SGYTS,0,Male,0,1,1,62,1,1,Fiber optic,1,1,0,0,1,0,One year,1,Credit card (automatic),94.95,5791.85,3.121301775
6243-OZGFH,0,Female,0,0,0,23,0,0,DSL,0,0,0,0,1,1,Month-to-month,1,Electronic check,44.95,996.85,1.477646285
6244-BESBM,0,Male,0,1,1,69,1,0,Fiber optic,0,0,0,1,1,1,Two year,1,Credit card (automatic),95.2,6671.7,3.129520053
6248-BSHKG,0,Male,0,1,1,61,1,0,No,0,0,0,0,0,0,One year,0,Mailed check,20.4,1226.45,0.67061144
6248-TKCQV,0,Female,0,1,1,70,1,1,DSL,1,0,0,1,1,1,Two year,1,Bank transfer (automatic),80.6,5460.2,2.64957265
6250-CGGUN,0,Male,0,0,0,54,1,0,Fiber optic,1,0,1,1,0,0,One year,0,Electronic check,84.4,4484.05,2.774490467
6252-DFGTK,0,Female,0,1,0,37,1,1,DSL,1,0,1,1,0,0,One year,0,Credit card (automatic),68.1,2479.25,2.238658777
6253-GNHWH,0,Female,0,1,1,71,1,1,DSL,1,1,1,1,0,0,Two year,0,Mailed check,71.1,5224.95,2.337278107
6253-WRFHY,0,Male,0,1,1,13,1,0,DSL,0,0,0,0,1,1,One year,1,Electronic check,64.75,877.35,2.128533859
6257-DTAYD,0,Male,0,1,0,71,1,1,Fiber optic,0,1,0,1,1,1,Two year,1,Credit card (automatic),104.15,7365.3,3.423734385
6257-RJOHI,0,Male,0,0,0,4,1,0,DSL,0,0,0,1,0,0,Month-to-month,1,Mailed check,50.8,202.3,1.669953978
6258-NGCNG,0,Male,0,0,0,7,1,1,No,0,0,0,0,0,0,Month-to-month,0,Mailed check,23.5,173,0.77251808
6258-PVZWJ,0,Male,0,1,0,68,1,1,DSL,1,1,1,1,1,1,Two year,1,Credit card (automatic),90.8,6302.85,2.984878369
6259-WJQLC,0,Male,1,0,0,32,1,1,Fiber optic,0,0,1,0,0,0,Month-to-month,1,Credit card (automatic),81.1,2619.25,2.666009204
6260-ONULR,0,Male,0,0,0,1,1,0,DSL,0,0,0,0,1,1,Month-to-month,1,Mailed check,62.8,62.8,2.064431295
6260-XLACS,0,Male,0,0,0,4,1,0,No,0,0,0,0,0,0,One year,0,Mailed check,19.7,117.8,0.647600263
6261-LHRTG,0,Female,0,0,0,26,1,0,DSL,0,1,1,0,0,0,Month-to-month,1,Credit card (automatic),54.75,1406.9,1.799802761
6261-RCVNS,1,Female,0,0,0,42,1,0,DSL,1,1,1,1,0,1,One year,0,Credit card (automatic),73.9,3160.55,2.429322814
6265-FRMTQ,0,Male,0,0,0,31,1,0,No,0,0,0,0,0,0,Two year,0,Bank transfer (automatic),20.4,609.1,0.67061144
6265-SXWBU,0,Male,0,1,1,69,1,1,Fiber optic,0,1,1,0,1,0,One year,0,Credit card (automatic),95.75,6511.25,3.147600263
6266-QHOJZ,0,Female,0,0,0,65,1,1,Fiber optic,1,1,0,1,0,0,One year,1,Electronic check,89.85,5844.65,2.953648915
6267-DCFFZ,0,Female,1,1,0,30,1,1,Fiber optic,0,1,0,0,1,0,Month-to-month,1,Electronic check,90.05,2627.2,2.960223537
6270-OMFIW,1,Male,0,1,0,60,1,0,Fiber optic,0,1,0,0,1,1,One year,1,Electronic check,94.4,5610.25,3.103221565
6275-YDUVO,1,Female,0,0,0,2,1,0,Fiber optic,0,0,1,0,0,1,Month-to-month,1,Mailed check,86.2,178.7,2.833662064
6278-FEPBZ,0,Female,0,0,0,9,1,0,No,0,0,0,0,0,0,Month-to-month,0,Mailed check,20.25,186.15,0.665680473
6281-FKEWS,0,Female,0,0,0,44,0,0,DSL,0,0,1,0,1,1,One year,1,Electronic check,49.05,2265,1.612426036
6283-GITPX,0,Male,0,0,1,71,1,0,DSL,1,1,1,1,1,0,Two year,1,Credit card (automatic),76.9,5522.7,2.527942143
6284-AHOOQ,1,Male,1,0,0,22,1,1,Fiber optic,0,0,0,1,1,0,Month-to-month,1,Bank transfer (automatic),90.5,1910.6,2.975016437
6284-KMNUF,0,Female,0,1,0,56,1,1,Fiber optic,1,0,0,0,1,1,One year,1,Electronic check,98,5270.6,3.22156476
6285-FTQBF,0,Male,0,1,1,72,1,1,No,0,0,0,0,0,0,Two year,0,Credit card (automatic),25.55,1867.7,0.839907955
6286-SUUWT,0,Male,0,0,0,1,1,0,No,0,0,0,0,0,0,Month-to-month,0,Mailed check,19.95,19.95,0.65581854
6286-ZHAOK,0,Female,0,1,1,20,1,1,No,0,0,0,0,0,0,Month-to-month,1,Bank transfer (automatic),25.55,507.4,0.839907955
6288-CHQJB,0,Female,0,1,1,54,1,0,DSL,1,0,1,1,0,1,Two year,0,Bank transfer (automatic),69.95,3871.85,2.29947403
6288-LBEAR,0,Female,0,0,0,23,1,0,Fiber optic,0,1,0,1,0,0,Month-to-month,1,Mailed check,79.1,1783.75,2.600262985
6289-CPNLD,1,Male,0,1,1,33,1,0,DSL,0,0,1,1,1,1,One year,1,Mailed check,73.9,2405.05,2.429322814
6292-TOSSS,0,Male,0,0,0,50,1,1,No,0,0,0,0,0,0,Two year,0,Bank transfer (automatic),24.9,1195.25,0.818540434
6295-OSINB,0,Male,0,1,0,72,1,1,Fiber optic,1,1,1,0,1,1,Two year,1,Electronic check,109.65,7880.25,3.604536489
6296-DDOOR,0,Female,0,0,0,19,1,0,DSL,0,1,0,0,1,0,One year,0,Electronic check,58.2,1045.25,1.91321499
6297-NOOPG,0,Female,0,1,0,70,1,1,Fiber optic,0,1,1,1,1,1,Two year,1,Electronic check,110.5,7752.05,3.632478632
6298-QDFNH,1,Male,0,0,0,22,1,1,Fiber optic,0,1,0,0,0,0,Month-to-month,1,Electronic check,79.35,1730.35,2.608481262
6300-BWMJX,0,Female,0,1,0,59,1,1,Fiber optic,0,0,1,1,1,0,Month-to-month,0,Electronic check,93.35,5386.5,3.068704799
6302-JGYRJ,1,Male,0,0,1,31,1,1,DSL,0,1,0,1,1,1,One year,1,Mailed check,79.45,2587.7,2.611768573
6303-KFWSL,0,Female,0,0,0,29,1,1,DSL,0,1,0,0,0,0,One year,1,Electronic check,55.25,1620.2,1.816239316
6304-IJFSQ,1,Male,0,0,0,3,1,0,DSL,0,1,0,0,0,0,Month-to-month,1,Mailed check,49.9,130.1,1.640368179
6305-YLBMM,1,Male,0,0,0,69,1,0,Fiber optic,0,1,1,1,1,1,One year,1,Bank transfer (automatic),104.05,7262,3.420447074
6308-CQRBU,0,Female,0,1,0,71,1,1,Fiber optic,0,1,1,1,1,1,Two year,0,Electronic check,109.25,7707.7,3.591387245
6311-UEUME,1,Female,0,0,0,29,1,0,Fiber optic,0,0,0,0,1,0,Month-to-month,1,Electronic check,78.9,2384.15,2.593688363
6313-GIDIT,1,Male,1,0,0,53,0,0,DSL,0,1,1,0,1,1,Month-to-month,1,Electronic check,54.45,2854.55,1.789940828
6317-YPKDH,1,Female,0,0,0,1,0,0,DSL,0,1,0,0,0,0,Month-to-month,0,Bank transfer (automatic),29.95,29.95,0.984549638
6319-IEJWJ,1,Male,0,1,1,20,1,0,Fiber optic,0,0,0,0,1,1,Month-to-month,1,Electronic check,90.2,1776.55,2.965154504
6319-QSUSR,0,Female,0,0,1,11,1,0,No,0,0,0,0,0,0,Month-to-month,0,Credit card (automatic),19.7,216.2,0.647600263
6322-HRPFA,0,Male,0,1,1,49,1,0,DSL,1,1,0,1,0,0,Month-to-month,0,Credit card (automatic),59.6,2970.3,1.959237344
6322-PJJDJ,0,Male,0,1,0,49,1,0,Fiber optic,0,1,0,0,1,1,Two year,1,Electronic check,94.8,4690.65,3.116370809
6323-AYBRX,1,Male,0,0,0,59,1,0,No,0,0,0,0,0,0,Two year,0,Mailed check,19.35,1099.6,0.636094675
6326-MTTXK,1,Male,0,0,0,8,1,1,Fiber optic,0,1,0,0,1,1,Month-to-month,0,Electronic check,100.85,819.55,3.315253123
6328-ZPBGN,1,Female,1,0,0,11,1,1,Fiber optic,0,0,0,0,1,1,Month-to-month,1,Bank transfer (automatic),95.15,997.65,3.127876397
6330-JKLPC,1,Male,0,1,0,11,1,1,Fiber optic,0,1,0,0,0,0,Month-to-month,1,Bank transfer (automatic),80.5,896.9,2.646285339
6331-EWIEB,1,Male,0,0,0,20,1,1,Fiber optic,0,0,0,0,1,0,Month-to-month,1,Electronic check,85.25,1734.5,2.80243261
6331-LWDTQ,1,Male,0,0,0,10,1,1,DSL,0,0,0,0,1,1,Month-to-month,1,Credit card (automatic),72.15,794.25,2.371794872
6332-FBZRI,0,Male,0,1,1,67,1,1,DSL,1,1,1,1,0,0,One year,1,Credit card (automatic),69.35,4653.25,2.279750164
6333-YDVLT,0,Male,0,0,0,65,1,1,Fiber optic,1,0,1,1,1,1,One year,1,Credit card (automatic),110,7138.65,3.616042078
6338-AVWCY,1,Male,0,0,0,3,0,0,DSL,0,0,1,0,1,0,Month-to-month,1,Mailed check,40.15,130.75,1.319855358
6339-DKLMK,0,Female,0,0,0,13,0,0,DSL,0,1,0,0,0,0,Month-to-month,1,Electronic check,31.65,389.95,1.040433925
6339-RZCBJ,0,Male,0,0,0,48,1,0,DSL,0,1,1,1,1,1,Two year,0,Credit card (automatic),78.9,3771.5,2.593688363
6339-TBELP,0,Male,0,0,0,71,1,1,Fiber optic,0,0,1,1,0,0,Two year,1,Credit card (automatic),86.4,6172,2.840236686
6339-YPSAH,0,Male,0,0,0,9,1,0,Fiber optic,0,0,1,0,0,0,Month-to-month,1,Electronic check,73.8,704.3,2.426035503
6340-DACFT,0,Female,0,1,1,50,1,0,No,0,0,0,0,0,0,Two year,0,Credit card (automatic),20.55,1070.25,0.675542406
6341-AEVKX,0,Female,0,1,0,62,1,0,Fiber optic,1,0,1,1,1,1,One year,1,Electronic check,104.3,6613.65,3.428665352
6341-JVQGF,0,Female,0,1,1,31,1,0,DSL,1,0,1,1,1,1,One year,1,Mailed check,81.15,2545.75,2.66765286
6344-SFJVH,0,Female,0,0,0,20,0,0,DSL,0,0,0,0,0,0,Month-to-month,0,Credit card (automatic),24.9,505.95,0.818540434
6345-FZOQH,0,Male,0,1,0,69,1,0,No,0,0,0,0,0,0,Two year,0,Mailed check,19.9,1363.45,0.654174885
6345-HOVES,0,Male,0,0,0,34,0,0,DSL,0,0,0,0,0,0,Month-to-month,1,Bank transfer (automatic),25.05,852.7,0.8234714
6345-ULYRW,1,Male,1,1,0,44,1,1,Fiber optic,0,1,0,0,0,1,One year,0,Mailed check,88.4,3912.9,2.905982906
6347-DCUIK,1,Male,0,0,0,10,1,1,Fiber optic,0,0,0,0,0,0,Month-to-month,1,Mailed check,74.15,811.8,2.437541091
6348-SNFUS,0,Male,0,1,1,72,0,0,DSL,1,1,1,1,0,1,Two year,1,Credit card (automatic),55.45,4179.2,1.822813938
6349-JDHQP,0,Female,0,0,0,53,1,0,No,0,0,0,0,0,0,Two year,0,Credit card (automatic),19.85,1049.6,0.652531229
6350-XFYGW,0,Male,1,0,0,4,1,0,Fiber optic,0,0,1,0,1,1,Month-to-month,1,Electronic check,94.75,422.4,3.114727153
6351-SCJKT,0,Male,0,0,0,3,0,0,DSL,1,0,1,1,0,0,Month-to-month,0,Mailed check,41.35,107.25,1.35930309
6352-GIGGQ,0,Male,0,0,0,67,1,1,DSL,1,1,1,1,1,1,One year,1,Bank transfer (automatic),88.8,5903.15,2.91913215
6352-TWCAU,1,Female,0,0,0,35,1,1,Fiber optic,0,0,0,0,1,0,Month-to-month,1,Electronic check,86.45,3029.1,2.841880342
6353-BRMMA,0,Female,0,1,1,54,1,1,Fiber optic,1,1,0,0,1,1,Month-to-month,1,Bank transfer (automatic),104.1,5645.8,3.42209073
6356-ELRKD,1,Female,0,0,0,1,1,0,Fiber optic,1,0,0,0,1,1,Month-to-month,1,Electronic check,95.6,95.6,3.142669297
6357-JJPQT,0,Female,0,0,0,3,1,0,Fiber optic,0,0,0,0,1,0,Month-to-month,1,Electronic check,80.5,232.35,2.646285339
6358-LYNGM,1,Male,0,0,0,1,1,1,Fiber optic,0,0,0,0,0,0,Month-to-month,1,Electronic check,74.9,74.9,2.462195924
6360-SVNWV,0,Female,1,0,0,31,1,0,Fiber optic,1,0,0,0,0,0,Month-to-month,1,Credit card (automatic),73.55,2094.65,2.417817226
6362-QHAFM,0,Male,0,1,0,42,1,1,Fiber optic,0,0,1,1,1,1,One year,1,Electronic check,108.3,4586.15,3.560157791
6365-HITVU,0,Female,0,1,1,71,1,0,DSL,1,1,1,1,1,1,Two year,0,Credit card (automatic),87.25,6328.7,2.86817883
6365-MTGZX,1,Male,0,0,0,24,1,0,Fiber optic,0,0,0,1,1,1,Month-to-month,1,Electronic check,96,2122.45,3.15581854
6366-XIVKZ,0,Female,0,1,1,13,1,0,DSL,1,0,1,0,0,1,Month-to-month,1,Mailed check,63.15,816.8,2.075936884
6366-ZGQGL,1,Male,0,0,0,1,0,0,DSL,0,0,0,0,0,0,Month-to-month,0,Bank transfer (automatic),24.8,24.8,0.815253123
6368-NWMCE,0,Female,0,0,0,38,1,1,DSL,0,1,0,1,0,1,Month-to-month,0,Credit card (automatic),68.15,2656.3,2.240302433
6368-TZZDT,0,Male,0,1,1,4,1,0,No,0,0,0,0,0,0,Two year,0,Credit card (automatic),19.5,96.85,0.641025641
6369-MCAKO,0,Female,0,1,1,68,1,1,DSL,1,1,1,1,1,1,Two year,1,Bank transfer (automatic),89.05,6185.8,2.927350427
6370-ZVHDV,0,Female,0,1,0,61,1,1,No,0,0,0,0,0,0,Two year,0,Bank transfer (automatic),25.3,1554.9,0.831689678
6371-NZYEG,0,Male,0,1,1,16,1,0,DSL,1,0,1,0,1,0,Two year,0,Mailed check,64.25,1024,2.112097304
6372-RFVNS,1,Female,0,1,0,1,1,0,Fiber optic,0,0,0,0,1,0,Month-to-month,0,Electronic check,78.8,78.8,2.590401052
6374-AFWOX,0,Male,0,1,0,46,1,0,DSL,1,1,1,1,0,0,Two year,0,Mailed check,65.65,3047.15,2.158119658
6374-NTQLP,0,Male,1,1,1,72,1,0,Fiber optic,1,0,1,1,1,1,Two year,1,Credit card (automatic),104.1,7447.7,3.42209073
6376-GAHQE,1,Male,0,0,0,4,1,0,Fiber optic,0,0,0,0,1,0,Month-to-month,0,Electronic check,77.85,299.2,2.559171598
6377-KSLXC,0,Male,0,0,0,5,1,0,No,0,0,0,0,0,0,Month-to-month,0,Mailed check,19.95,107.05,0.65581854
6377-WHAOX,0,Female,0,1,0,60,1,1,Fiber optic,0,1,1,0,1,1,Month-to-month,1,Electronic check,106.15,6411.25,3.489480605
6379-RXJRQ,1,Male,0,1,0,10,1,0,Fiber optic,0,0,0,0,0,0,Month-to-month,1,Electronic check,70.1,659.65,2.304404997
6380-ARCEH,0,Male,0,0,0,1,1,0,No,0,0,0,0,0,0,Month-to-month,0,Mailed check,20.2,20.2,0.664036818
6383-ZTSIW,0,Female,1,1,0,39,1,0,Fiber optic,1,1,0,0,1,1,One year,0,Mailed check,99.1,3877.95,3.257725181
6384-VMJHP,0,Female,0,0,0,72,1,0,DSL,1,1,1,1,0,1,Two year,1,Credit card (automatic),73,5265.2,2.399737015
6386-SZZKH,1,Female,0,1,1,49,1,1,Fiber optic,0,1,1,1,1,1,Two year,1,Bank transfer (automatic),107.95,5293.2,3.548652202
6388-TABGU,0,Male,0,0,1,62,1,0,DSL,1,1,0,0,0,0,One year,0,Bank transfer (automatic),56.15,3487.95,1.845825115
6390-DSAZX,1,Female,0,0,1,1,1,0,Fiber optic,1,0,0,0,0,0,Month-to-month,1,Mailed check,73.6,73.6,2.419460881
6393-WRYZE,1,Female,0,1,0,34,1,1,Fiber optic,0,0,0,0,1,1,Month-to-month,1,Electronic check,97.65,3207.55,3.210059172
6394-HHHZM,0,Male,0,0,0,3,1,0,No,0,0,0,0,0,0,Month-to-month,0,Mailed check,20.7,57.5,0.680473373
6394-MFYNG,1,Female,0,0,0,48,1,1,Fiber optic,0,1,1,0,1,1,Month-to-month,1,Bank transfer (automatic),107.4,5121.3,3.530571992
6397-JNZZG,1,Female,1,1,0,43,0,0,DSL,0,1,1,0,1,1,Month-to-month,0,Credit card (automatic),55.55,2342.2,1.826101249
6400-BWQKW,1,Female,0,0,0,6,1,1,Fiber optic,1,0,0,0,0,0,Month-to-month,1,Electronic check,79.05,434.5,2.598619329
6402-EJMWF,0,Male,0,0,0,4,1,0,DSL,0,0,0,0,0,1,Month-to-month,1,Mailed check,55.3,238.5,1.817882972
6402-SSEJG,0,Female,0,0,0,25,0,0,DSL,1,1,1,0,1,1,One year,0,Electronic check,61.05,1540.2,2.006903353
6402-ZFPPI,1,Female,1,0,0,25,1,1,Fiber optic,1,1,0,0,1,1,Month-to-month,1,Mailed check,102.8,2660.2,3.379355687
6407-GSJNL,0,Female,0,0,0,51,1,1,No,0,0,0,0,0,0,Two year,0,Bank transfer (automatic),24.95,1288,0.820184089
6407-UTSLV,0,Female,1,0,0,2,1,0,Fiber optic,0,1,0,0,1,0,Month-to-month,1,Bank transfer (automatic),83.8,163.7,2.754766601
6408-OTUBZ,0,Female,0,0,0,66,1,1,Fiber optic,1,1,1,1,1,0,One year,1,Bank transfer (automatic),104.55,6779.05,3.436883629
6408-WHTEF,0,Male,0,1,1,72,1,1,DSL,1,1,1,1,1,1,Two year,1,Mailed check,89.4,6376.55,2.938856016
6410-LEFEN,1,Female,0,0,0,9,1,0,DSL,0,0,0,0,0,0,Month-to-month,0,Electronic check,45.15,416.45,1.484220907
6413-XKKPU,1,Male,0,1,1,17,1,0,Fiber optic,1,0,1,0,1,0,Month-to-month,1,Electronic check,89.4,1539.45,2.938856016
6416-JNVRK,0,Female,0,0,0,46,1,0,DSL,0,0,0,0,0,1,One year,0,Credit card (automatic),55.65,2688.85,1.82938856
6416-TVAIH,1,Male,0,1,1,1,1,0,Fiber optic,0,0,0,0,0,0,Month-to-month,1,Electronic check,68.5,68.5,2.251808021
6416-YJTTB,0,Male,0,0,0,11,1,0,Fiber optic,1,0,1,0,0,0,Month-to-month,1,Bank transfer (automatic),79.5,795.65,2.613412229
6418-HNFED,0,Male,0,1,0,51,1,0,DSL,1,1,1,1,1,1,Two year,1,Credit card (automatic),83.25,4089.45,2.736686391
6418-PIQSP,0,Female,0,1,0,62,1,0,DSL,1,0,1,1,1,1,Two year,0,Mailed check,81,4985.9,2.662721893
6419-ZTTLE,0,Male,1,1,0,23,1,0,No,0,0,0,0,0,0,One year,1,Electronic check,20.75,485.2,0.682117028
6421-SZVEM,0,Female,0,1,1,28,1,0,Fiber optic,1,0,0,0,0,1,One year,1,Bank transfer (automatic),82.85,2320.8,2.723537147
6424-ELEYH,1,Female,0,1,0,3,1,1,Fiber optic,0,0,0,0,0,0,Month-to-month,1,Credit card (automatic),74.75,229.5,2.457264957
6425-JWTDV,0,Male,0,1,0,48,1,0,No,0,0,0,0,0,0,Two year,0,Mailed check,19.25,855.1,0.632807364
6425-YQLLO,1,Female,1,1,0,66,1,1,Fiber optic,0,0,1,1,1,1,One year,1,Credit card (automatic),105.95,6975.25,3.482905983
6427-FEFIG,0,Female,0,1,1,24,1,1,DSL,1,0,1,0,1,1,Two year,0,Credit card (automatic),78.6,1846.65,2.58382643
6429-SHBCB,0,Male,0,0,0,19,1,1,DSL,0,0,0,0,1,1,Month-to-month,0,Mailed check,69.6,1394.55,2.287968442
6432-TWQLB,1,Male,0,1,0,5,1,1,Fiber optic,0,1,0,1,0,0,Month-to-month,1,Electronic check,85.4,401.1,2.807363577
6434-TTGJP,0,Male,0,1,1,10,0,0,DSL,1,1,1,1,0,1,Two year,0,Credit card (automatic),53.7,521,1.765285996
6435-SRWBJ,0,Female,0,0,0,5,1,1,Fiber optic,0,0,1,1,0,0,Month-to-month,1,Electronic check,82.75,417.75,2.720249836
6435-VWCCY,0,Male,1,1,0,65,1,1,Fiber optic,1,1,0,0,1,0,Two year,1,Credit card (automatic),92.7,5968.4,3.047337278
6437-UDQJM,0,Female,1,1,0,72,1,1,DSL,1,1,1,0,1,1,Two year,1,Credit card (automatic),84.1,6129.65,2.764628534
6437-UKHMV,1,Female,0,0,0,7,1,0,Fiber optic,0,0,0,0,1,0,Month-to-month,1,Electronic check,79.7,586.05,2.619986851
6439-GTPCA,1,Female,0,0,0,45,1,1,Fiber optic,0,0,1,1,0,0,Month-to-month,1,Electronic check,87.25,3941.7,2.86817883
6439-LAJXL,0,Male,0,1,0,9,1,0,DSL,1,1,0,1,1,0,Month-to-month,1,Mailed check,68.95,593.85,2.26660092
6439-PKTRR,0,Female,0,1,1,70,1,1,DSL,1,1,1,1,1,0,Two year,0,Electronic check,80.7,5617.95,2.652859961
6440-DKQGE,0,Male,0,0,1,30,1,0,DSL,0,1,1,0,1,0,One year,0,Credit card (automatic),64.5,1929.95,2.120315582
6445-TNRXS,0,Male,0,1,1,68,1,1,Fiber optic,1,1,1,1,1,1,Two year,1,Bank transfer (automatic),114.7,7849.85,3.770545694
6447-EGDIV,0,Female,0,0,0,31,1,0,No,0,0,0,0,0,0,One year,0,Mailed check,20.95,683.25,0.68869165
6447-GORXK,0,Male,0,0,1,31,0,0,DSL,0,0,0,0,0,0,Month-to-month,0,Credit card (automatic),25,789.2,0.821827745
6457-GIRWB,1,Male,0,0,0,1,1,0,Fiber optic,0,0,0,0,0,0,Month-to-month,1,Electronic check,69.35,69.35,2.279750164
6457-USBER,1,Male,0,0,0,1,1,0,Fiber optic,0,0,0,0,0,1,Month-to-month,1,Electronic check,80.8,80.8,2.656147272
6458-CYIDZ,0,Female,1,0,0,5,1,0,Fiber optic,1,1,0,0,0,0,Month-to-month,0,Electronic check,80.7,374.8,2.652859961
6461-PPAXN,0,Female,0,1,1,35,1,0,DSL,1,0,0,1,0,0,One year,1,Bank transfer (automatic),54.95,1916,1.806377383
6461-SZMCV,0,Female,0,1,0,71,1,1,DSL,1,1,1,1,1,1,Two year,0,Bank transfer (automatic),87.95,6365.35,2.891190007
6463-HHXJR,0,Female,0,1,1,71,1,1,Fiber optic,1,1,1,0,1,0,Two year,0,Bank transfer (automatic),100.5,7030.65,3.303747535
6463-MVYRY,0,Female,1,0,0,57,1,0,DSL,1,0,1,1,1,0,Two year,0,Bank transfer (automatic),69.85,4003,2.296186719
6464-KEXXH,0,Male,0,0,0,8,0,0,DSL,0,0,0,0,0,0,Month-to-month,1,Credit card (automatic),25.25,186.3,0.830046022
6465-GSRCL,0,Female,0,0,1,67,1,1,Fiber optic,0,1,0,1,1,1,One year,1,Bank transfer (automatic),106.6,7244.7,3.504273504
6467-CHFZW,1,Male,0,1,1,47,1,1,Fiber optic,0,1,0,0,1,1,Month-to-month,1,Electronic check,99.35,4749.15,3.265943458
6469-MRVET,0,Male,0,1,1,1,1,0,No,0,0,0,0,0,0,One year,1,Electronic check,20.2,20.2,0.664036818
6469-QJKZW,0,Female,0,1,0,4,1,0,No,0,0,0,0,0,0,Month-to-month,0,Electronic check,20.15,91.4,0.662393162
6473-ULUHT,0,Male,0,1,1,16,1,1,DSL,1,1,0,1,1,1,Month-to-month,0,Electronic check,84.9,1398.25,2.790927022
6474-FVJLC,1,Male,0,0,0,2,1,1,Fiber optic,0,0,0,0,0,1,Month-to-month,1,Electronic check,86,165.45,2.827087442
6475-VHUIZ,0,Female,0,1,0,23,1,0,DSL,0,0,1,1,0,0,Month-to-month,0,Electronic check,54.25,1221.55,1.783366206
6476-EPYZR,0,Male,0,1,1,12,1,0,No,0,0,0,0,0,0,Month-to-month,0,Mailed check,20.5,255.5,0.673898751
6476-YHMGA,0,Female,0,1,1,15,1,0,DSL,0,1,1,1,1,1,Month-to-month,0,Bank transfer (automatic),76.5,1155.6,2.514792899
6478-HRRCZ,0,Male,0,1,0,32,1,0,DSL,1,1,0,1,0,1,One year,0,Mailed check,70.5,2201.75,2.317554241
6479-OAUSD,0,Male,0,0,0,25,1,0,No,0,0,0,0,0,0,One year,0,Credit card (automatic),19.9,510.8,0.654174885
6479-SZPLM,0,Male,0,1,1,36,1,0,No,0,0,0,0,0,0,Two year,0,Credit card (automatic),19.45,754.5,0.639381986
6479-VDGRK,0,Female,0,1,1,72,1,0,DSL,1,1,1,1,1,1,Two year,0,Bank transfer (automatic),85.3,6129.2,2.804076266
6480-YAGIY,0,Male,0,0,0,45,1,0,Fiber optic,1,1,1,1,1,1,One year,0,Credit card (automatic),112.2,5031.85,3.688362919
6481-ESCNL,0,Female,0,0,0,29,1,1,Fiber optic,0,0,1,0,1,1,Month-to-month,0,Bank transfer (automatic),100.55,2878.75,3.30539119
6481-LXPWL,0,Male,0,1,1,56,0,0,DSL,0,1,1,0,0,0,One year,1,Credit card (automatic),36.1,1971.5,1.186719264
6481-OGDOO,1,Male,0,1,0,67,1,0,Fiber optic,1,1,0,0,0,1,One year,1,Credit card (automatic),90.6,6056.15,2.978303748
6483-OATDN,0,Male,0,1,1,8,1,0,DSL,1,0,0,0,0,0,Month-to-month,1,Credit card (automatic),51.3,411.6,1.686390533
6484-LATFU,0,Male,0,0,0,68,1,1,No,0,0,0,0,0,0,Two year,0,Mailed check,24.55,1657.4,0.807034845
6485-QXWWE,0,Female,0,0,1,62,1,1,No,0,0,0,0,0,0,Two year,0,Bank transfer (automatic),26,1638.7,0.854700855
6486-LHTMA,0,Female,1,1,0,31,1,1,Fiber optic,0,0,1,0,1,0,One year,1,Electronic check,90.7,2835.5,2.981591059
6490-FGZAT,0,Male,0,0,0,6,1,0,No,0,0,0,0,0,0,Month-to-month,0,Mailed check,20.65,109.3,0.678829717
6496-JDSSB,0,Female,0,0,0,8,1,0,Fiber optic,0,0,0,0,1,0,Month-to-month,1,Bank transfer (automatic),80,624.6,2.629848784
6496-SLWHQ,1,Male,1,0,0,3,1,1,Fiber optic,0,1,1,0,1,1,Month-to-month,1,Electronic check,105,294.45,3.451676529
6497-TILVL,0,Female,0,1,1,7,1,0,DSL,1,0,0,0,0,0,Month-to-month,0,Mailed check,50.7,350.35,1.666666667
6500-JVEGC,0,Male,0,0,0,68,1,1,Fiber optic,1,1,1,0,1,0,One year,0,Bank transfer (automatic),101.35,7110.75,3.331689678
6502-HCJTI,1,Male,1,1,0,7,1,1,Fiber optic,1,1,0,0,0,1,Month-to-month,1,Credit card (automatic),94.7,673.1,3.113083498
6502-KUGLL,0,Female,0,1,1,14,1,0,DSL,1,1,0,1,0,0,Month-to-month,0,Bank transfer (automatic),59.45,780.85,1.954306377
6502-MJQAE,1,Male,0,0,0,1,1,0,Fiber optic,0,0,0,0,0,0,Month-to-month,1,Electronic check,69.6,69.6,2.287968442
6504-VBLFL,0,Male,0,1,0,55,1,0,DSL,1,1,1,0,0,0,Two year,0,Electronic check,58.6,3068.6,1.926364234
6505-OZNPG,0,Female,0,0,0,6,0,0,DSL,1,1,1,1,1,1,Two year,1,Mailed check,63.4,348.8,2.084155161
6506-EYCNH,0,Female,0,1,1,28,1,0,No,0,0,0,0,0,0,Month-to-month,1,Bank transfer (automatic),19.55,543.8,0.642669297
6507-DTJZV,0,Male,0,0,1,13,1,0,DSL,0,0,0,0,1,1,Month-to-month,0,Credit card (automatic),66.4,831.75,2.18277449
6507-ZJSUR,0,Male,1,1,0,23,1,0,Fiber optic,0,0,0,0,1,1,Month-to-month,1,Electronic check,90.45,2117.25,2.973372781
6508-NJYRO,0,Male,0,1,0,15,1,0,No,0,0,0,0,0,0,One year,0,Mailed check,18.8,294.95,0.618014464
6509-TSGWN,0,Female,0,1,1,37,1,1,No,0,0,0,0,0,0,Month-to-month,0,Mailed check,26.45,911.6,0.869493754
6510-UPNKS,0,Female,0,0,0,23,1,1,No,0,0,0,0,0,0,One year,0,Credit card (automatic),24.8,615.35,0.815253123
6513-EECDB,1,Male,1,1,0,1,1,1,Fiber optic,0,0,0,0,0,0,Month-to-month,1,Electronic check,73.55,73.55,2.417817226
6516-NKQBO,0,Male,0,1,1,38,1,0,DSL,1,0,1,1,1,1,Two year,0,Credit card (automatic),81,3084.9,2.662721893
6518-KZXCB,0,Male,0,0,0,22,1,1,No,0,0,0,0,0,0,Two year,0,Mailed check,25.25,566.5,0.830046022
6518-LGAOV,1,Female,0,1,0,38,1,1,Fiber optic,0,0,1,1,1,1,Month-to-month,1,Electronic check,105,4026.4,3.451676529
6518-PPLMZ,0,Male,0,1,1,53,1,0,No,0,0,0,0,0,0,Two year,1,Mailed check,19.4,1110.35,0.63773833
6519-CFDBX,0,Female,0,0,0,2,1,0,DSL,0,0,0,0,0,0,Month-to-month,1,Electronic check,45.4,80.95,1.492439185
6519-ZHPXP,0,Female,0,1,1,72,1,0,Fiber optic,1,1,1,1,1,1,Two year,1,Bank transfer (automatic),108.3,7679.65,3.560157791
6521-YYTYI,1,Male,0,0,1,1,1,1,Fiber optic,0,0,0,0,1,1,Month-to-month,1,Electronic check,93.3,93.3,3.067061144
6522-OIQSX,0,Female,0,1,1,69,0,0,DSL,0,1,1,0,1,1,Two year,1,Credit card (automatic),54.95,3772.5,1.806377383
6522-YRBXD,0,Male,1,1,0,35,1,1,Fiber optic,1,1,0,0,0,1,Month-to-month,1,Electronic check,94.55,3365.4,3.108152531
6527-PZFPV,0,Male,0,1,1,24,1,0,No,0,0,0,0,0,0,One year,1,Credit card (automatic),20.8,469.65,0.683760684
6532-YLWSI,1,Female,0,1,0,53,1,0,No,0,0,0,0,0,0,One year,0,Bank transfer (automatic),20.8,1021.8,0.683760684
6537-OTKMY,0,Male,0,0,0,15,0,0,DSL,0,0,1,0,1,1,One year,0,Electronic check,50.75,688.2,1.668310322
6537-QLGEX,0,Female,0,0,0,16,0,0,DSL,1,0,0,0,1,0,Month-to-month,1,Electronic check,38.9,664.4,1.278763971
6538-POCHL,0,Male,0,0,0,33,1,0,Fiber optic,0,1,1,0,0,0,Month-to-month,1,Credit card (automatic),79,2576.8,2.596975674
6542-LWGXJ,0,Male,0,1,0,3,0,0,DSL,0,0,0,0,0,0,Month-to-month,0,Mailed check,25,78.25,0.821827745
6543-CPZMK,1,Male,0,1,1,9,0,0,DSL,0,1,0,0,0,0,Month-to-month,1,Electronic check,29.95,248.95,0.984549638
6543-JXSOO,0,Female,0,1,1,23,1,0,DSL,1,1,0,1,0,0,One year,1,Mailed check,57.75,1282.85,1.898422091
6543-XRMYR,1,Female,1,0,0,30,1,1,Fiber optic,0,1,0,0,1,1,Month-to-month,1,Electronic check,99.7,2967.35,3.277449047
6546-OPBBH,0,Male,0,1,1,51,1,1,No,0,0,0,0,0,0,One year,1,Mailed check,23.95,1216.35,0.78731098
6549-BTYPG,0,Female,0,1,0,60,0,0,DSL,0,1,1,1,1,1,Two year,0,Credit card (automatic),60.8,3603.45,1.998685076
6549-NNDYT,0,Female,0,0,0,13,0,0,DSL,1,0,0,0,0,0,Month-to-month,1,Bank transfer (automatic),30.85,394.1,1.014135437
6549-YMFAW,0,Male,1,1,0,9,1,0,No,0,0,0,0,0,0,Month-to-month,1,Mailed check,21.25,204.55,0.698553583
6551-GNYDG,0,Female,0,1,1,14,1,0,Fiber optic,0,0,0,0,0,1,Month-to-month,1,Bank transfer (automatic),80.9,1152.8,2.659434583
6551-VLJMV,0,Male,0,1,0,34,1,0,No,0,0,0,0,0,0,Two year,0,Credit card (automatic),20.05,679,0.659105851
6551-ZCOTS,0,Male,1,0,0,33,1,1,No,0,0,0,0,0,0,One year,1,Bank transfer (automatic),24.9,847.8,0.818540434
6556-DBKZF,0,Female,0,1,1,71,1,0,Fiber optic,0,0,1,0,0,0,Two year,0,Electronic check,76.05,5436.45,2.5
6557-BZXLQ,0,Male,1,0,0,16,1,0,Fiber optic,0,0,0,0,0,0,Month-to-month,0,Electronic check,69.65,1043.3,2.289612097
6559-ILWKJ,1,Male,0,1,0,71,0,0,DSL,0,1,0,0,1,1,Two year,0,Electronic check,49.35,3515.25,1.622287968
6559-PDZLR,0,Male,0,0,0,26,1,0,Fiber optic,0,0,1,1,1,1,Month-to-month,1,Electronic check,98.65,2537,3.242932281
6559-RAKOZ,0,Male,0,1,1,49,1,1,Fiber optic,0,0,0,1,1,1,One year,1,Electronic check,97.95,4917.9,3.219921105
6563-VNPMN,0,Female,1,0,0,45,1,0,Fiber optic,1,1,0,1,0,0,Month-to-month,1,Bank transfer (automatic),85.7,3778.1,2.81722551
6563-VRERX,0,Male,0,1,1,33,1,0,No,0,0,0,0,0,0,One year,0,Mailed check,20.6,690.25,0.677186062
6567-HOOPW,1,Female,1,0,0,1,1,0,Fiber optic,0,0,0,0,1,0,Month-to-month,1,Electronic check,79.2,79.2,2.603550296
6568-POCUI,0,Female,0,1,0,45,1,0,Fiber optic,0,0,0,1,1,1,Two year,1,Credit card (automatic),95.2,4285.8,3.129520053
6569-KTMDU,0,Female,0,0,0,1,1,0,No,0,0,0,0,0,0,Month-to-month,0,Mailed check,19.1,19.1,0.627876397
6572-ADKRS,0,Female,0,0,0,46,1,0,Fiber optic,0,0,1,0,0,0,Month-to-month,1,Credit card (automatic),74.8,3548.3,2.458908613
6574-MCOEH,0,Female,0,1,1,33,1,1,DSL,0,0,1,1,1,1,One year,1,Electronic check,79.15,2531.4,2.60190664
6575-SUVOI,0,Female,1,1,0,25,1,1,DSL,1,0,0,1,1,0,Month-to-month,1,Credit card (automatic),69.5,1752.65,2.284681131
6576-FBXOJ,0,Male,0,1,0,17,0,0,DSL,0,0,1,1,1,1,One year,0,Electronic check,54.6,934.8,1.794871795
6578-KRMAW,0,Male,0,0,0,32,1,0,Fiber optic,1,1,1,0,0,1,Month-to-month,1,Credit card (automatic),93.4,2979.3,3.070348455
6579-JPICP,0,Male,0,0,0,1,1,0,No,0,0,0,0,0,0,Month-to-month,0,Mailed check,20.4,20.4,0.67061144
6581-NQCBA,1,Female,0,1,0,16,0,0,DSL,0,0,0,1,1,1,Month-to-month,1,Electronic check,49.95,810.2,1.642011834
6582-OIVSP,0,Female,0,0,0,1,1,0,DSL,0,0,0,0,0,0,Month-to-month,0,Mailed check,45.3,45.3,1.489151874
6582-PLFUU,0,Male,0,1,1,51,1,0,No,0,0,0,0,0,0,Two year,0,Credit card (automatic),19.55,1086.75,0.642669297
6583-KQJLK,0,Female,1,1,0,15,1,0,Fiber optic,0,1,0,0,1,1,Month-to-month,1,Electronic check,94.65,1285.05,3.111439842
6583-QGCSI,1,Female,1,1,0,50,1,1,Fiber optic,0,1,0,0,1,0,Month-to-month,1,Electronic check,88.05,4367.35,2.894477318
6583-SZVGP,0,Male,0,0,0,48,1,1,Fiber optic,0,1,1,0,1,1,Two year,1,Bank transfer (automatic),108.1,5067.45,3.553583169
6584-VQMYT,0,Male,0,0,1,27,1,0,DSL,1,1,0,0,0,0,One year,0,Mailed check,56.2,1567.55,1.847468771
6585-WCEWR,0,Male,0,1,1,72,1,0,No,0,0,0,0,0,0,Two year,0,Electronic check,20.35,1354.4,0.668967784
6586-MYGKD,0,Male,0,1,0,70,1,1,DSL,1,0,0,1,1,1,Two year,1,Credit card (automatic),76.95,5289.8,2.529585799
6586-PSJOX,0,Male,0,0,1,15,1,0,DSL,0,0,1,1,0,0,One year,0,Credit card (automatic),55.2,864.55,1.814595661
6591-QGOYB,0,Male,0,0,0,17,1,1,Fiber optic,1,1,1,1,1,0,Month-to-month,1,Bank transfer (automatic),106.65,1672.1,3.50591716
6595-COKXZ,1,Female,0,0,0,1,1,0,DSL,0,0,0,0,0,0,Month-to-month,1,Mailed check,44.45,44.45,1.46120973
6595-YGXIT,1,Male,1,0,0,25,1,1,Fiber optic,0,1,0,0,1,0,Month-to-month,1,Electronic check,88.95,2291.2,2.924063116
6598-KELSS,0,Male,0,0,1,50,0,0,DSL,1,1,0,0,1,0,One year,1,Bank transfer (automatic),43.05,2208.05,1.415187377
6598-RFFVI,1,Male,0,0,0,2,1,0,No,0,0,0,0,0,0,One year,0,Credit card (automatic),19.3,28.3,0.634451019
6599-CEBNN,1,Female,0,0,0,34,1,0,Fiber optic,0,1,0,0,0,0,Month-to-month,1,Credit card (automatic),73.95,2524.45,2.430966469
6599-GZWCM,0,Female,0,0,0,13,1,0,Fiber optic,0,1,0,0,0,0,One year,1,Mailed check,74.65,966.25,2.453977646
6599-RCLCJ,1,Male,0,1,0,47,1,1,Fiber optic,0,1,1,1,1,1,Month-to-month,1,Electronic check,109.55,5124.55,3.601249178
6599-SFQVE,0,Female,0,0,0,6,1,0,DSL,0,0,0,0,0,1,Month-to-month,1,Electronic check,55,340.4,1.808021039
6603-QWSPR,0,Female,0,0,0,46,1,0,Fiber optic,0,1,1,1,1,1,Two year,1,Bank transfer (automatic),104.4,4904.2,3.431952663
6603-YRDCJ,0,Male,0,1,0,33,1,0,DSL,1,1,0,1,0,0,Two year,1,Mailed check,61.05,2018.4,2.006903353
6608-QQLVK,1,Male,0,0,0,1,1,0,DSL,0,0,1,0,0,0,Month-to-month,1,Electronic check,50.5,50.5,1.660092045
6609-MXJHJ,0,Female,0,1,1,30,1,1,No,0,0,0,0,0,0,Two year,1,Mailed check,25.1,789.55,0.825115056
6614-FHDBO,0,Male,0,0,0,72,1,1,Fiber optic,0,1,1,1,1,1,Two year,0,Bank transfer (automatic),109.2,7878.3,3.58974359
6614-VBEGU,0,Female,0,1,0,24,1,0,DSL,0,1,0,0,1,1,Month-to-month,1,Bank transfer (automatic),69.45,1614.05,2.283037475
6614-YOLAC,0,Female,0,1,1,71,0,0,DSL,1,1,0,1,1,1,Two year,0,Mailed check,58.65,4145.25,1.92800789
6614-YWYSC,0,Male,1,1,0,61,1,1,No,0,0,0,0,0,0,Two year,0,Bank transfer (automatic),25,1501.75,0.821827745
6615-NGGZJ,1,Male,0,0,0,14,1,1,Fiber optic,0,1,0,0,1,1,Month-to-month,1,Electronic check,100.55,1415.55,3.30539119
6615-ZGEDR,1,Male,0,0,0,1,1,0,No,0,0,0,0,0,0,Month-to-month,0,Mailed check,19.7,19.7,0.647600263
6616-AALSR,0,Female,0,1,1,65,1,1,Fiber optic,1,0,1,0,1,1,Two year,1,Credit card (automatic),104.3,6725.3,3.428665352
6617-WLBQC,0,Female,0,1,1,23,1,1,Fiber optic,1,0,0,0,0,0,One year,0,Credit card (automatic),81.85,1810.85,2.690664037
6618-RYATB,1,Female,0,0,0,1,1,1,Fiber optic,0,0,1,0,0,0,Month-to-month,1,Mailed check,79.55,79.55,2.615055884
6619-RPLQZ,0,Female,0,1,1,45,1,0,No,0,0,0,0,0,0,Two year,0,Mailed check,20.85,892.15,0.685404339
6620-HVDUJ,0,Male,0,0,0,24,1,0,DSL,1,1,0,1,0,0,Month-to-month,0,Bank transfer (automatic),60.45,1440.75,1.987179487
6620-JDYNW,0,Female,0,0,0,18,1,1,DSL,1,0,1,0,0,0,Month-to-month,1,Mailed check,60.6,1156.35,1.992110454
6621-NRZAK,0,Female,0,1,1,63,1,0,No,0,0,0,0,0,0,Two year,0,Credit card (automatic),20,1209.25,0.657462196
6621-YOBKI,0,Male,0,0,0,5,1,0,No,0,0,0,0,0,0,Month-to-month,0,Mailed check,20.35,92.75,0.668967784
6624-JDRDS,0,Female,0,0,0,6,0,0,DSL,1,0,0,0,0,0,Month-to-month,0,Bank transfer (automatic),29.45,161.45,0.968113083
6625-FLENO,0,Male,0,1,0,58,1,0,No,0,0,0,0,0,0,Two year,0,Mailed check,20.75,1185.95,0.682117028
6625-IUTTT,0,Male,0,0,0,67,1,0,DSL,1,0,1,0,0,1,Two year,0,Bank transfer (automatic),65.55,4361.55,2.154832347
6625-UTXEW,0,Female,0,1,0,12,1,0,DSL,0,1,0,0,0,0,Month-to-month,1,Electronic check,51.25,612.1,1.684746877
6627-CFOSN,0,Female,0,0,0,59,1,1,Fiber optic,1,1,1,0,0,1,Month-to-month,1,Bank transfer (automatic),99.45,5623.7,3.269230769
6629-CZTTH,1,Male,0,0,0,1,1,0,DSL,0,0,0,0,0,1,Month-to-month,1,Mailed check,55.7,55.7,1.831032216
6629-LADHQ,0,Female,0,0,0,2,1,0,DSL,1,0,0,0,0,0,Month-to-month,0,Mailed check,50.95,123.05,1.674884944
6630-UJZMY,0,Female,1,1,0,4,1,1,Fiber optic,0,0,0,0,1,0,Month-to-month,1,Electronic check,83.25,308.05,2.736686391
6631-HMANX,0,Male,0,1,0,72,1,1,DSL,0,1,1,1,1,1,Two year,1,Credit card (automatic),85.45,6227.5,2.809007232
6633-MPWBS,1,Male,0,0,0,5,1,0,DSL,0,0,0,1,0,0,Month-to-month,1,Electronic check,49.2,216.9,1.617357002
6633-SYEUS,0,Female,0,0,0,23,1,0,Fiber optic,0,1,1,1,0,0,Month-to-month,0,Bank transfer (automatic),83.2,2032.3,2.735042735
6635-CPNUN,0,Male,0,1,0,28,1,1,Fiber optic,0,1,1,0,1,0,Month-to-month,0,Credit card (automatic),96.6,2684.35,3.175542406
6635-MYYYZ,1,Female,0,0,0,30,1,0,DSL,1,1,1,1,1,1,One year,0,Bank transfer (automatic),85.35,2530.4,2.805719921
6637-KYRCV,0,Female,0,1,1,5,0,0,DSL,0,1,0,0,0,0,Month-to-month,1,Electronic check,30.5,167.2,1.002629849
6641-XRPSU,1,Female,0,0,0,34,1,0,Fiber optic,0,0,0,0,0,0,Month-to-month,1,Credit card (automatic),70,2416.1,2.301117686
6645-MXQJT,0,Male,0,1,1,2,1,0,Fiber optic,1,0,0,0,1,1,Month-to-month,0,Electronic check,97.1,184.15,3.191978961
6646-JPPHA,0,Female,1,0,0,14,1,0,Fiber optic,1,1,0,0,0,0,Month-to-month,0,Electronic check,78.85,1043.8,2.592044707
6646-QVXLR,1,Male,1,1,0,62,1,1,Fiber optic,0,1,1,0,1,1,One year,1,Electronic check,103.75,6383.35,3.410585141
6646-VRFOL,1,Male,1,1,0,53,1,1,Fiber optic,0,1,1,0,1,1,Month-to-month,1,Electronic check,103.85,5485.5,3.413872452
6647-ZEDXT,0,Female,0,0,0,30,1,1,Fiber optic,0,1,1,1,1,1,One year,0,Credit card (automatic),110.45,3327.05,3.630834977
6648-INWPS,0,Male,0,1,1,16,1,0,No,0,0,0,0,0,0,Month-to-month,0,Electronic check,20.15,341.35,0.662393162
6650-BWFRT,0,Female,0,1,0,72,1,1,Fiber optic,1,1,1,1,1,1,Two year,1,Credit card (automatic),117.15,8529.5,3.851084813
6650-VJONK,0,Male,0,0,0,1,1,0,DSL,0,0,0,0,0,0,Month-to-month,1,Bank transfer (automatic),43.85,43.85,1.441485865
6651-AZVTJ,1,Male,0,1,1,49,1,1,Fiber optic,0,0,1,0,1,1,Month-to-month,1,Electronic check,99.8,4872.45,3.280736358
6651-RLGGM,0,Male,0,1,1,67,1,1,No,0,0,0,0,0,0,Two year,0,Mailed check,26.3,1688.9,0.864562788
6652-YFFJO,0,Female,0,0,0,11,1,0,DSL,0,0,0,0,1,1,Month-to-month,1,Electronic check,64.9,716.1,2.133464826
6653-CBBOM,1,Female,0,0,0,1,1,0,Fiber optic,0,0,0,0,0,0,Month-to-month,1,Electronic check,70.3,70.3,2.310979619
6654-QGBZZ,0,Female,0,0,0,1,1,0,No,0,0,0,0,0,0,Month-to-month,0,Mailed check,19.9,19.9,0.654174885
6655-LHBYW,0,Male,0,0,0,50,1,1,Fiber optic,1,1,1,1,1,1,One year,0,Credit card (automatic),114.35,5791.1,3.759040105
6656-GULJQ,0,Male,0,1,1,72,1,1,DSL,1,0,1,1,1,1,Two year,1,Credit card (automatic),83.55,6093.3,2.746548323
6656-JWRQX,0,Female,0,0,0,1,0,0,DSL,0,0,0,1,0,0,Month-to-month,0,Mailed check,30.55,30.55,1.004273504
6661-EIPZC,0,Female,0,1,1,48,0,0,DSL,0,0,0,1,0,0,Month-to-month,1,Credit card (automatic),29.5,1423.05,0.969756739
6661-HBGWL,1,Female,1,0,0,42,1,1,Fiber optic,0,1,1,0,1,1,Month-to-month,1,Bank transfer (automatic),104.75,4323.45,3.443458251
6663-JOCQO,0,Male,0,1,1,31,1,1,DSL,1,1,0,1,0,1,One year,1,Bank transfer (automatic),75.25,2344.5,2.473701512
6664-FPDAC,1,Female,1,0,0,56,1,1,Fiber optic,0,1,1,1,1,1,One year,1,Electronic check,111.95,6418.9,3.680144642
6668-CNMFP,0,Female,0,1,1,19,1,1,Fiber optic,0,0,0,1,0,1,One year,1,Bank transfer (automatic),89.35,1686.85,2.93721236
6670-MFRPK,0,Male,0,1,1,69,1,1,Fiber optic,0,0,1,0,0,0,Two year,1,Credit card (automatic),79.2,5420.65,2.603550296
6671-NGWON,0,Female,0,0,0,7,1,0,No,0,0,0,0,0,0,Month-to-month,0,Mailed check,20.35,150.6,0.668967784
6674-KVJHG,0,Female,0,0,0,11,1,1,No,0,0,0,0,0,0,One year,0,Electronic check,25.2,245.15,0.828402367
6680-NENYN,1,Female,0,0,0,43,1,1,Fiber optic,0,1,1,0,1,1,Two year,1,Electronic check,104.6,4759.85,3.438527285
6680-WKXRZ,1,Female,0,0,0,3,1,1,Fiber optic,0,0,0,0,0,0,Month-to-month,0,Bank transfer (automatic),74.4,215.8,2.445759369
6681-ZSEXG,0,Male,0,1,0,56,1,1,DSL,0,1,1,0,0,0,Two year,0,Credit card (automatic),59.5,3389.25,1.955950033
6682-QJDGB,1,Male,0,0,1,40,1,0,DSL,1,1,0,0,0,0,Month-to-month,1,Mailed check,55.25,2139.2,1.816239316
6682-VCIXC,0,Female,0,1,1,43,0,0,DSL,1,1,0,1,1,0,One year,1,Bank transfer (automatic),51.25,2151.6,1.684746877
6683-VLCTZ,1,Male,1,0,0,20,1,1,Fiber optic,0,0,1,0,1,1,Month-to-month,1,Electronic check,98.55,1842.8,3.23964497
6685-GBWJZ,0,Male,0,1,0,63,1,0,DSL,1,1,0,1,1,0,One year,0,Credit card (automatic),70.8,4448.8,2.327416174
6685-XSHHU,0,Male,0,1,1,60,1,0,No,0,0,0,0,0,0,Two year,1,Bank transfer (automatic),20.95,1270.55,0.68869165
6686-YPGHK,1,Male,1,0,0,47,1,0,Fiber optic,1,0,0,0,0,1,Month-to-month,0,Mailed check,85.5,4042.3,2.810650888
6688-UZPWD,1,Female,0,1,0,11,1,1,Fiber optic,0,1,0,0,1,1,Month-to-month,1,Electronic check,102,1145.35,3.353057199
6689-KXGBO,1,Female,0,0,0,1,1,0,DSL,0,1,0,0,0,0,Month-to-month,0,Electronic check,50.55,50.55,1.6617357
6689-TCZHQ,1,Female,1,0,0,5,1,0,Fiber optic,0,0,0,0,0,1,Month-to-month,0,Electronic check,78.95,378.4,2.595332018
6689-VRRTK,0,Female,1,0,0,44,1,1,Fiber optic,1,1,1,0,1,1,One year,1,Credit card (automatic),109.8,4860.35,3.609467456
6691-CCIHA,0,Female,0,1,0,62,1,1,DSL,1,1,0,1,1,1,Two year,1,Electronic check,84.95,5150.55,2.792570677
6692-UDPJC,1,Female,0,1,1,14,1,1,Fiber optic,0,0,0,1,1,0,Month-to-month,1,Electronic check,91.65,1301,3.012820513
6692-YQHXC,0,Male,0,0,0,16,1,0,Fiber optic,0,0,0,0,0,0,Month-to-month,1,Credit card (automatic),69.95,1205.5,2.29947403
6693-DJWTY,0,Female,0,0,1,35,1,0,DSL,1,1,0,0,0,0,One year,0,Credit card (automatic),55.6,2016.45,1.827744905
6693-FRIRW,0,Male,0,0,0,18,1,0,Fiber optic,0,1,1,0,1,1,Month-to-month,0,Credit card (automatic),101.3,1794.65,3.330046022
6695-AMZUF,0,Female,0,1,0,70,1,0,DSL,1,1,1,1,1,1,Two year,0,Credit card (automatic),86.45,5950.2,2.841880342
6695-FRVEC,0,Male,0,1,1,67,1,0,DSL,1,0,1,1,0,0,Two year,1,Bank transfer (automatic),60.4,3953.7,1.985535832
6696-YDAYZ,0,Male,0,1,1,16,1,0,No,0,0,0,0,0,0,Two year,0,Mailed check,20.5,290.55,0.673898751
6698-OXETB,0,Male,0,0,0,11,1,0,No,0,0,0,0,0,0,Two year,0,Mailed check,20.4,231.45,0.67061144
6701-DHKWQ,0,Female,0,1,1,61,0,0,DSL,0,1,1,1,1,0,Two year,0,Credit card (automatic),51.35,3244.4,1.688034188
6701-YVNQG,0,Male,0,1,0,72,1,1,DSL,1,1,1,1,1,1,Two year,1,Credit card (automatic),88.7,6301.7,2.915844839
6702-OHFWR,1,Male,1,0,0,1,0,0,DSL,0,1,1,0,0,1,Month-to-month,1,Electronic check,43.3,43.3,1.423405654
6704-UTUKK,0,Male,0,1,0,29,0,0,DSL,0,0,0,0,1,1,Month-to-month,1,Electronic check,45.9,1332.4,1.50887574
6705-LNMDD,0,Male,0,0,0,20,1,0,DSL,0,0,0,1,0,0,Month-to-month,0,Mailed check,50,1003.05,1.64365549
6705-LXORM,0,Female,1,1,0,5,1,0,Fiber optic,0,0,0,0,0,0,Month-to-month,0,Electronic check,70.05,302.6,2.302761341
6710-HSJRD,0,Male,0,1,0,61,1,1,Fiber optic,0,1,1,1,1,1,Month-to-month,1,Electronic check,114.1,7132.15,3.750821828
6711-FLDFB,1,Female,0,0,0,7,1,1,Fiber optic,0,0,0,0,0,0,Month-to-month,1,Electronic check,74.9,541.15,2.462195924
6711-VTNRE,1,Female,0,0,0,36,1,0,Fiber optic,0,0,1,1,0,1,Month-to-month,1,Electronic check,87.55,3078.1,2.878040763
6712-OAWRH,1,Female,1,0,0,26,1,0,Fiber optic,0,0,0,0,1,1,Month-to-month,1,Electronic check,91.25,2351.8,2.999671269
6713-OKOMC,0,Female,0,0,0,10,0,0,DSL,1,0,0,0,0,0,Month-to-month,0,Mailed check,29.75,301.9,0.977975016
6715-OFDBP,1,Male,0,0,0,5,1,0,DSL,0,0,1,0,1,1,Month-to-month,1,Electronic check,70.05,346.4,2.302761341
6718-BDGHG,0,Female,0,1,0,43,1,1,DSL,0,0,0,1,1,0,One year,1,Bank transfer (automatic),64.85,2908.2,2.13182117
6719-FGEDO,0,Female,0,1,0,72,1,1,Fiber optic,1,1,1,1,0,0,Two year,1,Bank transfer (automatic),97,7104.2,3.18869165
6719-OXYBR,0,Male,0,0,0,15,1,0,Fiber optic,0,0,1,0,1,0,Month-to-month,0,Electronic check,85.3,1219.85,2.804076266
6723-CEGQI,0,Female,0,0,1,65,0,0,DSL,0,1,0,1,1,0,Two year,0,Mailed check,45.25,2933.95,1.487508218
6723-WSNTY,0,Female,1,1,0,66,1,1,Fiber optic,0,1,1,1,1,1,One year,1,Credit card (automatic),108.1,7181.95,3.553583169
6725-TPKJO,0,Male,0,0,0,44,1,0,No,0,0,0,0,0,0,Two year,0,Mailed check,20.05,845.25,0.659105851
6726-NNFWD,0,Female,1,1,0,71,1,0,Fiber optic,0,1,1,0,0,1,Two year,0,Credit card (automatic),89.45,6435.25,2.940499671
6726-WEXXK,0,Male,1,1,0,27,1,1,Fiber optic,1,0,1,0,0,0,One year,1,Electronic check,85.9,2220.1,2.823800131
6727-IOTLZ,0,Male,0,1,0,14,1,0,DSL,0,1,1,1,1,1,Two year,0,Mailed check,81.95,1181.75,2.693951348
6728-CZFEI,0,Female,0,0,0,15,1,0,DSL,0,0,0,0,1,0,One year,0,Mailed check,56.15,931.9,1.845825115
6728-DKUCO,0,Female,0,1,1,72,1,1,Fiber optic,1,1,0,0,1,1,One year,1,Electronic check,104.15,7303.05,3.423734385
6728-VOIFY,0,Female,0,1,0,63,1,0,Fiber optic,0,1,0,0,1,1,One year,1,Electronic check,96,6109.75,3.15581854
6728-WYQBC,0,Male,0,0,0,1,1,0,No,0,0,0,0,0,0,Month-to-month,0,Bank transfer (automatic),20.95,20.95,0.68869165
6729-FZWSY,0,Male,0,0,0,67,1,0,No,0,0,0,0,0,0,One year,1,Mailed check,19.45,1195.95,0.639381986
6729-GDNGC,0,Female,1,0,0,20,1,0,Fiber optic,0,0,0,0,1,0,Month-to-month,0,Bank transfer (automatic),80.7,1614.2,2.652859961
6732-FZUGP,0,Female,0,0,0,47,1,1,Fiber optic,1,0,1,0,1,0,One year,0,Credit card (automatic),94.9,4615.25,3.11965812
6732-VAILE,0,Male,0,1,1,70,1,1,DSL,0,1,1,1,1,1,Two year,1,Credit card (automatic),85.95,5931.75,2.825443787
6733-LRIZX,0,Male,0,0,0,35,1,1,Fiber optic,1,0,1,1,1,1,Two year,1,Electronic check,108.95,4025.5,3.581525312
6734-CKRSM,0,Female,0,0,0,3,1,0,No,0,0,0,0,0,0,Month-to-month,0,Mailed check,20,63.6,0.657462196
6734-FQAJX,0,Male,1,0,0,67,1,0,Fiber optic,1,1,0,1,1,1,Two year,1,Electronic check,105.05,7171.7,3.453320184
6734-GMPVK,0,Male,0,0,0,5,1,1,Fiber optic,0,1,1,0,1,1,Month-to-month,0,Electronic check,105.3,550.6,3.461538462
6734-JDTTV,0,Male,0,1,1,65,1,0,No,0,0,0,0,0,0,Two year,1,Credit card (automatic),19.85,1267.05,0.652531229
6734-PSBAW,0,Male,0,1,0,72,1,1,No,0,0,0,0,0,0,Two year,1,Bank transfer (automatic),23.55,1723.95,0.774161736
6736-DHUQI,0,Female,0,1,1,67,1,0,Fiber optic,1,1,1,0,0,0,One year,0,Bank transfer (automatic),84.8,5598.3,2.787639711
6738-ISCBM,0,Male,0,0,0,44,0,0,DSL,1,0,1,0,1,1,One year,1,Electronic check,54,2440.25,1.775147929
6741-EGCBI,0,Male,1,0,0,30,1,1,Fiber optic,1,0,0,0,0,1,Month-to-month,1,Credit card (automatic),90.5,2595.85,2.975016437
6741-QRLUP,0,Female,0,0,0,63,1,1,DSL,1,1,1,1,0,1,Two year,1,Credit card (automatic),80.3,4995.35,2.639710717
6743-HHQPF,0,Male,0,1,0,42,0,0,DSL,0,0,0,0,0,0,Month-to-month,1,Credit card (automatic),25.1,1097.15,0.825115056
6745-JEFZB,0,Male,0,1,0,35,1,1,Fiber optic,0,0,0,1,1,0,Month-to-month,1,Credit card (automatic),91.5,3236.35,3.007889546
6746-WAUWT,0,Male,0,0,0,19,1,0,No,0,0,0,0,0,0,One year,1,Credit card (automatic),19.7,386.5,0.647600263
6749-UTDVX,0,Male,0,0,0,72,1,1,Fiber optic,0,1,1,0,1,1,Two year,1,Electronic check,103.65,7634.8,3.40729783
6752-APNJL,0,Male,0,1,1,42,1,0,DSL,1,1,0,0,0,0,Month-to-month,0,Mailed check,54.5,2301.15,1.791584484
6754-LZUKA,0,Male,0,1,0,61,1,1,DSL,0,1,1,0,1,1,Two year,0,Bank transfer (automatic),80.9,4932.5,2.659434583
6754-WKSHP,0,Male,0,0,1,30,1,1,No,0,0,0,0,0,0,One year,0,Bank transfer (automatic),25.35,723.3,0.833333333
6762-NSODU,0,Female,0,1,1,46,1,0,No,0,0,0,0,0,0,Two year,0,Credit card (automatic),19.4,958.15,0.63773833
6762-QVYJO,0,Female,0,1,1,58,0,0,DSL,1,0,1,1,1,1,Two year,0,Mailed check,59.75,3624.35,1.96416831
6765-MBQNU,0,Female,0,1,0,26,1,1,No,0,0,0,0,0,0,One year,0,Mailed check,26,684.05,0.854700855
6766-HFKLA,0,Female,0,1,0,56,1,1,Fiber optic,0,0,1,1,1,1,Two year,0,Bank transfer (automatic),103.2,5744.35,3.392504931
6769-DCQLI,1,Male,0,0,0,52,1,0,Fiber optic,0,1,1,1,1,1,One year,1,Bank transfer (automatic),105,5426.85,3.451676529
6769-DYBQN,1,Male,1,0,0,46,1,0,Fiber optic,1,0,0,0,0,1,Month-to-month,0,Electronic check,85,3969.4,2.794214333
6770-UAYGJ,0,Female,0,1,1,49,1,1,No,0,0,0,0,0,0,Two year,0,Mailed check,25.25,1211.65,0.830046022
6770-XUAGN,1,Female,0,1,1,1,1,0,No,0,0,0,0,0,0,Month-to-month,1,Electronic check,21,21,0.690335306
6771-XWBDM,1,Female,0,1,0,57,1,1,Fiber optic,0,1,1,0,1,1,Month-to-month,1,Credit card (automatic),104.5,5921.35,3.435239974
6772-KSATR,1,Male,0,0,0,1,1,1,Fiber optic,1,0,0,0,0,0,Month-to-month,1,Electronic check,81.7,81.7,2.68573307
6772-WFQRD,0,Male,0,0,1,40,1,0,No,0,0,0,0,0,0,One year,1,Bank transfer (automatic),20.4,854.9,0.67061144
6773-LQTVT,0,Female,1,1,1,29,0,0,DSL,0,1,1,0,0,0,Month-to-month,1,Mailed check,35.65,1025.15,1.171926364
6776-TLWOI,1,Male,0,0,0,3,1,0,No,0,0,0,0,0,0,Month-to-month,0,Mailed check,19.85,64.55,0.652531229
6777-TGHTM,1,Female,0,0,0,53,1,1,Fiber optic,1,0,1,0,1,1,One year,1,Credit card (automatic),106.95,5785.5,3.515779093
6778-EICRF,0,Male,0,1,1,24,1,1,DSL,1,0,0,0,1,1,One year,0,Mailed check,74.8,1821.2,2.458908613
6778-JFCMK,0,Male,0,0,0,24,0,0,DSL,1,0,0,0,1,1,One year,1,Mailed check,50.6,1288.75,1.663379356
6778-YSNIH,0,Female,0,0,0,2,1,0,DSL,0,1,0,0,1,0,Month-to-month,1,Electronic check,59,114.15,1.939513478
6784-XYJAE,0,Female,0,0,0,36,1,1,DSL,0,0,1,0,0,0,One year,0,Electronic check,55.8,1941.5,1.834319527
6786-OBWQR,0,Female,0,1,1,5,1,0,Fiber optic,0,0,0,0,1,0,Month-to-month,1,Electronic check,80.85,356.1,2.657790927
6789-HJBWG,0,Female,0,0,0,12,1,0,DSL,0,1,0,0,0,0,Month-to-month,1,Electronic check,49.4,611.65,1.623931624
6791-YBNAK,0,Male,0,1,1,18,0,0,DSL,0,0,0,0,0,0,Month-to-month,0,Credit card (automatic),25.55,467.85,0.839907955
6794-HKIAJ,0,Male,0,0,0,62,1,1,Fiber optic,1,1,1,0,0,0,Month-to-month,0,Bank transfer (automatic),90.7,5586.45,2.981591059
6797-LNAQX,1,Male,0,1,1,70,1,1,Fiber optic,0,1,0,0,1,1,Two year,0,Bank transfer (automatic),98.3,6859.5,3.231426693
6797-UCJHZ,0,Female,1,1,0,66,1,1,Fiber optic,0,1,1,0,1,1,One year,0,Credit card (automatic),104.6,6819.45,3.438527285
6804-GDMOI,1,Female,0,0,0,61,1,1,Fiber optic,0,0,1,1,1,1,Two year,1,Electronic check,106.6,6428.4,3.504273504
6806-YDEUL,0,Female,1,0,0,6,1,0,No,0,0,0,0,0,0,Month-to-month,0,Bank transfer (automatic),19.5,106.8,0.641025641
6807-SIWJI,0,Male,0,0,0,38,1,1,Fiber optic,1,1,0,0,1,1,One year,1,Electronic check,104.85,3887.25,3.446745562
6810-VCAEX,0,Female,0,0,0,47,0,0,DSL,1,1,0,1,0,0,One year,0,Credit card (automatic),39.65,1798.65,1.303418803
6813-GZQCG,0,Female,0,1,1,45,1,1,No,0,0,0,0,0,0,Two year,1,Credit card (automatic),24.65,1171.3,0.810322156
6814-ZPWFQ,0,Male,1,0,0,51,1,1,No,0,0,0,0,0,0,One year,0,Bank transfer (automatic),25,1260.7,0.821827745
6815-ABQFQ,0,Male,0,1,0,56,1,1,Fiber optic,0,1,0,1,1,1,One year,1,Electronic check,107.25,6033.3,3.525641026
6817-WTYHE,0,Male,0,0,0,2,1,0,DSL,0,0,0,0,0,0,Month-to-month,0,Bank transfer (automatic),44.9,111.05,1.47600263
6818-DJXAA,0,Female,0,0,1,10,1,0,Fiber optic,0,0,1,1,1,0,Month-to-month,1,Electronic check,91.1,964.35,2.994740302
6818-WOBHJ,1,Female,1,1,0,68,1,1,Fiber optic,0,1,0,0,0,1,Month-to-month,1,Bank transfer (automatic),89.6,6127.6,2.945430638
6821-BUXUX,1,Female,0,0,0,13,1,1,Fiber optic,1,1,0,0,1,0,Month-to-month,1,Electronic check,96.65,1244.5,3.177186062
6821-JPCDC,0,Female,0,1,0,48,1,0,Fiber optic,0,1,1,0,1,1,One year,1,Electronic check,97.05,4692.95,3.190335306
6823-SIDFQ,0,Male,0,0,0,28,1,0,No,0,0,0,0,0,0,One year,0,Credit card (automatic),18.25,534.7,0.599934254
6825-UYPFK,1,Female,0,0,0,23,1,1,Fiber optic,0,0,0,0,0,0,Month-to-month,0,Bank transfer (automatic),75.6,1758.6,2.485207101
6827-IEAUQ,0,Female,0,1,1,27,1,0,DSL,1,1,1,1,0,0,One year,0,Mailed check,66.15,1874.45,2.174556213
6828-HMKWP,0,Male,0,1,1,12,1,0,No,0,0,0,0,0,0,Two year,0,Bank transfer (automatic),21.05,262.05,0.691978961
6833-JMZYP,0,Female,0,0,0,15,1,0,Fiber optic,0,0,1,0,1,1,Month-to-month,1,Credit card (automatic),94,1505.45,3.090072321
6834-NXDCA,1,Female,0,0,0,13,0,0,DSL,0,0,0,0,0,0,Month-to-month,1,Electronic check,23.9,300.8,0.785667324
6837-BJYDQ,0,Male,0,0,0,3,1,0,No,0,0,0,0,0,0,One year,0,Mailed check,19.6,61.35,0.644312952
6837-HAEVO,0,Male,0,1,1,69,1,1,Fiber optic,0,1,1,0,1,1,Two year,1,Electronic check,105,7297.75,3.451676529
6838-HVLXG,0,Female,0,0,0,12,1,0,No,0,0,0,0,0,0,Month-to-month,0,Mailed check,20.3,246.7,0.667324129
6838-YAUVY,0,Female,0,0,0,54,1,1,Fiber optic,0,0,1,1,0,1,Two year,1,Bank transfer (automatic),95.1,5064.85,3.126232742
6839-ITVZJ,1,Female,0,1,1,26,1,1,DSL,0,1,0,1,0,0,Month-to-month,1,Electronic check,60.05,1616.15,1.974030243
6840-RESVB,0,Male,0,1,1,24,1,1,DSL,1,0,1,1,1,1,One year,1,Mailed check,84.8,1990.5,2.787639711
6844-DZKRF,0,Male,0,0,0,2,1,0,DSL,0,0,0,1,0,0,Month-to-month,1,Credit card (automatic),50.2,109.25,1.650230112
6845-RGTYS,1,Female,0,1,0,47,1,1,Fiber optic,1,1,1,0,1,0,Month-to-month,1,Electronic check,98.75,4533.7,3.246219592
6847-KJLTS,0,Female,1,1,0,58,1,1,Fiber optic,0,0,0,1,1,1,Month-to-month,1,Bank transfer (automatic),100.4,5749.8,3.300460224
6848-HJTXY,0,Female,0,1,0,64,1,0,No,0,0,0,0,0,0,Two year,0,Credit card (automatic),19.45,1208.6,0.639381986
6848-YLDFR,0,Male,0,1,1,58,1,0,DSL,0,1,0,1,1,1,One year,1,Credit card (automatic),75.2,4300.8,2.472057857
6849-OYAMU,1,Male,0,1,1,19,1,0,Fiber optic,0,1,0,1,1,1,One year,0,Bank transfer (automatic),100,1888.65,3.28731098
6849-WLEYG,1,Male,0,0,1,1,1,0,No,0,0,0,0,0,0,Month-to-month,0,Mailed check,19.75,19.75,0.649243918
6851-WEFYX,0,Male,1,1,0,35,1,1,Fiber optic,0,0,1,0,1,1,Month-to-month,1,Electronic check,100.8,3437.5,3.313609467
6854-EXGSF,0,Female,0,0,0,8,1,1,DSL,1,1,1,0,0,0,Month-to-month,1,Bank transfer (automatic),65.5,573.15,2.153188692
6855-VLGOS,0,Male,0,1,1,72,1,0,No,0,0,0,0,0,0,Two year,0,Electronic check,20.55,1432.55,0.675542406
6856-RAURS,0,Female,0,0,0,2,1,1,Fiber optic,0,0,0,0,0,0,Month-to-month,1,Mailed check,74.9,136.05,2.462195924
6857-TKDJV,0,Male,0,1,1,67,1,1,No,0,0,0,0,0,0,Two year,0,Bank transfer (automatic),24.65,1620.45,0.810322156
6857-VWJDT,1,Female,0,0,0,1,1,1,Fiber optic,0,0,0,0,1,1,Month-to-month,0,Mailed check,95.65,95.65,3.144312952
6859-QNXIQ,0,Female,0,1,1,72,1,1,Fiber optic,1,1,1,1,1,1,Two year,1,Bank transfer (automatic),113.1,8248.5,3.717948718
6859-RKMZJ,0,Male,0,1,0,11,1,0,DSL,0,0,0,0,1,0,Month-to-month,1,Bank transfer (automatic),55.05,608.15,1.809664694
6860-YRJZP,0,Male,1,0,0,9,1,1,Fiber optic,0,0,0,0,0,0,Month-to-month,1,Electronic check,74.05,678.45,2.43425378
6861-OKBCE,1,Female,0,0,1,11,1,0,No,0,0,0,0,0,0,Month-to-month,0,Credit card (automatic),20.1,221.35,0.660749507
6861-XWTWQ,1,Male,1,1,0,7,1,1,Fiber optic,0,0,1,0,1,1,Month-to-month,1,Electronic check,99.25,665.45,3.262656147
6862-CQUMB,0,Male,0,0,0,37,1,0,Fiber optic,0,1,0,0,1,1,Month-to-month,1,Credit card (automatic),96.1,3646.8,3.159105851
6865-JZNKO,0,Female,0,0,0,30,1,0,DSL,1,1,0,0,0,0,Month-to-month,1,Bank transfer (automatic),55.3,1530.6,1.817882972
6867-ACCZI,0,Female,0,1,1,24,0,0,DSL,1,1,1,1,0,1,Two year,1,Mailed check,52.5,1208.15,1.725838264
6869-FGJJC,0,Male,0,0,0,68,1,0,Fiber optic,0,1,1,0,0,0,One year,0,Credit card (automatic),79.6,5461.45,2.61669954
6870-ECSHE,0,Female,0,0,0,2,1,0,No,0,0,0,0,0,0,One year,0,Mailed check,20.45,34.8,0.672255095
6870-ZWMNX,0,Male,0,1,0,70,1,1,DSL,0,1,1,1,1,0,Two year,0,Credit card (automatic),76.1,5264.25,2.501643655
6872-HXFNF,0,Female,0,1,0,64,1,1,DSL,0,0,1,1,0,0,One year,0,Bank transfer (automatic),58.35,3756.45,1.918145957
6873-UDNLD,0,Male,0,0,0,40,1,0,DSL,1,0,1,0,0,1,Month-to-month,0,Electronic check,67.45,2731,2.217291256
6874-SGLHU,0,Male,0,0,0,30,1,0,Fiber optic,0,1,0,0,1,1,One year,1,Bank transfer (automatic),97,3021.3,3.18869165
6876-ADESB,1,Male,0,0,1,1,1,0,DSL,0,0,1,0,0,0,Month-to-month,0,Electronic check,48.95,48.95,1.609138725
6877-LGWXO,1,Male,1,1,0,18,1,0,Fiber optic,0,0,0,0,0,1,Month-to-month,0,Electronic check,78.55,1422.65,2.582182774
6877-TJMBR,1,Male,0,1,0,1,1,0,Fiber optic,0,0,0,1,1,0,Month-to-month,1,Electronic check,84.8,84.8,2.787639711
6878-GGDWG,0,Female,0,1,0,32,1,0,No,0,0,0,0,0,0,Month-to-month,0,Bank transfer (automatic),19.4,641.15,0.63773833
6885-PKOAM,0,Female,0,1,0,71,1,1,DSL,1,1,1,1,1,1,Two year,0,Credit card (automatic),85.75,6223.8,2.818869165
6888-SBYAI,0,Male,0,0,0,1,1,0,DSL,1,0,0,0,0,0,Month-to-month,1,Mailed check,50.7,50.7,1.666666667
6890-PFRQX,0,Male,0,0,0,18,1,1,DSL,1,0,1,0,1,0,Month-to-month,0,Mailed check,69.5,1199.4,2.284681131
6891-JPYFF,0,Female,0,1,1,48,1,1,Fiber optic,1,1,0,0,1,1,Month-to-month,1,Credit card (automatic),105.25,4997.5,3.459894806
6892-BOGQE,0,Female,0,1,0,71,1,0,No,0,0,0,0,0,0,Two year,1,Bank transfer (automatic),20.9,1493.2,0.687047995
6892-EZDTG,1,Female,0,1,0,4,1,1,Fiber optic,0,1,0,0,1,0,Month-to-month,1,Electronic check,91.65,365.4,3.012820513
6892-XPFPU,1,Male,1,1,0,24,1,1,Fiber optic,0,1,1,0,1,1,Month-to-month,1,Electronic check,104.25,2433.9,3.427021696
6893-ODYYE,0,Male,0,0,0,50,1,0,Fiber optic,1,1,1,1,0,0,One year,1,Credit card (automatic),90.1,4549.45,2.961867193
6894-LFHLY,1,Male,1,0,0,1,1,1,Fiber optic,0,0,0,0,0,0,Month-to-month,1,Electronic check,75.75,75.75,2.490138067
6896-SRVYQ,0,Male,1,0,0,44,1,0,Fiber optic,0,0,1,0,0,0,Month-to-month,0,Electronic check,73.85,3122.4,2.427679158
6897-RWMUB,0,Male,0,1,1,61,1,0,DSL,1,1,1,1,0,0,Two year,1,Bank transfer (automatic),68.05,4158.25,2.237015122
6897-UUBNU,0,Male,0,0,0,29,1,0,Fiber optic,0,1,0,1,1,0,Month-to-month,0,Mailed check,89.65,2623.65,2.947074293
6898-MDLZW,0,Male,0,0,0,12,1,0,DSL,0,1,0,1,0,0,Month-to-month,1,Mailed check,53.75,648.65,1.766929652
6898-RBTLU,0,Female,0,1,1,49,1,1,DSL,0,1,0,1,1,1,Two year,0,Bank transfer (automatic),79.3,3902.45,2.606837607
6899-PPEEA,1,Female,1,0,0,37,1,1,Fiber optic,0,0,0,0,1,1,Month-to-month,1,Electronic check,96.55,3580.3,3.173898751
6900-PXRMS,1,Male,1,1,1,26,1,1,Fiber optic,0,1,1,0,1,1,Month-to-month,0,Electronic check,105.75,2710.25,3.476331361
6900-RBKER,0,Male,0,0,0,52,1,1,Fiber optic,0,0,1,0,0,1,Two year,1,Credit card (automatic),89.45,4577.75,2.940499671
6901-GOGZG,0,Male,0,0,1,60,1,1,DSL,1,0,1,1,1,1,Two year,1,Electronic check,84.95,4984.85,2.792570677
6904-JLBGY,0,Female,1,0,0,72,1,1,Fiber optic,1,1,1,1,1,1,Two year,1,Credit card (automatic),117.35,8436.25,3.857659435
6905-NIQIN,1,Male,0,0,0,1,1,0,DSL,0,1,0,0,0,0,Month-to-month,0,Mailed check,50.65,50.65,1.665023011
6906-ANDWJ,1,Male,0,1,1,15,1,1,Fiber optic,0,0,0,0,0,0,Month-to-month,1,Bank transfer (automatic),74.9,1107.25,2.462195924
6906-MPARY,0,Male,0,0,0,40,1,0,Fiber optic,0,1,0,1,0,1,One year,1,Credit card (automatic),89.6,3488.15,2.945430638
6907-CQGPN,0,Male,0,0,0,29,0,0,DSL,0,1,0,1,0,0,Month-to-month,0,Electronic check,34.3,1004.75,1.127547666
6907-FLBER,0,Male,0,0,0,1,1,1,DSL,0,1,0,0,0,0,Month-to-month,0,Electronic check,54.3,54.3,1.785009862
6907-NZZIJ,1,Female,0,0,0,36,1,1,Fiber optic,0,1,0,0,1,1,Month-to-month,1,Electronic check,99.15,3615.6,3.259368836
6908-VVYHM,0,Male,0,1,0,65,1,1,Fiber optic,0,1,0,0,0,1,Month-to-month,1,Electronic check,90.65,5931,2.979947403
6910-HADCM,1,Female,0,0,0,1,1,0,Fiber optic,0,0,1,0,0,0,Month-to-month,0,Electronic check,76.35,76.35,2.509861933
6916-HIJSE,0,Female,0,0,0,65,1,0,DSL,1,1,1,1,1,1,Two year,1,Bank transfer (automatic),84.85,5459.2,2.789283366
6917-FIJHC,0,Female,0,1,0,72,1,1,No,0,0,0,0,0,0,Two year,1,Mailed check,26,1776,0.854700855
6917-IAYHD,0,Male,0,0,1,1,0,0,DSL,0,1,0,1,0,0,Month-to-month,0,Mailed check,33.6,33.6,1.104536489
6917-YACBP,0,Female,1,0,0,59,1,1,Fiber optic,1,1,1,0,0,0,Month-to-month,1,Electronic check,89.75,5496.9,2.950361604
6918-UMQCG,0,Female,0,0,0,5,1,0,Fiber optic,0,0,0,0,1,0,Month-to-month,0,Electronic check,80.2,384.25,2.636423406
6919-ELBGL,0,Male,1,1,1,72,1,1,Fiber optic,1,1,1,1,1,1,Two year,1,Bank transfer (automatic),114.95,8196.4,3.778763971
6921-OZMFH,0,Male,0,1,1,5,1,1,DSL,0,0,0,1,0,0,Month-to-month,1,Mailed check,55.7,259.4,1.831032216
6922-NCEDI,0,Male,0,0,1,56,1,0,No,0,0,0,0,0,0,One year,1,Mailed check,21.2,1238.65,0.696909928
6923-AQONU,0,Male,0,1,1,23,1,0,No,0,0,0,0,0,0,Two year,0,Mailed check,20.9,454,0.687047995
6923-EFPNL,1,Male,0,0,0,4,1,1,DSL,0,0,0,0,0,0,Month-to-month,0,Credit card (automatic),51.75,201.1,1.701183432
6923-JHPMP,0,Female,0,0,0,2,1,0,Fiber optic,1,0,1,0,0,0,Month-to-month,1,Electronic check,80.45,137.1,2.644641683
6924-TDGMT,0,Male,0,1,0,11,1,0,No,0,0,0,0,0,0,One year,1,Mailed check,20.55,184.95,0.675542406
6925-BAYGL,0,Female,1,1,0,53,1,1,No,0,0,0,0,0,0,Two year,0,Credit card (automatic),25.1,1275.6,0.825115056
6927-WTFIV,1,Male,1,0,0,20,1,0,Fiber optic,0,0,0,0,0,0,Month-to-month,0,Credit card (automatic),71.3,1389.2,2.343852728
6928-ONTRW,0,Female,0,1,1,72,1,0,No,0,0,0,0,0,0,Two year,0,Credit card (automatic),19.7,1379.8,0.647600263
6933-FHBZC,0,Female,0,0,0,26,1,0,DSL,0,1,1,0,0,0,One year,1,Mailed check,56.05,1553.2,1.842537804
6933-VLYFX,0,Male,0,1,1,31,0,0,DSL,1,0,1,1,1,1,One year,0,Electronic check,59.95,1848.8,1.970742932
6937-GCDGQ,0,Male,0,1,1,19,1,0,DSL,1,0,0,0,0,0,One year,1,Bank transfer (automatic),48.95,955.6,1.609138725
6941-KXRRV,0,Female,1,1,0,48,1,0,DSL,0,1,0,0,0,1,One year,1,Bank transfer (automatic),58.95,2789.7,1.937869822
6941-PMGEP,1,Female,0,0,0,5,1,0,Fiber optic,0,0,0,0,0,1,Month-to-month,1,Electronic check,80,412.5,2.629848784
6942-LBFDP,0,Female,0,0,0,2,1,0,No,0,0,0,0,0,0,Month-to-month,1,Mailed check,20.55,33.6,0.675542406
6946-LMSQS,1,Male,1,1,0,25,1,1,Fiber optic,1,0,0,0,0,1,One year,1,Electronic check,89.05,2177.45,2.927350427
6950-TWMYB,0,Male,0,1,1,54,1,0,Fiber optic,0,1,0,1,0,0,Two year,1,Bank transfer (automatic),79.95,4362.05,2.628205128
6952-OMNWB,0,Male,1,1,0,68,1,1,Fiber optic,0,0,1,0,0,0,Month-to-month,1,Credit card (automatic),80.35,5589.3,2.641354372
6953-PBDIN,0,Male,0,1,0,70,1,1,DSL,0,1,1,1,1,0,Two year,0,Bank transfer (automatic),72.95,5265.55,2.39809336
6954-OOYZZ,0,Male,0,1,0,18,1,0,DSL,0,0,0,0,0,0,Month-to-month,1,Bank transfer (automatic),44.35,768.05,1.457922419
6956-SMUCM,1,Female,0,0,0,3,1,0,Fiber optic,1,0,1,0,1,1,Month-to-month,1,Credit card (automatic),99,287.4,3.25443787
6959-GQEGV,0,Male,0,0,0,45,1,0,DSL,1,0,1,0,1,1,Month-to-month,1,Electronic check,75.95,3273.8,2.496712689
6959-UWKHF,1,Male,0,0,0,1,1,0,DSL,0,0,0,0,0,0,Month-to-month,1,Electronic check,42.9,42.9,1.41025641
6960-HVYXR,1,Female,0,0,0,1,1,1,Fiber optic,0,0,0,0,0,0,Month-to-month,0,Electronic check,76,76,2.498356345
6961-MJKBO,0,Male,0,0,0,47,1,0,No,0,0,0,0,0,0,Two year,0,Bank transfer (automatic),20.45,943,0.672255095
6961-VCPMC,1,Male,1,1,0,46,1,0,Fiber optic,0,0,0,0,0,1,Month-to-month,1,Electronic check,80.4,3605.2,2.642998028
6963-EZQEE,0,Male,1,1,0,70,1,1,DSL,1,1,1,1,1,1,Two year,1,Credit card (automatic),88.55,6306.5,2.910913872
6963-KQYQB,0,Female,0,1,1,70,1,1,No,0,0,0,0,0,0,Two year,0,Mailed check,24.05,1764.75,0.790598291
6967-PEJLL,0,Male,0,1,1,37,0,0,DSL,1,0,1,1,0,0,One year,1,Electronic check,40.2,1525.35,1.321499014
6967-QIQRV,0,Male,0,1,1,15,1,0,Fiber optic,1,0,0,1,1,1,One year,0,Electronic check,101.9,1667.25,3.349769888
6968-GMKPR,0,Female,0,0,0,55,1,0,Fiber optic,0,1,1,0,0,0,Month-to-month,1,Electronic check,81.55,4509.5,2.680802104
6968-MHOMU,0,Male,0,1,0,58,0,0,DSL,0,0,0,0,1,1,One year,1,Credit card (automatic),45,2689.35,1.479289941
6968-URWQU,0,Male,0,1,0,43,1,0,DSL,0,0,0,0,1,0,One year,1,Mailed check,56.35,2391.15,1.852399737
6969-MVBAI,0,Female,1,0,0,9,1,1,Fiber optic,0,0,1,0,1,0,Month-to-month,1,Electronic check,90.1,816.8,2.961867193
6972-SNKKW,0,Female,0,0,0,6,1,0,No,0,0,0,0,0,0,Month-to-month,0,Mailed check,20,109.2,0.657462196
6974-DAFLI,0,Female,0,1,0,55,1,0,No,0,0,0,0,0,0,One year,0,Electronic check,19.7,1140.05,0.647600263
6976-BWGLQ,0,Female,0,1,1,72,1,1,No,0,0,0,0,0,0,Two year,0,Bank transfer (automatic),25.2,1787.35,0.828402367
6979-TNDEU,0,Female,0,0,0,8,1,0,No,0,0,0,0,0,0,Month-to-month,0,Mailed check,19.2,156.85,0.631163708
6979-ZNSFF,1,Female,0,0,0,8,1,1,Fiber optic,0,0,0,0,1,0,Month-to-month,1,Electronic check,87.05,762.1,2.861604208
6980-CDGFC,0,Female,0,1,0,67,1,0,No,0,0,0,0,0,0,One year,1,Bank transfer (automatic),20.85,1327.4,0.685404339
6980-IMXXE,0,Female,0,1,1,69,1,0,No,0,0,0,0,0,0,Two year,0,Bank transfer (automatic),20.2,1412.65,0.664036818
6981-TDRFT,0,Male,0,1,1,44,0,0,DSL,0,0,1,1,1,1,One year,1,Electronic check,54.3,2317.1,1.785009862
6982-SSHFK,1,Male,0,0,0,1,1,0,DSL,0,0,0,0,0,0,Month-to-month,0,Mailed check,44.4,44.4,1.459566075
6982-UQZLY,1,Female,1,1,0,1,1,0,No,0,0,0,0,0,0,Month-to-month,1,Mailed check,20.85,20.85,0.685404339
6985-HAYWX,0,Female,0,1,0,26,1,1,Fiber optic,0,1,0,0,0,0,Month-to-month,0,Bank transfer (automatic),79.3,2015.8,2.606837607
6986-IJDHX,1,Male,0,1,1,39,1,0,Fiber optic,0,1,0,0,1,0,Month-to-month,1,Mailed check,86.3,3266,2.836949375
6986-IXNDM,0,Male,0,0,0,14,1,0,Fiber optic,0,0,0,0,1,1,Month-to-month,1,Electronic check,92.9,1337.45,3.0539119
6987-XQSJT,1,Female,1,0,0,54,1,1,Fiber optic,0,1,0,0,0,0,Month-to-month,1,Electronic check,79.5,4370.25,2.613412229
6988-CJEYV,0,Male,0,0,0,49,1,1,Fiber optic,0,1,0,0,1,1,Month-to-month,0,Electronic check,98.7,4920.55,3.244575937
6990-YNRIO,1,Male,0,1,1,65,1,1,Fiber optic,1,0,1,1,1,1,Two year,0,Bank transfer (automatic),108.65,6937.95,3.571663379
6992-TKNYO,0,Male,0,1,0,38,1,1,DSL,0,0,1,1,0,1,One year,0,Credit card (automatic),69,2669.45,2.268244576
6993-OHLXR,1,Female,0,0,0,2,1,0,Fiber optic,0,0,0,0,0,0,Month-to-month,0,Electronic check,68.95,119.75,2.26660092
6993-YCOBK,0,Male,0,1,1,60,1,1,Fiber optic,1,0,1,1,1,1,Two year,1,Electronic check,110.6,6586.85,3.635765943
6993-YGFJV,0,Male,0,1,0,69,1,1,Fiber optic,1,1,1,1,1,1,Two year,1,Bank transfer (automatic),112.55,7806.5,3.699868508
6994-FGRHH,0,Male,0,1,1,70,1,0,Fiber optic,0,1,1,1,1,1,One year,1,Electronic check,106.15,7475.1,3.489480605
6994-KERXL,0,Male,0,0,0,4,1,0,DSL,0,0,0,0,0,1,Month-to-month,1,Electronic check,55.9,238.5,1.837606838
6994-ORCWG,0,Female,0,0,0,14,1,1,DSL,0,1,0,0,0,0,One year,1,Mailed check,54.25,773.2,1.783366206
6996-KNSML,1,Female,0,0,0,1,1,0,Fiber optic,0,0,1,0,0,0,Month-to-month,1,Electronic check,74.9,74.9,2.462195924
6997-UVGOX,0,Male,0,1,1,71,1,0,DSL,1,1,1,1,1,1,Two year,0,Bank transfer (automatic),85.45,6029.9,2.809007232
6999-CHVCF,0,Male,0,0,0,68,1,1,Fiber optic,1,1,1,0,0,1,Two year,1,Bank transfer (automatic),102.1,7149.35,3.35634451
7000-WCEVQ,1,Female,1,0,0,20,1,1,DSL,0,0,0,0,0,1,Month-to-month,1,Mailed check,61.6,1174.35,2.024983563
7005-CCBKV,1,Male,0,0,0,6,1,0,Fiber optic,0,1,0,0,0,1,Month-to-month,1,Electronic check,84.4,556.35,2.774490467
7005-CYUIL,0,Female,1,1,0,71,1,0,Fiber optic,1,1,1,1,1,0,Two year,1,Electronic check,99.4,7168.25,3.267587114
7008-LZVOZ,0,Male,0,1,1,66,1,1,No,0,0,0,0,0,0,Two year,1,Credit card (automatic),25.3,1672.35,0.831689678
7009-LGECI,0,Female,0,0,0,4,1,0,DSL,1,0,0,0,0,0,Month-to-month,1,Bank transfer (automatic),50.55,235.65,1.6617357
7009-PCARS,0,Male,0,0,1,55,1,0,No,0,0,0,0,0,0,One year,0,Bank transfer (automatic),19.1,1001.5,0.627876397
7010-BRBUU,0,Male,0,1,1,72,1,1,No,0,0,0,0,0,0,Two year,0,Credit card (automatic),24.1,1734.65,0.792241946
7010-ZMVBF,0,Female,0,1,1,18,1,0,No,0,0,0,0,0,0,Month-to-month,0,Mailed check,20.45,357,0.672255095
7011-CVEUC,0,Male,0,1,0,25,1,0,Fiber optic,0,0,0,1,1,1,Month-to-month,1,Credit card (automatic),95.7,2338.35,3.145956607
7013-PSXHK,0,Female,0,0,0,40,1,1,DSL,0,0,1,1,1,1,One year,1,Mailed check,80.75,3208.65,2.654503616
7014-ZZXAW,0,Female,0,1,0,71,1,1,No,0,0,0,0,0,0,Two year,1,Credit card (automatic),24.25,1732.95,0.797172913
7016-BPGEU,1,Female,0,0,0,29,0,0,DSL,0,0,0,0,0,0,Month-to-month,1,Credit card (automatic),25.1,712.85,0.825115056
7016-NVRIC,0,Male,1,1,0,29,1,0,Fiber optic,1,0,1,0,0,1,One year,0,Bank transfer (automatic),90.1,2656.7,2.961867193
7017-VFHAY,0,Female,0,1,1,61,1,1,Fiber optic,1,1,1,1,1,1,Two year,0,Credit card (automatic),115.1,7008.15,3.783694938
7017-VFULY,0,Female,0,1,0,2,1,0,No,0,0,0,0,0,0,Month-to-month,0,Bank transfer (automatic),20.1,43.15,0.660749507
7018-FPXHH,0,Male,0,1,1,56,1,0,DSL,1,1,1,0,0,0,Two year,1,Bank transfer (automatic),59.8,3457.45,1.965811966
7018-WBJNK,0,Male,0,0,1,13,1,0,Fiber optic,0,0,0,0,1,0,Month-to-month,1,Credit card (automatic),78.3,1033.95,2.573964497
7020-OZKXZ,0,Female,1,0,0,9,1,0,Fiber optic,0,0,1,0,0,0,Month-to-month,0,Credit card (automatic),75.5,637.4,2.48191979
7021-XSNYE,0,Male,0,1,1,7,0,0,DSL,1,0,1,1,0,1,Two year,0,Credit card (automatic),49.65,305.55,1.632149901
7024-OHCCK,1,Female,1,0,0,2,1,1,Fiber optic,0,0,0,0,1,1,Month-to-month,1,Electronic check,93.85,170.85,3.085141354
7025-IWFHT,0,Male,0,0,0,41,1,0,Fiber optic,0,1,0,1,1,0,One year,1,Electronic check,89.55,3729.75,2.943786982
7025-WCBNE,0,Male,1,0,0,47,1,1,DSL,0,1,0,1,0,0,Two year,0,Bank transfer (automatic),59.6,2754,1.959237344
7026-YMSBE,0,Male,0,0,0,30,1,0,No,0,0,0,0,0,0,One year,0,Mailed check,19.7,625.05,0.647600263
7028-DVOIQ,1,Male,1,0,0,35,1,1,Fiber optic,0,0,1,0,1,1,Month-to-month,1,Electronic check,99.05,3395.8,3.256081525
7029-IJEJK,0,Female,0,0,0,54,0,0,DSL,1,0,0,1,0,1,One year,0,Bank transfer (automatic),44.1,2369.7,1.449704142
7029-RPUAV,1,Male,1,1,0,17,1,1,Fiber optic,0,0,1,0,1,1,Month-to-month,1,Credit card (automatic),100.45,1622.45,3.302103879
7030-FZTFM,0,Male,0,1,1,72,1,1,Fiber optic,0,1,1,1,1,1,Two year,0,Credit card (automatic),110.9,7922.75,3.645627876
7030-NJVDP,0,Male,0,1,0,24,1,0,Fiber optic,1,0,0,1,0,1,Month-to-month,1,Electronic check,89.25,2210.2,2.933925049
7032-LMBHI,0,Female,0,0,0,37,1,1,DSL,1,0,0,0,1,0,One year,0,Bank transfer (automatic),64.65,2347.85,2.125246548
7033-CLAMM,0,Female,0,1,1,48,1,0,No,0,0,0,0,0,0,Two year,0,Bank transfer (automatic),20.2,1027.25,0.664036818
7036-TYDEC,0,Female,0,0,0,69,1,1,Fiber optic,0,0,1,1,1,1,Two year,0,Electronic check,104,7028.5,3.418803419
7036-ZZKBD,0,Male,0,1,0,31,1,0,DSL,0,0,1,1,0,1,Month-to-month,1,Credit card (automatic),66.4,2019.8,2.18277449
7037-MTYVW,0,Male,0,1,1,38,1,1,DSL,1,0,1,1,1,1,Two year,1,Bank transfer (automatic),85.4,3297,2.807363577
7041-TXQJH,0,Female,0,0,0,37,0,0,DSL,0,0,1,0,0,1,Month-to-month,1,Credit card (automatic),40.2,1478.85,1.321499014
7044-YAACC,0,Male,1,1,0,4,1,0,Fiber optic,0,0,0,0,0,0,Month-to-month,1,Electronic check,70.2,280.35,2.307692308
7047-FWEYA,0,Female,0,1,0,46,1,1,Fiber optic,0,1,0,1,1,1,One year,1,Electronic check,103.15,4594.65,3.390861275
7047-YXDMZ,0,Male,0,0,0,21,1,0,No,0,0,0,0,0,0,Month-to-month,0,Mailed check,20,417.7,0.657462196
7048-GXDAY,0,Male,0,0,0,39,1,1,Fiber optic,1,1,0,0,1,1,Month-to-month,1,Electronic check,106.4,4040.65,3.497698882
7049-GKVZY,0,Female,0,0,0,17,1,0,DSL,1,1,0,1,1,1,One year,0,Credit card (automatic),79.85,1387.35,2.624917817
7054-DMVAS,0,Male,0,0,0,54,1,0,DSL,1,1,0,0,1,0,Two year,1,Bank transfer (automatic),65.3,3512.9,2.14661407
7054-ENNGU,0,Female,0,1,0,9,1,0,DSL,0,1,0,0,0,0,Month-to-month,0,Mailed check,50.85,466.6,1.671597633
7054-LGEQW,1,Female,0,0,0,1,1,0,DSL,0,0,0,0,0,0,Month-to-month,0,Mailed check,45.95,45.95,1.510519395
7055-HNEOJ,0,Male,0,1,0,3,1,0,DSL,0,0,1,1,0,0,Month-to-month,1,Mailed check,55.8,154.55,1.834319527
7055-JCGNI,0,Female,0,0,0,70,1,1,Fiber optic,1,1,1,1,1,1,Two year,1,Credit card (automatic),111.95,7795.95,3.680144642
7055-VKGDA,1,Male,0,0,0,54,1,0,Fiber optic,1,1,0,1,1,1,One year,1,Credit card (automatic),105.4,5643.4,3.464825773
7056-IMHCC,1,Male,1,1,0,53,1,1,Fiber optic,0,1,0,0,1,1,Month-to-month,1,Electronic check,101.9,5549.4,3.349769888
7061-OVMIM,0,Female,0,1,1,30,1,0,No,0,0,0,0,0,0,One year,0,Bank transfer (automatic),19.55,608.5,0.642669297
7064-FRRSW,0,Male,1,0,0,48,1,1,Fiber optic,0,1,0,0,1,1,One year,1,Electronic check,99,4744.35,3.25443787
7064-JHXCE,0,Male,0,1,1,62,1,0,No,0,0,0,0,0,0,Two year,0,Credit card (automatic),20.05,1263.9,0.659105851
7065-YUNRY,1,Female,0,0,0,1,1,0,DSL,0,0,0,0,0,0,Month-to-month,1,Mailed check,45.3,45.3,1.489151874
7067-KSAZT,1,Female,1,1,0,65,1,1,Fiber optic,0,1,1,0,1,1,One year,1,Electronic check,106.25,6979.8,3.492767916
7072-MBHEV,0,Female,1,1,1,11,1,1,Fiber optic,0,0,1,0,0,0,Month-to-month,1,Credit card (automatic),78.1,864.85,2.567389875
7073-QETQY,0,Male,0,1,1,66,1,0,No,0,0,0,0,0,0,One year,1,Electronic check,20.35,1359.5,0.668967784
7074-IEVOJ,1,Female,1,0,0,3,1,1,Fiber optic,0,1,0,0,0,0,Month-to-month,1,Electronic check,79.4,205.05,2.610124918
7074-STDCN,0,Male,0,0,0,39,0,0,DSL,0,0,0,1,0,1,Month-to-month,1,Electronic check,40.6,1494.5,1.334648258
7075-BNDVQ,0,Female,0,0,0,4,0,0,DSL,1,0,1,0,0,0,Month-to-month,0,Mailed check,35,135.75,1.150558843
7077-XJMET,0,Male,0,1,0,12,1,0,DSL,0,0,1,1,1,1,Month-to-month,1,Electronic check,74.15,741.4,2.437541091
7078-NVFAM,0,Female,0,1,1,32,0,0,DSL,1,1,0,0,0,0,Month-to-month,1,Electronic check,35.15,1051.05,1.155489809
7079-QRCBC,1,Female,0,0,0,24,1,1,Fiber optic,0,0,1,0,1,1,Month-to-month,1,Electronic check,98.75,2407.3,3.246219592
7080-TNUWP,0,Male,0,1,0,70,1,1,Fiber optic,0,1,1,0,1,0,One year,1,Bank transfer (automatic),95,6602.9,3.122945431
7083-MIOPC,0,Female,0,0,0,72,1,0,No,0,0,0,0,0,0,Two year,0,Credit card (automatic),20.25,1566.9,0.665680473
7083-YNSKY,1,Female,0,0,0,15,1,1,No,0,0,0,0,0,0,Month-to-month,1,Credit card (automatic),25.4,399.6,0.834976989
7088-FBAWU,0,Female,0,1,1,17,1,0,DSL,1,1,0,0,1,1,Month-to-month,0,Mailed check,74.55,1215.8,2.450690335
7089-IVVAZ,1,Female,0,0,0,8,1,1,Fiber optic,1,0,0,1,1,1,Month-to-month,1,Bank transfer (automatic),103.35,847.3,3.397435897
7089-RKVSZ,0,Male,0,1,1,8,1,1,No,0,0,0,0,0,0,One year,0,Mailed check,24.4,203.95,0.802103879
7089-XXAYG,0,Male,0,1,0,25,0,0,DSL,0,0,1,0,1,0,One year,1,Credit card (automatic),38.1,970.4,1.252465483
7094-MSZAO,0,Male,0,1,1,10,1,0,No,0,0,0,0,0,0,Month-to-month,1,Credit card (automatic),20.05,218.5,0.659105851
7096-UCLNH,0,Male,0,0,0,1,1,0,No,0,0,0,0,0,0,Month-to-month,0,Mailed check,20.05,20.05,0.659105851
7096-ZNBZI,0,Female,0,1,0,72,1,1,No,0,0,0,0,0,0,Two year,0,Credit card (automatic),26.45,1914.5,0.869493754
7100-FQPRV,0,Male,0,1,1,43,1,1,DSL,1,0,0,1,0,1,One year,1,Credit card (automatic),71.9,3173.35,2.363576594
7101-HRBLJ,0,Female,0,1,1,72,1,0,DSL,1,1,1,1,1,1,Two year,1,Bank transfer (automatic),83.7,6096.9,2.75147929
7102-JJVTX,0,Female,0,1,1,9,1,0,DSL,1,0,0,0,0,0,One year,0,Mailed check,48.6,422.3,1.597633136
7103-IPXPJ,0,Male,0,1,0,50,1,1,Fiber optic,0,0,0,1,1,1,One year,0,Electronic check,99.4,5059.75,3.267587114
7103-ZGVNT,0,Female,0,1,1,69,1,1,DSL,1,1,0,1,1,0,One year,0,Credit card (automatic),73.7,4885.85,2.422748192
7105-BENQF,0,Male,0,0,1,15,1,0,DSL,1,0,1,0,0,1,One year,0,Mailed check,64.85,950.75,2.13182117
7105-MXJLL,0,Female,1,1,0,26,1,0,DSL,0,0,1,0,0,1,One year,0,Mailed check,60.7,1597.4,1.995397765
7107-UBYKY,0,Female,0,1,1,35,1,1,No,0,0,0,0,0,0,Month-to-month,1,Electronic check,25.75,882.55,0.846482577
7108-DGVUU,0,Female,1,1,0,21,1,1,DSL,0,1,1,0,0,1,One year,0,Bank transfer (automatic),71.7,1497.05,2.357001972
7109-CQYUZ,0,Male,0,0,0,52,1,1,DSL,1,1,1,1,1,1,Two year,1,Mailed check,89.25,4652.4,2.933925049
7109-MFBYV,0,Male,0,0,0,26,1,0,DSL,0,0,0,0,0,0,Month-to-month,0,Electronic check,45.45,1233.15,1.49408284
7110-BDTWG,0,Female,0,1,0,71,0,0,DSL,0,0,1,1,0,1,Two year,1,Electronic check,47.05,3263.6,1.546679816
7112-OPOTK,1,Male,0,0,0,33,1,0,Fiber optic,0,0,0,0,0,0,Month-to-month,0,Electronic check,68.25,2171.15,2.243589744
7113-HIPFI,0,Male,0,1,1,66,1,0,DSL,1,1,1,1,0,0,Two year,0,Mailed check,65.85,4097.05,2.16469428
7114-AEOZE,0,Female,0,0,0,60,1,0,No,0,0,0,0,0,0,Two year,0,Bank transfer (automatic),19.85,1128.1,0.652531229
7115-IRDHS,0,Female,0,1,0,72,1,1,No,0,0,0,0,0,0,Two year,0,Bank transfer (automatic),24.65,1830.05,0.810322156
7120-RFMVS,1,Male,0,0,0,1,1,1,Fiber optic,0,0,0,0,1,0,Month-to-month,0,Electronic check,84.5,84.5,2.777777778
7123-WQUHX,0,Male,0,0,0,38,1,1,Fiber optic,0,0,1,1,1,0,One year,0,Bank transfer (automatic),95,3605.6,3.122945431
7124-UGSUR,1,Female,1,1,0,61,1,1,Fiber optic,0,1,1,0,1,1,One year,1,Credit card (automatic),104.4,6405,3.431952663
7126-RBHSD,0,Female,0,1,0,17,1,1,Fiber optic,1,0,0,0,0,0,Month-to-month,0,Electronic check,78.9,1348.95,2.593688363
7128-GGCNO,0,Male,0,0,0,46,1,1,Fiber optic,0,0,0,0,0,0,Month-to-month,0,Bank transfer (automatic),72.8,3249.4,2.393162393
7129-ACFOG,0,Female,0,0,0,5,1,1,DSL,1,0,0,0,0,0,Month-to-month,1,Electronic check,53.8,283.95,1.768573307
7129-AZJDE,0,Male,0,1,1,34,1,0,Fiber optic,0,0,0,0,0,1,One year,1,Bank transfer (automatic),78.95,2647.2,2.595332018
7129-CAKJW,0,Female,0,0,0,17,1,1,Fiber optic,0,0,1,0,0,0,Month-to-month,0,Bank transfer (automatic),80.05,1345.65,2.631492439
7130-CTCUS,0,Male,1,1,0,16,1,0,DSL,1,1,0,0,0,0,Month-to-month,1,Bank transfer (automatic),54.55,825.1,1.793228139
7130-VTEWQ,1,Female,1,0,0,8,1,1,Fiber optic,0,0,0,0,0,0,Month-to-month,1,Electronic check,75.75,606.25,2.490138067
7130-YXBRO,0,Male,0,1,0,48,1,1,Fiber optic,1,1,1,0,1,1,Month-to-month,1,Bank transfer (automatic),111.45,5315.1,3.663708087
7131-ZQZNK,0,Female,0,1,1,60,0,0,DSL,1,0,1,1,1,1,Two year,0,Credit card (automatic),59.85,3590.2,1.967455621
7133-VBDCG,1,Female,0,0,0,25,1,0,Fiber optic,1,1,0,0,0,0,Month-to-month,1,Bank transfer (automatic),79.85,2015.35,2.624917817
7134-HBPBS,0,Female,1,0,0,72,1,1,Fiber optic,0,1,1,1,1,1,Two year,1,Bank transfer (automatic),108.1,7774.05,3.553583169
7134-MJPDY,0,Female,1,0,0,66,1,1,Fiber optic,0,0,1,1,1,1,One year,1,Credit card (automatic),102.85,6976.75,3.380999343
7136-IHZJA,0,Female,0,1,1,40,1,0,DSL,1,1,0,1,0,1,Month-to-month,1,Mailed check,71.35,2847.2,2.345496384
7136-RVDTZ,1,Male,1,0,0,70,0,0,DSL,0,0,0,0,1,1,One year,1,Electronic check,45.25,3264.45,1.487508218
7137-NAXML,0,Male,0,0,0,23,1,0,No,0,0,0,0,0,0,One year,0,Bank transfer (automatic),20.15,405.6,0.662393162
7137-RYLPP,1,Male,1,1,0,37,1,1,Fiber optic,0,0,0,0,1,0,Month-to-month,1,Electronic check,85.7,3171.15,2.81722551
7138-GIRSH,0,Male,0,0,0,50,1,1,DSL,0,0,1,1,0,1,Two year,0,Bank transfer (automatic),69.5,3418.2,2.284681131
7139-JZFVG,0,Male,0,1,1,60,1,0,DSL,1,1,1,0,0,0,Two year,0,Bank transfer (automatic),60.5,3694.45,1.988823143
7140-ADSMJ,0,Male,0,0,0,8,1,0,No,0,0,0,0,0,0,Month-to-month,1,Credit card (automatic),20.45,162.3,0.672255095
7142-HVGBG,1,Male,1,1,0,43,1,1,Fiber optic,0,1,1,0,1,1,Month-to-month,1,Electronic check,103,4414.3,3.385930309
7143-BQIBA,0,Male,0,0,0,10,1,0,DSL,1,0,0,1,1,0,Month-to-month,0,Bank transfer (automatic),62.25,612.95,2.046351085
7145-FEJWU,0,Female,0,0,1,12,1,1,Fiber optic,0,1,1,0,1,1,Month-to-month,1,Electronic check,105.3,1275.65,3.461538462
7147-AYBAA,0,Male,0,0,0,37,1,0,Fiber optic,0,0,0,0,0,0,Month-to-month,1,Mailed check,70.35,2552.9,2.312623274
7148-XZPHA,0,Male,0,1,1,55,1,0,Fiber optic,0,1,0,1,0,0,Month-to-month,0,Electronic check,79.4,4238.45,2.610124918
7153-CHRBV,0,Female,0,1,1,57,1,0,DSL,1,0,1,1,0,0,One year,1,Mailed check,59.3,3274.35,1.949375411
7153-OANIO,1,Male,0,0,0,1,1,0,Fiber optic,0,0,0,0,0,0,Month-to-month,0,Electronic check,69.95,69.95,2.29947403
7156-MHUGY,1,Male,1,0,0,13,1,0,Fiber optic,0,0,0,0,1,1,Month-to-month,1,Electronic check,90.5,1201.15,2.975016437
7156-MXBJE,0,Female,0,0,0,43,1,1,DSL,0,1,1,1,1,1,One year,0,Credit card (automatic),85.1,3662.25,2.797501644
7157-SMCFK,0,Male,0,0,1,61,1,0,No,0,0,0,0,0,0,Two year,0,Mailed check,19.75,1124.2,0.649243918
7159-FVYPK,0,Female,0,1,1,3,1,1,DSL,0,1,1,0,1,0,Month-to-month,1,Bank transfer (automatic),69.15,235,2.273175542
7159-NOKYQ,0,Male,0,1,0,67,1,1,Fiber optic,0,1,1,0,0,1,Two year,1,Electronic check,93.15,6368.2,3.062130178
7161-DFHUF,0,Female,0,1,0,71,1,1,No,0,0,0,0,0,0,Two year,0,Mailed check,23.85,1672.1,0.784023669
7162-WPHPM,0,Male,0,1,1,58,1,1,DSL,1,1,1,1,0,0,Two year,0,Credit card (automatic),71.6,4230.25,2.353714661
7163-OCEQI,0,Male,0,1,1,22,1,1,DSL,0,0,1,1,1,1,One year,1,Mailed check,78.65,1663.75,2.585470085
7164-BPTUT,0,Male,0,0,1,57,1,1,DSL,1,1,1,1,1,1,Two year,0,Mailed check,89.55,5012.35,2.943786982
7167-PCEYD,0,Male,0,0,0,67,1,0,No,0,0,0,0,0,0,Two year,1,Mailed check,19.8,1311.3,0.650887574
7168-HDQHG,0,Female,0,1,1,36,1,0,No,0,0,0,0,0,0,Month-to-month,0,Bank transfer (automatic),19.2,702.9,0.631163708
7169-YWAMK,0,Male,0,1,1,72,1,0,DSL,1,1,0,1,1,0,Two year,0,Bank transfer (automatic),68.4,4855.35,2.24852071
7173-TETGO,0,Female,1,1,0,72,1,1,Fiber optic,1,0,0,0,0,0,Two year,0,Bank transfer (automatic),78.5,5602.25,2.580539119
7175-NTIXE,0,Female,0,0,0,25,1,0,DSL,1,0,0,1,1,1,Month-to-month,1,Credit card (automatic),76.15,1992.95,2.503287311
7176-WIONM,0,Female,0,1,0,12,0,0,DSL,0,0,1,0,1,1,Month-to-month,1,Bank transfer (automatic),49.85,617.15,1.638724523
7176-WRTNX,0,Male,0,0,0,70,1,1,Fiber optic,1,1,1,1,1,1,Two year,1,Bank transfer (automatic),114.95,7711.25,3.778763971
7180-PISOG,1,Male,0,1,1,1,1,1,Fiber optic,0,0,0,0,0,0,Month-to-month,1,Electronic check,74.5,74.5,2.44904668
7181-BQYBV,1,Female,0,1,1,1,1,1,Fiber optic,1,0,1,0,1,1,Month-to-month,1,Electronic check,102.45,102.45,3.367850099
7181-OQCUT,0,Male,0,0,0,21,1,1,Fiber optic,1,0,1,0,1,1,Month-to-month,0,Mailed check,103.85,2215,3.413872452
7182-OVLBJ,0,Female,0,1,1,62,1,1,Fiber optic,1,0,0,0,1,1,Two year,1,Bank transfer (automatic),101.15,6638.35,3.325115056
7184-LRUUR,0,Female,0,0,0,22,1,0,DSL,0,1,1,0,1,0,One year,0,Bank transfer (automatic),65.25,1441.8,2.144970414
7188-CBBBA,0,Female,0,0,0,65,1,1,Fiber optic,0,1,1,0,1,0,One year,1,Electronic check,95.5,6153.85,3.139381986
7190-XHTWJ,0,Female,0,0,0,38,1,0,No,0,0,0,0,0,0,One year,0,Mailed check,19.3,755.5,0.634451019
7191-ADRGF,0,Male,0,1,0,44,0,0,DSL,0,1,1,0,1,1,Two year,0,Bank transfer (automatic),54.3,2390.45,1.785009862
7196-LIWRH,0,Female,0,0,0,6,1,0,No,0,0,0,0,0,0,Two year,0,Mailed check,19.55,124.45,0.642669297
7197-VOJMM,0,Male,0,1,0,67,1,0,DSL,1,1,0,1,0,1,Two year,1,Credit card (automatic),69.2,4671.65,2.274819198
7198-GLXTC,1,Male,0,0,0,2,1,0,Fiber optic,0,0,0,0,1,0,Month-to-month,0,Electronic check,79,143.65,2.596975674
7203-OYKCT,0,Male,0,0,0,72,1,1,Fiber optic,0,1,1,0,1,1,One year,1,Electronic check,104.95,7544.3,3.450032873
7205-BAIAD,0,Female,0,0,0,40,1,0,No,0,0,0,0,0,0,Two year,1,Bank transfer (automatic),20.6,827.3,0.677186062
7206-GZCDC,1,Female,1,0,0,1,1,0,Fiber optic,0,0,0,0,0,0,Month-to-month,1,Electronic check,69.25,69.25,2.276462853
7206-PQBBZ,0,Male,1,1,0,11,1,0,Fiber optic,0,0,0,0,0,0,Month-to-month,1,Electronic check,70.2,834.7,2.307692308
7207-RMRDB,1,Female,0,1,1,65,1,1,Fiber optic,0,1,1,0,1,1,Month-to-month,1,Electronic check,105.5,6985.65,3.468113083
7208-PSIHR,0,Female,0,1,0,70,1,1,Fiber optic,0,0,1,1,1,1,Two year,1,Bank transfer (automatic),104.3,7188.5,3.428665352
7209-JCUDS,1,Male,0,0,0,10,1,0,Fiber optic,0,0,1,0,1,1,Month-to-month,1,Electronic check,94.9,1048.85,3.11965812
7216-EWTRS,1,Female,1,1,0,1,1,1,Fiber optic,0,0,1,0,1,1,Month-to-month,1,Electronic check,100.8,100.8,3.313609467
7216-KAOID,0,Male,0,1,1,41,1,0,No,0,0,0,0,0,0,One year,0,Bank transfer (automatic),19.5,798.2,0.641025641
7217-JYHOQ,0,Male,0,1,1,24,1,0,DSL,1,1,0,1,0,1,Month-to-month,1,Credit card (automatic),70.3,1706.45,2.310979619
7218-HKQFK,1,Male,0,1,0,2,1,0,Fiber optic,0,0,0,1,1,1,Month-to-month,1,Electronic check,94.2,167.5,3.096646943
7219-TLZHO,0,Female,0,1,1,4,1,0,No,0,0,0,0,0,0,Month-to-month,0,Mailed check,20.85,62.9,0.685404339
7225-CBZPL,0,Male,1,1,0,17,1,1,Fiber optic,0,0,0,0,1,1,Month-to-month,1,Electronic check,94.8,1563.9,3.116370809
7225-IILWY,0,Male,0,1,1,68,1,1,No,0,0,0,0,0,0,Two year,0,Mailed check,25.75,1686.15,0.846482577
7228-OMTPN,1,Male,0,0,0,4,1,0,Fiber optic,0,0,0,0,1,1,Month-to-month,1,Electronic check,88.45,370.65,2.907626561
7228-PAQPD,0,Female,0,0,0,14,1,0,DSL,0,0,0,1,0,1,One year,0,Credit card (automatic),59.1,772.85,1.942800789
7233-DRTRF,0,Male,0,1,0,63,1,1,Fiber optic,0,1,1,0,1,1,Month-to-month,1,Electronic check,102.4,6444.05,3.366206443
7233-IOQNP,0,Female,0,1,0,43,0,0,DSL,1,0,0,1,0,0,Month-to-month,0,Bank transfer (automatic),34,1505.35,1.117685733
7233-PAHHL,0,Male,0,1,1,66,1,1,DSL,1,0,1,1,1,1,Two year,1,Mailed check,84,5714.25,2.761341223
7234-FECYN,1,Female,1,0,0,8,1,1,Fiber optic,0,0,1,0,1,1,Month-to-month,0,Electronic check,101.35,780.5,3.331689678
7234-KMNRQ,0,Male,0,0,0,4,1,0,No,0,0,0,0,0,0,Month-to-month,0,Mailed check,19,73.45,0.624589086
7235-NXZCP,1,Male,1,0,0,2,1,1,Fiber optic,0,0,0,0,0,0,Month-to-month,1,Mailed check,74.85,156.4,2.460552268
7239-HZZCX,1,Male,0,0,0,1,1,0,No,0,0,0,0,0,0,Month-to-month,0,Mailed check,19.75,19.75,0.649243918
7240-ETPTR,1,Female,0,1,0,9,0,0,DSL,0,0,1,0,1,1,Month-to-month,1,Electronic check,48.75,442.2,1.602564103
7240-FQLHE,1,Female,1,1,0,18,1,1,Fiber optic,0,0,0,1,1,1,Month-to-month,0,Bank transfer (automatic),99.75,1836.25,3.279092702
7241-AJHFS,0,Male,0,0,0,32,1,1,Fiber optic,1,0,0,1,0,0,Month-to-month,0,Bank transfer (automatic),87.65,2766.4,2.881328074
7242-EDTYC,0,Male,0,0,1,44,1,0,No,0,0,0,0,0,0,Two year,0,Bank transfer (automatic),19.55,819.95,0.642669297
7242-QZLXF,1,Male,0,0,1,1,0,0,DSL,0,0,0,0,0,0,Month-to-month,1,Electronic check,25.3,25.3,0.831689678
7243-LCGGZ,0,Female,0,0,0,1,1,0,No,0,0,0,0,0,0,Month-to-month,0,Mailed check,20.9,20.9,0.687047995
7244-KXYZN,0,Female,0,0,0,24,1,0,No,0,0,0,0,0,0,One year,0,Credit card (automatic),20.45,527.35,0.672255095
7244-QWYHG,0,Male,0,1,0,50,0,0,DSL,1,0,0,1,1,0,One year,1,Bank transfer (automatic),44.45,2188.45,1.46120973
7245-JMTTQ,0,Female,0,0,0,51,1,1,Fiber optic,0,1,1,1,1,1,One year,1,Electronic check,111.5,5703.25,3.665351742
7245-NIIWQ,0,Female,0,0,0,3,1,0,Fiber optic,0,0,0,0,0,0,Month-to-month,1,Electronic check,69.85,199.85,2.296186719
7246-ZGQDF,0,Female,0,0,1,1,1,0,DSL,1,0,0,1,0,0,Month-to-month,0,Electronic check,54.5,54.5,1.791584484
7247-XOZPB,0,Male,0,1,0,53,1,1,DSL,1,0,1,1,1,0,One year,0,Bank transfer (automatic),77.4,4155.95,2.544378698
7248-VZQLC,1,Female,1,0,0,47,1,1,Fiber optic,0,1,1,0,0,0,Month-to-month,1,Bank transfer (automatic),85.2,3969.35,2.800788955
7249-WBIYX,1,Male,0,1,0,10,1,1,Fiber optic,0,0,0,0,1,0,Month-to-month,1,Electronic check,85.6,813.85,2.813938199
7250-EQKIY,1,Female,0,1,1,1,1,0,DSL,0,0,1,0,0,0,Month-to-month,0,Mailed check,50.45,50.45,1.658448389
7251-LJBQN,0,Female,1,0,0,40,1,1,Fiber optic,0,0,1,1,1,1,One year,1,Credit card (automatic),103.75,4188.4,3.410585141
7251-XFOIL,0,Female,0,0,0,61,1,1,Fiber optic,0,0,1,0,0,1,Month-to-month,0,Mailed check,89.2,5500.6,2.932281394
7252-NTGSS,0,Female,0,0,0,1,1,0,DSL,0,0,0,0,0,0,Month-to-month,0,Mailed check,45.15,45.15,1.484220907
7253-UVNDW,1,Female,0,0,0,46,1,0,DSL,0,0,1,1,0,0,Two year,0,Credit card (automatic),54.35,2460.15,1.786653517
7254-IQWOZ,1,Male,0,0,0,1,1,0,Fiber optic,0,0,0,0,0,0,Month-to-month,1,Electronic check,69.65,69.65,2.289612097
7255-SSFBC,0,Male,0,1,1,72,1,1,Fiber optic,0,1,1,1,1,1,Two year,1,Bank transfer (automatic),112.25,8041.65,3.690006575
7266-GSSJX,0,Male,0,1,1,11,1,0,No,0,0,0,0,0,0,Month-to-month,1,Electronic check,20.45,250.8,0.672255095
7267-FRMJW,0,Female,0,1,1,25,1,0,No,0,0,0,0,0,0,Two year,0,Mailed check,20.1,486.05,0.660749507
7268-IGMFD,0,Male,1,0,0,18,1,1,Fiber optic,0,0,1,1,1,0,Month-to-month,0,Bank transfer (automatic),93.9,1743.9,3.08678501
7268-WNTCP,0,Male,0,1,1,62,1,0,No,0,0,0,0,0,0,Two year,0,Bank transfer (automatic),20.45,1297.35,0.672255095
7269-JISCY,0,Female,0,0,0,55,1,0,DSL,0,0,0,0,0,0,One year,0,Bank transfer (automatic),45.05,2462.6,1.480933596
7270-BDIOA,1,Female,0,0,0,22,1,1,Fiber optic,0,0,0,1,1,0,Month-to-month,1,Electronic check,90,1993.8,2.958579882
7271-AJDTL,0,Female,0,1,0,55,1,1,Fiber optic,0,1,1,0,1,0,Month-to-month,1,Credit card (automatic),94.45,5073.1,3.10486522
7272-QDCKA,0,Male,0,0,0,28,1,1,Fiber optic,0,1,0,0,1,1,One year,0,Electronic check,100.2,2688.45,3.293885602
7273-TEFQD,1,Male,1,0,0,3,0,0,DSL,0,0,1,0,0,1,Month-to-month,1,Electronic check,41.15,132.2,1.352728468
7274-CGTOD,0,Male,0,0,0,62,0,0,DSL,1,1,1,1,0,0,Two year,1,Bank transfer (automatic),43.7,2618.3,1.436554898
7274-RTAPZ,1,Male,0,0,0,1,1,0,Fiber optic,0,0,0,0,1,1,Month-to-month,1,Electronic check,90.55,90.55,2.976660092
7277-KAMWT,0,Male,0,0,0,13,1,0,No,0,0,0,0,0,0,Two year,0,Credit card (automatic),20,268.45,0.657462196
7277-OZCGZ,0,Female,0,0,0,22,1,0,Fiber optic,1,0,0,1,0,1,Month-to-month,1,Electronic check,89.05,1886.25,2.927350427
7278-CKDNC,0,Male,1,0,0,24,1,1,Fiber optic,0,1,0,0,0,0,Month-to-month,1,Electronic check,80.5,2088.45,2.646285339
7279-BUYWN,1,Female,1,0,0,41,1,1,Fiber optic,1,1,1,0,1,1,Month-to-month,1,Electronic check,113.2,4689.5,3.721236029
7279-NMVJC,0,Female,0,0,0,17,1,0,No,0,0,0,0,0,0,One year,0,Bank transfer (automatic),19.9,323.15,0.654174885
7284-BUYEC,0,Female,0,0,0,5,0,0,DSL,0,1,0,0,1,1,Month-to-month,1,Credit card (automatic),50.95,229.4,1.674884944
7284-ZZLOH,0,Male,0,1,0,45,1,0,DSL,1,0,1,0,0,0,Two year,0,Credit card (automatic),53.3,2296.25,1.752136752
7285-KLOTR,0,Female,0,1,0,12,1,1,DSL,1,0,1,0,1,1,One year,0,Electronic check,78.85,876.75,2.592044707
7291-CDTMJ,0,Male,0,0,0,1,1,0,No,0,0,0,0,0,0,Month-to-month,1,Bank transfer (automatic),19.65,19.65,0.645956607
7293-LSCDV,0,Female,0,1,1,60,1,0,No,0,0,0,0,0,0,Two year,1,Credit card (automatic),19.25,1103.25,0.632807364
7294-TMAOP,1,Female,0,0,0,1,1,0,Fiber optic,0,0,0,0,1,1,Month-to-month,0,Electronic check,90.55,90.55,2.976660092
7295-JOMMD,1,Female,0,0,1,4,1,0,Fiber optic,0,0,1,1,1,1,Month-to-month,1,Bank transfer (automatic),98.1,396.3,3.224852071
7296-PIXQY,0,Female,0,1,1,14,1,0,Fiber optic,0,0,0,0,0,0,Month-to-month,0,Electronic check,70.2,1046.5,2.307692308
7297-DVYGA,0,Female,0,0,0,51,1,0,No,0,0,0,0,0,0,One year,1,Bank transfer (automatic),19.85,996.95,0.652531229
7298-IZWLY,0,Female,0,0,0,1,1,0,No,0,0,0,0,0,0,Month-to-month,1,Mailed check,19.4,19.4,0.63773833
7299-GNVPL,0,Female,0,1,1,23,1,0,Fiber optic,1,1,0,1,0,0,Month-to-month,0,Mailed check,84.4,1936.85,2.774490467
7301-ABVAD,0,Female,0,0,0,72,1,1,DSL,0,1,1,1,1,1,Two year,0,Bank transfer (automatic),86.6,6350.5,2.846811308
7302-ZHMHP,0,Female,0,0,0,1,1,0,No,0,0,0,0,0,0,Month-to-month,0,Mailed check,19.15,19.15,0.629520053
7305-ZWMAJ,0,Male,0,1,0,30,1,0,No,0,0,0,0,0,0,One year,0,Credit card (automatic),20.7,587.1,0.680473373
7306-YDSOI,0,Male,0,1,1,69,1,0,DSL,1,1,1,0,0,0,Two year,1,Bank transfer (automatic),59.75,4069.9,1.96416831
7310-EGVHZ,0,Male,0,0,0,1,1,0,No,0,0,0,0,0,0,Month-to-month,0,Bank transfer (automatic),20.2,20.2,0.664036818
7311-MQJCH,0,Female,0,0,0,5,1,0,No,0,0,0,0,0,0,One year,0,Electronic check,19.55,99.6,0.642669297
7312-XSBAT,0,Male,0,0,0,1,1,0,DSL,1,0,0,0,0,0,Month-to-month,0,Electronic check,49.75,49.75,1.635437212
7314-OXENN,1,Male,0,0,0,2,1,1,Fiber optic,0,1,0,0,0,0,Month-to-month,1,Electronic check,82,184.65,2.695595003
7315-WYOAW,0,Male,0,0,0,13,1,1,Fiber optic,0,0,0,1,1,1,Month-to-month,0,Electronic check,100.75,1313.25,3.311965812
7317-GGVPB,1,Male,0,1,0,71,1,1,Fiber optic,0,1,1,1,1,1,Two year,1,Credit card (automatic),108.6,7690.9,3.570019724
7318-EIVKO,0,Male,0,0,0,8,1,1,DSL,0,0,0,0,1,0,Month-to-month,1,Electronic check,59.25,436.6,1.947731755
7319-VENRZ,0,Male,0,0,0,7,1,0,DSL,0,0,1,1,1,0,Month-to-month,0,Bank transfer (automatic),64.3,445.95,2.11374096
7319-ZNRTR,0,Male,0,1,1,25,1,0,No,0,0,0,0,0,0,One year,0,Electronic check,19.6,411.15,0.644312952
7321-KKSDU,0,Male,0,0,1,32,1,0,No,0,0,0,0,0,0,Two year,0,Mailed check,20.5,696.8,0.673898751
7321-PKUYW,1,Female,0,0,0,11,1,1,Fiber optic,0,0,0,1,1,0,Month-to-month,0,Electronic check,90.15,987.95,2.963510848
7321-VGNKU,0,Female,0,1,0,2,1,0,Fiber optic,0,0,0,0,0,0,Month-to-month,1,Electronic check,70.35,120.25,2.312623274
7321-ZNSLA,0,Male,0,1,1,13,0,0,DSL,1,1,0,1,0,0,Two year,0,Mailed check,40.55,590.35,1.333004602
7322-OCWHC,0,Male,1,1,0,72,1,1,Fiber optic,1,1,1,1,0,0,Two year,1,Bank transfer (automatic),93.05,6735.05,3.058842867
7325-ENZFI,0,Female,0,0,0,39,0,0,DSL,1,1,0,1,0,0,One year,1,Bank transfer (automatic),40.3,1630.4,1.324786325
7326-RIGQZ,0,Male,0,1,1,6,1,0,Fiber optic,0,0,0,0,0,0,Month-to-month,1,Electronic check,69.8,377.85,2.294543064
7328-OWMOM,0,Female,0,0,1,31,1,0,No,0,0,0,0,0,0,One year,0,Credit card (automatic),20.1,589.25,0.660749507
7328-ZJAJO,0,Female,0,1,1,59,1,0,No,0,0,0,0,0,0,Two year,0,Credit card (automatic),19.5,1222.65,0.641025641
7330-WZLNC,1,Female,0,0,0,5,1,1,Fiber optic,0,1,0,0,1,0,Month-to-month,1,Electronic check,90.8,455.5,2.984878369
7336-RLLRH,0,Male,0,1,0,27,1,1,DSL,1,0,0,1,1,1,One year,0,Mailed check,80.85,2204.35,2.657790927
7337-CINUD,0,Female,0,1,1,8,1,0,No,0,0,0,0,0,0,Two year,0,Bank transfer (automatic),19.5,159.35,0.641025641
7338-ERIVA,0,Male,0,0,1,39,0,0,DSL,1,0,0,1,1,0,One year,0,Bank transfer (automatic),45.05,1790.6,1.480933596
7339-POGZN,0,Female,0,0,0,4,1,1,DSL,0,0,0,0,0,0,Month-to-month,0,Electronic check,50.7,214.55,1.666666667
7340-KEFQE,0,Female,0,1,1,51,0,0,DSL,1,0,0,1,0,0,Two year,0,Bank transfer (automatic),34.2,1782,1.124260355
7341-LXCAF,1,Male,0,1,0,4,1,1,Fiber optic,0,0,0,0,0,0,Month-to-month,1,Electronic check,74.65,301.4,2.453977646
7343-EOBEU,0,Male,0,1,0,3,1,1,No,0,0,0,0,0,0,Month-to-month,1,Mailed check,23.6,89.05,0.775805391
7346-MEDWM,0,Female,0,0,0,59,1,1,Fiber optic,0,1,1,0,0,0,Month-to-month,1,Electronic check,83.25,4949.1,2.736686391
7349-ALMUX,0,Male,0,0,0,37,1,0,DSL,1,1,1,1,0,0,Two year,0,Bank transfer (automatic),65.6,2313.8,2.156476003
7351-KYHQH,0,Female,1,0,0,7,1,0,DSL,0,1,1,0,1,0,Month-to-month,1,Electronic check,64.95,493.65,2.135108481
7351-MHQVU,0,Female,0,0,0,6,0,0,DSL,1,1,0,1,0,1,Month-to-month,0,Credit card (automatic),50.95,307.6,1.674884944
7353-YOWFP,0,Female,0,0,0,7,1,0,No,0,0,0,0,0,0,One year,0,Mailed check,20.25,129.15,0.665680473
7354-OIJLX,0,Male,0,0,0,9,1,1,Fiber optic,0,0,0,0,0,0,Month-to-month,1,Electronic check,75.85,724.65,2.493425378
7356-AYNJP,0,Female,0,0,0,4,1,1,No,0,0,0,0,0,0,One year,0,Electronic check,23.9,97.5,0.785667324
7356-IWLFW,0,Male,0,1,1,46,1,1,Fiber optic,0,1,0,0,0,0,Month-to-month,1,Bank transfer (automatic),80,3769.7,2.629848784
7359-PTSXY,1,Male,0,0,0,1,1,0,DSL,0,0,0,0,0,0,Month-to-month,0,Electronic check,45.75,45.75,1.503944773
7359-SSBJK,1,Female,1,0,0,64,1,0,DSL,1,1,0,1,1,0,Two year,1,Credit card (automatic),70.2,4481,2.307692308
7359-WWYJV,0,Male,0,1,0,72,1,1,Fiber optic,1,1,1,1,1,1,Two year,0,Credit card (automatic),114.45,8375.05,3.762327416
7361-YPXFS,0,Female,1,0,0,28,1,1,DSL,0,1,1,1,0,0,Month-to-month,0,Bank transfer (automatic),64.45,1867.6,2.118671926
7363-QTBIW,0,Female,0,1,0,9,1,0,Fiber optic,0,0,0,0,0,1,Month-to-month,1,Electronic check,79.75,769.1,2.621630506
7365-BVCJH,0,Male,0,0,0,1,0,0,DSL,0,0,0,0,0,0,Month-to-month,1,Electronic check,24.4,24.4,0.802103879
7369-TRPFD,0,Male,0,0,0,19,1,0,No,0,0,0,0,0,0,One year,0,Mailed check,18.8,279.2,0.618014464
7375-WMVMT,0,Male,1,1,0,71,1,0,Fiber optic,0,1,1,1,0,1,Two year,1,Credit card (automatic),95.5,6707.15,3.139381986
7377-DMMRI,1,Male,0,0,0,2,1,0,DSL,1,0,0,0,0,0,Month-to-month,1,Electronic check,47.8,92.45,1.571334648
7379-FNIUJ,0,Male,0,0,0,2,1,0,Fiber optic,1,1,0,0,1,1,Month-to-month,0,Electronic check,100.2,198.5,3.293885602
7379-POKDZ,1,Male,0,1,0,3,1,0,Fiber optic,0,0,0,0,0,0,Month-to-month,1,Electronic check,70.3,208.85,2.310979619
7382-DFJTU,0,Male,0,0,0,18,1,0,DSL,0,0,1,1,0,0,Month-to-month,0,Credit card (automatic),55.2,1058.1,1.814595661
7384-GHBPI,1,Male,0,1,0,3,0,0,DSL,0,0,0,0,0,1,Month-to-month,1,Electronic check,35.15,99.75,1.155489809
7389-KBFIT,0,Female,0,1,1,2,0,0,DSL,0,1,0,0,0,0,Month-to-month,1,Mailed check,30.25,63.75,0.994411571
7392-YYPYJ,0,Male,0,0,0,22,1,1,Fiber optic,0,1,0,0,1,1,Month-to-month,1,Electronic check,100.65,2415.95,3.308678501
7394-FKDNK,1,Female,0,1,0,9,1,0,Fiber optic,0,0,0,0,1,1,Month-to-month,0,Electronic check,89.45,853.1,2.940499671
7394-LWLYN,0,Female,0,0,0,2,1,0,Fiber optic,0,0,0,0,0,0,Month-to-month,1,Electronic check,70.15,123.8,2.306048652
7395-IGJOS,1,Male,1,1,0,17,1,0,Fiber optic,0,0,0,0,0,1,Month-to-month,0,Bank transfer (automatic),81.5,1329.2,2.679158448
7395-XWZOY,0,Male,0,0,0,20,0,0,DSL,1,1,1,1,1,0,Month-to-month,1,Credit card (automatic),55,1165.55,1.808021039
7396-VJUZB,0,Male,0,1,1,4,1,0,DSL,0,0,0,0,0,0,Month-to-month,0,Mailed check,45.25,155.35,1.487508218
7398-HPYZQ,0,Male,0,1,0,71,1,1,DSL,1,1,1,1,1,1,Two year,0,Bank transfer (automatic),90.55,6404,2.976660092
7398-LXGYX,0,Male,0,1,0,44,1,1,Fiber optic,1,0,1,0,0,0,Month-to-month,1,Credit card (automatic),84.8,3626.35,2.787639711
7398-SKNQZ,0,Female,0,1,0,3,1,1,Fiber optic,0,0,0,0,1,1,Month-to-month,0,Electronic check,94.9,273.2,3.11965812
7399-QHBJS,0,Female,0,1,1,72,1,1,DSL,1,1,0,1,0,0,Two year,0,Credit card (automatic),66.75,4760.3,2.194280079
7401-JIXNM,0,Female,0,1,1,54,1,1,DSL,1,1,1,1,1,1,Two year,0,Credit card (automatic),91.3,4965,3.001314924
7401-RUBNK,0,Female,0,1,0,18,1,0,Fiber optic,1,0,0,0,0,0,Month-to-month,0,Electronic check,74.8,1438.05,2.458908613
7402-EYFXX,0,Male,1,0,0,26,1,1,Fiber optic,0,0,0,0,1,1,Month-to-month,1,Electronic check,93.6,2404.1,3.076923077
7402-PWYJJ,0,Female,0,1,0,53,1,1,Fiber optic,0,0,0,1,0,1,One year,1,Electronic check,91.15,4862.5,2.996383958
7404-JLKQG,0,Female,0,0,0,3,1,0,DSL,0,0,1,0,1,0,Month-to-month,0,Electronic check,57.55,161.45,1.891847469
7407-SUJIZ,0,Male,0,0,0,25,1,0,No,0,0,0,0,0,0,Month-to-month,0,Mailed check,20.6,541.5,0.677186062
7408-OFWXJ,0,Female,0,1,1,72,1,1,DSL,1,1,1,1,1,1,Two year,0,Credit card (automatic),89.8,6510.45,2.95200526
7409-JURKQ,0,Female,0,1,0,53,1,1,Fiber optic,0,1,1,1,1,1,One year,1,Bank transfer (automatic),111.8,5809.75,3.675213675
7409-KIUTL,1,Female,1,0,1,1,1,0,Fiber optic,0,0,0,0,0,0,Month-to-month,1,Electronic check,71,71,2.333990796
7410-KTVFV,1,Male,0,1,0,18,1,0,DSL,0,0,1,0,0,0,Month-to-month,1,Mailed check,49.55,878.35,1.62886259
7410-OIEDU,0,Male,0,0,0,10,1,0,Fiber optic,1,0,1,0,0,0,Month-to-month,1,Mailed check,79.85,887.35,2.624917817
7410-YTJIK,1,Female,0,0,0,7,1,1,Fiber optic,0,0,0,0,0,0,Month-to-month,0,Mailed check,75.45,480.75,2.480276134
7416-CKTEP,0,Female,0,1,0,57,1,0,No,0,0,0,0,0,0,Two year,1,Bank transfer (automatic),19.6,1134.25,0.644312952
7421-ZLUPA,0,Female,0,0,0,8,0,0,DSL,0,1,0,0,0,0,Month-to-month,1,Mailed check,29.25,226.95,0.961538462
7422-WNBTY,0,Male,0,1,0,33,1,1,Fiber optic,0,1,1,0,0,1,Month-to-month,1,Electronic check,93.35,3092,3.068704799
7426-GSWPO,0,Male,1,0,0,64,1,1,Fiber optic,1,1,0,0,1,1,Month-to-month,1,Bank transfer (automatic),103.5,6548.65,3.402366864
7426-RHZGU,0,Male,0,0,0,9,1,0,Fiber optic,0,0,0,1,1,1,Month-to-month,1,Bank transfer (automatic),95.9,827.45,3.152531229
7426-WEIJX,0,Male,1,1,1,60,1,1,Fiber optic,1,0,0,0,0,0,Month-to-month,1,Electronic check,80.95,4859.1,2.661078238
7427-AUFPY,0,Male,0,0,0,54,1,0,No,0,0,0,0,0,0,Two year,0,Credit card (automatic),19.65,1008.7,0.645956607
7432-FFVAR,0,Female,0,1,1,46,1,0,Fiber optic,0,0,1,1,0,1,One year,0,Bank transfer (automatic),90.95,4236.6,2.989809336
7434-SHXLS,1,Female,0,0,0,1,1,0,No,0,0,0,0,0,0,Month-to-month,0,Mailed check,20.9,20.9,0.687047995
7435-ZNUYY,0,Male,0,0,0,6,1,0,No,0,0,0,0,0,0,One year,0,Mailed check,20.6,116.6,0.677186062
7439-DKZTW,0,Male,0,0,0,1,1,0,Fiber optic,0,0,0,0,1,0,Month-to-month,1,Electronic check,80.55,80.55,2.647928994
7442-YGZFK,0,Male,0,0,0,1,1,1,DSL,0,0,0,0,0,0,Month-to-month,1,Credit card (automatic),49.8,49.8,1.637080868
7445-WMRBW,0,Female,0,0,0,48,1,1,DSL,0,1,1,1,1,0,One year,1,Bank transfer (automatic),73.85,3581.4,2.427679158
7446-KQISO,0,Male,0,1,1,45,1,1,Fiber optic,0,1,1,1,1,1,Two year,1,Bank transfer (automatic),109.75,4900.65,3.6078238
7446-SFAOA,0,Female,0,1,0,37,1,0,No,0,0,0,0,0,0,One year,1,Bank transfer (automatic),19.85,717.5,0.652531229
7446-YPODE,0,Male,1,0,0,11,1,1,DSL,1,1,0,0,0,0,Month-to-month,0,Bank transfer (automatic),60.25,662.95,1.980604865
7449-HVPIV,0,Male,0,1,1,55,1,1,Fiber optic,0,0,1,0,1,0,Month-to-month,1,Credit card (automatic),90.4,5099.15,2.971729126
7450-NWRTR,1,Male,1,0,0,12,1,1,Fiber optic,0,0,1,0,1,1,Month-to-month,1,Electronic check,99.45,1200.15,3.269230769
7452-FOLON,0,Male,0,0,1,39,1,1,No,0,0,0,0,0,0,One year,0,Bank transfer (automatic),25.45,958.45,0.836620644
7459-IMVYU,0,Male,0,0,0,38,1,1,DSL,1,1,1,1,0,0,Month-to-month,0,Electronic check,69.95,2657.55,2.29947403
7459-RRWQZ,1,Female,0,0,0,15,1,1,DSL,1,0,0,0,0,1,Month-to-month,1,Bank transfer (automatic),64.65,994.55,2.125246548
7460-ITWWP,0,Female,1,1,0,45,1,0,Fiber optic,0,0,1,0,0,1,Month-to-month,1,Electronic check,86.1,3861.45,2.830374753
7463-IFMQU,0,Female,0,1,0,72,1,0,No,0,0,0,0,0,0,Two year,0,Bank transfer (automatic),20.05,1423.65,0.659105851
7465-ZZRVX,0,Male,0,0,0,1,1,0,Fiber optic,0,0,0,0,0,0,Month-to-month,1,Electronic check,70.35,70.35,2.312623274
7469-LKBCI,0,Male,0,0,0,16,1,0,No,0,0,0,0,0,0,Two year,0,Credit card (automatic),18.95,326.8,0.622945431
7470-DYNOE,0,Male,0,0,0,53,1,0,DSL,0,0,1,0,0,1,One year,1,Electronic check,61.1,3357.9,2.008547009
7470-MCQTK,1,Female,0,1,0,13,0,0,DSL,0,0,1,0,1,1,Month-to-month,1,Bank transfer (automatic),48.75,633.4,1.602564103
7471-MQPOS,0,Male,1,1,1,71,1,1,DSL,0,1,1,1,0,1,One year,1,Bank transfer (automatic),72.9,5139.65,2.396449704
7471-WNSUF,0,Male,0,1,0,60,1,1,No,0,0,0,0,0,0,One year,0,Bank transfer (automatic),24.15,1505.9,0.793885602
7472-EQOAV,0,Male,1,1,1,71,1,0,Fiber optic,1,1,1,0,0,0,One year,1,Bank transfer (automatic),86.7,6179.35,2.850098619
7473-ZBDSN,0,Female,0,1,1,14,1,0,No,0,0,0,0,0,0,Two year,0,Mailed check,18.8,255.55,0.618014464
7479-NITWS,1,Male,0,0,0,7,1,1,Fiber optic,0,0,1,0,1,0,Month-to-month,1,Credit card (automatic),89.35,631.85,2.93721236
7480-QNVZJ,1,Male,1,0,0,50,1,1,Fiber optic,0,0,0,0,1,1,Month-to-month,1,Electronic check,95.7,4816.7,3.145956607
7480-SPLEF,0,Male,0,1,1,69,1,1,No,0,0,0,0,0,0,Two year,1,Bank transfer (automatic),26,1796.55,0.854700855
7481-ATQQS,1,Female,1,0,0,49,1,1,Fiber optic,0,0,1,0,0,1,Month-to-month,1,Credit card (automatic),90.85,4515.85,2.986522025
7483-IQWIB,0,Male,0,1,1,37,1,1,Fiber optic,0,1,1,0,1,0,Month-to-month,1,Electronic check,92.95,3415.25,3.055555556
7486-KSRVI,1,Male,0,0,0,43,1,1,Fiber optic,0,0,0,1,1,1,One year,1,Electronic check,100,4211.55,3.28731098
7488-MXJIV,1,Female,0,0,0,4,1,1,Fiber optic,0,0,0,0,1,0,Month-to-month,1,Electronic check,85.65,321.65,2.815581854
7492-TAFJD,0,Male,0,1,1,7,0,0,DSL,1,1,1,0,0,0,Two year,0,Mailed check,38.55,280,1.267258383
7493-GVFIO,0,Male,0,0,0,57,1,0,No,0,0,0,0,0,0,Two year,0,Credit card (automatic),20.55,1252.85,0.675542406
7493-TPUWZ,1,Male,0,0,0,1,1,1,Fiber optic,0,1,0,0,0,0,Month-to-month,1,Electronic check,79.15,79.15,2.60190664
7495-OOKFY,1,Female,1,1,0,8,1,1,Fiber optic,0,1,0,0,0,0,Month-to-month,1,Credit card (automatic),80.65,633.3,2.651216305
7501-IWUNG,0,Female,0,1,1,61,1,0,DSL,0,0,1,1,1,1,Two year,1,Bank transfer (automatic),73.8,4616.05,2.426035503
7501-VTYLJ,0,Female,0,0,1,2,1,0,DSL,0,1,0,0,0,0,Month-to-month,0,Mailed check,51.55,106.2,1.69460881
7502-BNYGS,0,Female,0,1,0,46,1,0,DSL,0,1,0,0,1,1,Month-to-month,1,Credit card (automatic),69.1,3168,2.271531887
7503-EPSZW,0,Female,0,1,1,64,1,1,No,0,0,0,0,0,0,Two year,1,Mailed check,24.05,1559.15,0.790598291
7503-MIOGA,0,Female,1,1,0,72,1,1,DSL,1,1,1,1,1,1,Two year,1,Bank transfer (automatic),89.85,6697.35,2.953648915
7503-QQRVF,1,Male,1,1,0,16,1,0,Fiber optic,0,1,0,0,0,0,Month-to-month,1,Credit card (automatic),74.3,1178.25,2.442472058
7503-ZGUZJ,1,Male,0,0,0,1,1,1,Fiber optic,0,0,0,0,1,0,Month-to-month,1,Mailed check,84.65,84.65,2.782708744
7504-UWHNB,0,Male,0,0,0,25,1,0,Fiber optic,0,0,0,0,0,0,Month-to-month,0,Electronic check,69.75,1729.35,2.292899408
7508-DQAKK,0,Female,0,0,0,64,1,1,DSL,1,1,1,1,1,1,Two year,1,Credit card (automatic),86.4,5442.05,2.840236686
7508-KBIMB,0,Male,0,1,1,24,1,0,DSL,1,0,1,0,0,0,One year,1,Credit card (automatic),56.25,1454.25,1.849112426
7508-MYBOG,1,Male,0,1,0,14,1,1,Fiber optic,0,0,0,0,1,0,Month-to-month,1,Electronic check,86.1,1235.55,2.830374753
7508-SMHXL,0,Female,1,0,0,15,1,1,Fiber optic,0,1,0,0,1,0,Month-to-month,0,Credit card (automatic),89,1288.3,2.925706772
7511-YMXVQ,1,Male,0,0,0,9,0,0,DSL,0,0,0,0,1,1,Month-to-month,1,Electronic check,45.4,418.8,1.492439185
7515-LODFU,0,Male,1,0,0,69,1,0,No,0,0,0,0,0,0,Two year,0,Credit card (automatic),20.3,1356.3,0.667324129
7516-GMHUV,0,Male,1,1,0,50,1,1,Fiber optic,1,0,1,0,1,1,Two year,1,Credit card (automatic),105.05,5163.3,3.453320184
7517-LDMPS,0,Female,0,0,0,12,1,0,Fiber optic,0,1,0,0,0,1,Month-to-month,1,Electronic check,84.6,1017.35,2.781065089
7517-SAWMO,1,Female,0,1,0,19,1,0,Fiber optic,1,0,0,0,0,0,Month-to-month,1,Electronic check,73.2,1441.1,2.406311637
7519-JTWQH,0,Female,0,0,0,69,1,1,Fiber optic,0,1,1,1,1,1,Two year,1,Bank transfer (automatic),110.5,7455.45,3.632478632
7520-HQWJU,0,Female,0,1,1,66,1,1,DSL,1,1,1,0,0,0,Month-to-month,1,Bank transfer (automatic),67.45,4508.65,2.217291256
7521-AFHAB,0,Female,0,1,1,5,1,0,DSL,0,0,0,0,0,0,Month-to-month,0,Mailed check,44.8,220.45,1.472715319
7521-YXVZY,0,Male,0,0,1,3,1,0,No,0,0,0,0,0,0,Month-to-month,0,Mailed check,19.95,58.3,0.65581854
7524-VRLPL,0,Male,1,0,0,69,1,1,DSL,1,0,1,1,0,1,Two year,0,Credit card (automatic),74.1,5031,2.435897436
7526-BEZQB,1,Male,0,0,0,12,1,1,Fiber optic,0,0,0,0,1,1,Month-to-month,1,Electronic check,96.05,1148.1,3.157462196
7526-IVLYU,0,Male,0,0,0,3,1,0,No,0,0,0,0,0,0,Month-to-month,1,Mailed check,19.65,68.35,0.645956607
7527-QNRUS,0,Male,0,1,1,17,1,1,No,0,0,0,0,0,0,Two year,1,Mailed check,25.15,412.6,0.826758711
7529-ZDFXI,0,Male,1,1,0,57,1,1,Fiber optic,0,1,0,0,0,1,Month-to-month,1,Electronic check,89.85,4925.35,2.953648915
7530-HDYDS,1,Female,0,0,0,38,1,0,Fiber optic,0,1,1,1,0,0,Month-to-month,1,Credit card (automatic),84.25,3264.5,2.7695595
7531-GQHME,0,Male,0,0,0,12,1,0,No,0,0,0,0,0,0,Month-to-month,0,Credit card (automatic),20.05,265.45,0.659105851
7534-BFESC,1,Male,1,0,0,24,1,1,Fiber optic,0,0,0,0,0,0,Month-to-month,1,Electronic check,76.1,1712.7,2.501643655
7537-CBQUZ,0,Male,1,0,0,63,1,1,Fiber optic,1,1,1,0,1,1,Month-to-month,1,Bank transfer (automatic),109.4,7031.45,3.596318212
7537-RBWEA,0,Female,0,0,0,1,0,0,DSL,0,0,0,0,0,0,Month-to-month,1,Mailed check,25.15,25.15,0.826758711
7538-GWHML,1,Female,0,0,0,2,1,0,Fiber optic,0,0,0,0,0,0,Month-to-month,0,Electronic check,69.65,145.15,2.289612097
7541-YLXCL,1,Male,0,0,0,36,1,0,DSL,0,1,0,1,0,1,One year,1,Mailed check,65.4,2498.4,2.149901381
7542-CYDDM,0,Male,0,0,0,18,1,0,No,0,0,0,0,0,0,Month-to-month,0,Mailed check,20.05,358.5,0.659105851
7544-ZVIKX,0,Male,0,1,1,58,1,1,Fiber optic,0,0,1,1,1,1,One year,1,Bank transfer (automatic),105.05,6004.85,3.453320184
7547-EKNFS,1,Male,0,1,0,42,1,1,Fiber optic,0,1,1,0,1,0,Month-to-month,1,Bank transfer (automatic),95.25,3959.35,3.131163708
7548-SEPYI,1,Female,0,0,0,5,1,0,Fiber optic,0,1,0,0,1,1,Month-to-month,1,Electronic check,96.25,512.45,3.164036818
7549-MYGPK,1,Female,0,1,1,63,1,1,Fiber optic,1,1,1,0,1,0,Month-to-month,1,Electronic check,100.55,6215.35,3.30539119
7550-WIQVA,0,Male,0,1,1,50,1,1,Fiber optic,1,1,1,0,1,1,One year,1,Electronic check,108.25,5431.4,3.558514135
7551-DACSP,1,Male,0,1,1,6,1,0,DSL,0,1,1,0,0,0,Month-to-month,1,Mailed check,55.3,324.25,1.817882972
7551-JOHTI,1,Female,0,0,0,1,1,0,No,0,0,0,0,0,0,Month-to-month,0,Mailed check,19.5,19.5,0.641025641
7552-KEYGT,0,Male,0,1,0,27,1,0,No,0,0,0,0,0,0,Two year,0,Bank transfer (automatic),19.55,520.55,0.642669297
7554-AKDQF,0,Female,0,1,0,6,1,0,DSL,0,0,0,0,0,0,Month-to-month,0,Mailed check,45.65,323.45,1.500657462
7554-NEWDD,0,Male,0,0,0,10,1,1,No,0,0,0,0,0,0,Two year,0,Bank transfer (automatic),25.7,251.6,0.844838922
7558-IMLMT,0,Male,0,1,1,67,1,0,No,0,0,0,0,0,0,Two year,1,Mailed check,20.8,1411.9,0.683760684
7560-QJAVJ,0,Female,0,0,0,70,1,0,DSL,1,0,1,1,1,1,Two year,0,Bank transfer (automatic),79.6,5589.45,2.61669954
7560-QRBXH,0,Female,0,0,1,48,1,0,No,0,0,0,0,0,0,One year,0,Mailed check,19.95,936.7,0.65581854
7562-GSUHK,1,Female,0,0,0,16,1,0,Fiber optic,0,1,1,0,0,1,Month-to-month,1,Credit card (automatic),93.2,1573.7,3.063773833
7562-UXTPG,0,Female,0,0,0,13,1,0,Fiber optic,0,0,0,0,0,0,Month-to-month,1,Mailed check,70.15,886.7,2.306048652
7563-BIUPC,1,Male,0,0,0,5,1,0,Fiber optic,0,0,0,0,1,0,Month-to-month,1,Electronic check,80.6,415.55,2.64957265
7564-GHCVB,0,Female,0,1,1,72,1,1,Fiber optic,1,0,0,0,0,0,Two year,0,Bank transfer (automatic),79.05,5730.7,2.598619329
7566-DSRLQ,0,Female,0,1,0,72,1,1,Fiber optic,0,1,1,1,1,1,Two year,1,Electronic check,110.15,7998.8,3.620973044
7567-ECMCM,0,Male,0,0,0,24,1,0,Fiber optic,0,0,0,0,0,1,Month-to-month,1,Credit card (automatic),79.85,2001,2.624917817
7568-PODML,1,Male,0,0,0,1,0,0,DSL,0,0,0,0,1,1,Month-to-month,1,Mailed check,45.3,45.3,1.489151874
7569-NMZYQ,0,Female,0,1,1,72,1,1,Fiber optic,1,1,1,1,1,1,Two year,1,Bank transfer (automatic),118.75,8672.45,3.903681788
7570-WELNY,0,Female,0,1,0,68,1,1,Fiber optic,1,1,0,0,0,0,Two year,1,Bank transfer (automatic),84.7,5711.05,2.7843524
7571-YXDAD,1,Female,0,0,0,2,1,1,Fiber optic,0,0,0,0,0,0,Month-to-month,0,Credit card (automatic),74.9,147.15,2.462195924
7572-KPVKK,0,Male,0,0,1,62,1,1,Fiber optic,0,0,1,1,1,1,Two year,1,Electronic check,104.05,6590.5,3.420447074
7576-ASEJU,0,Female,0,1,1,41,1,0,DSL,1,0,0,1,1,1,One year,1,Credit card (automatic),74.7,3187.65,2.455621302
7576-JMYWV,0,Female,1,1,1,46,1,1,Fiber optic,1,1,0,1,1,1,Month-to-month,1,Electronic check,110.2,4972.1,3.6226167
7576-OYWBN,1,Male,1,0,0,3,1,1,Fiber optic,0,0,0,0,0,0,Month-to-month,1,Electronic check,76.05,231.8,2.5
7577-SWIFR,0,Male,0,0,0,1,1,0,Fiber optic,0,0,0,0,1,1,Month-to-month,1,Electronic check,89.25,89.25,2.933925049
7579-KKLOE,0,Male,0,1,1,71,1,1,DSL,1,1,1,1,1,1,Two year,1,Mailed check,91.25,6589.6,2.999671269
7579-OOPEC,1,Female,1,1,0,2,1,0,DSL,0,1,0,0,0,0,Month-to-month,0,Credit card (automatic),50.15,115.1,1.648586456
7580-UGXNC,1,Female,1,0,0,2,1,0,DSL,1,1,0,0,0,0,Month-to-month,0,Mailed check,54.85,104.2,1.803090072
7581-EBBOU,0,Female,0,0,0,60,1,0,DSL,0,1,1,1,1,0,One year,1,Credit card (automatic),70.15,4224.7,2.306048652
7586-ZATGZ,0,Male,0,0,0,40,1,1,Fiber optic,0,0,0,0,1,0,Month-to-month,1,Electronic check,84.9,3369.05,2.790927022
7587-AOVVU,0,Male,0,1,1,27,1,1,Fiber optic,1,1,0,1,1,0,Month-to-month,0,Electronic check,100.75,2793.55,3.311965812
7587-RZNME,1,Male,0,0,0,3,1,0,DSL,0,0,0,0,0,0,Month-to-month,1,Electronic check,43.3,123.65,1.423405654
7590-VHVEG,0,Female,0,1,0,1,0,0,DSL,0,1,0,0,0,0,Month-to-month,1,Electronic check,29.85,29.85,0.981262327
7593-JNWRU,1,Male,0,1,1,6,1,0,DSL,0,0,0,0,0,0,Month-to-month,1,Bank transfer (automatic),44.6,260.8,1.466140697
7593-XFKDI,1,Male,0,0,0,1,1,0,DSL,0,0,0,0,0,0,Month-to-month,0,Mailed check,46.3,46.3,1.522024984
7594-LZNWR,0,Male,1,0,0,34,1,0,Fiber optic,0,0,0,0,0,0,Month-to-month,0,Credit card (automatic),69.15,2275.1,2.273175542
7594-RQHXR,1,Female,0,0,1,1,1,0,Fiber optic,0,0,0,0,0,1,Month-to-month,1,Electronic check,79.6,79.6,2.61669954
7595-EHCDL,0,Male,0,1,1,32,0,0,DSL,0,0,1,0,1,1,Month-to-month,0,Credit card (automatic),50.6,1653.45,1.663379356
7595-EUIVN,1,Female,0,0,0,1,1,0,Fiber optic,0,1,0,0,0,0,Month-to-month,0,Electronic check,75.8,75.8,2.491781723
7596-IIWYC,0,Female,0,0,0,27,1,0,No,0,0,0,0,0,0,Two year,1,Bank transfer (automatic),20.25,538.2,0.665680473
7596-LDUXP,0,Female,0,0,0,12,1,0,Fiber optic,1,0,0,0,1,0,One year,1,Credit card (automatic),85.15,979.05,2.799145299
7596-ZYWBB,0,Female,0,0,0,65,1,0,DSL,1,1,0,1,0,0,Two year,1,Mailed check,59.6,3739.8,1.959237344
7598-UAASY,1,Male,0,1,0,2,1,0,Fiber optic,0,0,1,0,0,0,Month-to-month,0,Electronic check,76.4,151.8,2.511505588
7599-FKVXZ,1,Male,0,1,0,42,1,1,Fiber optic,0,0,1,1,1,1,Month-to-month,1,Bank transfer (automatic),106.15,4512.7,3.489480605
7599-NTMDP,0,Female,0,1,1,62,0,0,DSL,1,1,0,1,1,0,Two year,0,Bank transfer (automatic),48.7,3008.55,1.600920447
7601-DHFWZ,0,Female,0,0,0,48,1,1,No,0,0,0,0,0,0,Two year,0,Credit card (automatic),24,1183.05,0.788954635
7601-GNDYK,0,Male,0,1,1,35,1,0,No,0,0,0,0,0,0,Two year,0,Mailed check,19.6,686.95,0.644312952
7601-WFVZV,0,Male,0,0,0,1,1,0,No,0,0,0,0,0,0,Month-to-month,0,Mailed check,19.55,19.55,0.642669297
7602-DBTOU,0,Female,0,1,0,71,1,0,No,0,0,0,0,0,0,Two year,0,Mailed check,19.6,1416.5,0.644312952
7602-MVRMB,0,Female,0,1,1,72,1,1,Fiber optic,1,0,1,1,1,1,Two year,1,Bank transfer (automatic),110.45,8058.85,3.630834977
7603-USHJS,1,Male,0,0,1,12,1,1,Fiber optic,0,0,0,0,0,0,Month-to-month,1,Credit card (automatic),73.75,871.4,2.424391847
7605-BDWDC,0,Female,0,0,0,31,0,0,DSL,1,1,0,1,0,1,Two year,1,Bank transfer (automatic),49.85,1520.1,1.638724523
7605-SNLQG,0,Female,0,1,0,45,1,0,DSL,0,0,1,0,0,0,Month-to-month,1,Credit card (automatic),50.25,2221.55,1.651873767
7606-BPHHN,0,Male,0,0,0,72,1,0,No,0,0,0,0,0,0,Two year,1,Credit card (automatic),19.8,1468.75,0.650887574
7607-QKKTJ,0,Male,0,1,1,45,1,1,Fiber optic,0,1,1,0,0,1,One year,1,Credit card (automatic),95,4368.85,3.122945431
7608-RGIRO,0,Male,0,0,1,62,1,1,No,0,0,0,0,0,0,Two year,1,Mailed check,24.4,1413,0.802103879
7609-NRNCA,0,Female,0,0,0,17,1,0,No,0,0,0,0,0,0,One year,0,Mailed check,19.55,280.85,0.642669297
7609-YBPXG,0,Male,0,0,0,54,1,1,DSL,1,0,1,1,1,1,Two year,0,Bank transfer (automatic),87.1,4735.2,2.863247863
7610-TVOPG,0,Male,0,0,0,15,1,1,No,0,0,0,0,0,0,Month-to-month,1,Electronic check,26.35,378.6,0.866206443
7611-YKYTC,0,Male,0,1,1,22,1,0,Fiber optic,1,0,0,0,0,0,Month-to-month,0,Bank transfer (automatic),75,1573.95,2.465483235
7613-LLQFO,1,Male,0,0,0,12,1,1,Fiber optic,0,0,0,0,1,0,Month-to-month,1,Electronic check,84.45,1059.55,2.776134122
7614-QVWQL,1,Male,0,1,1,49,0,0,DSL,0,1,0,0,1,1,One year,1,Bank transfer (automatic),51.8,2541.25,1.702827087
7615-ESMYF,1,Female,0,1,0,2,0,0,DSL,0,0,0,0,1,1,Month-to-month,0,Electronic check,44.6,97.1,1.466140697
7617-EYGLW,0,Male,0,0,0,1,1,0,No,0,0,0,0,0,0,Month-to-month,0,Electronic check,19.45,19.45,0.639381986
7619-ODSGN,1,Male,0,1,1,24,1,1,DSL,1,0,0,0,0,0,Month-to-month,0,Electronic check,54.75,1338.15,1.799802761
7619-PLRLP,0,Female,0,1,0,53,1,1,DSL,1,1,1,0,0,1,One year,0,Bank transfer (automatic),74.1,3833.95,2.435897436
7621-VPNET,0,Female,0,1,0,42,1,1,Fiber optic,0,0,1,1,0,0,Month-to-month,1,Credit card (automatic),85.9,3729.75,2.823800131
7622-FWGEW,0,Male,1,1,0,56,1,0,DSL,1,1,1,1,1,1,Two year,1,Bank transfer (automatic),85.65,4824.45,2.815581854
7622-NXQZR,0,Male,0,0,0,28,0,0,DSL,0,0,0,1,0,0,Month-to-month,1,Credit card (automatic),30.1,810.85,0.989480605
7623-HKYRK,0,Male,0,0,1,6,1,0,No,0,0,0,0,0,0,Month-to-month,0,Mailed check,19.7,111.65,0.647600263
7623-TRNQN,1,Male,0,0,1,1,1,0,DSL,0,0,0,1,0,0,Month-to-month,1,Mailed check,49.9,49.9,1.640368179
7625-XCQRH,1,Female,0,0,0,11,1,1,Fiber optic,0,0,0,0,0,0,Month-to-month,1,Electronic check,76.5,837.95,2.514792899
7627-JKIAZ,1,Female,0,1,0,37,1,1,Fiber optic,0,0,1,0,0,0,Month-to-month,1,Credit card (automatic),78.95,2839.65,2.595332018
7629-WFGLW,0,Female,1,1,0,56,1,1,Fiber optic,1,1,1,1,0,0,One year,0,Electronic check,95.65,5471.75,3.144312952
7629-WIXZF,0,Female,0,0,0,7,1,0,DSL,1,0,0,0,0,1,One year,1,Electronic check,59.1,369.25,1.942800789
7632-MNYOY,1,Male,1,0,0,66,1,1,Fiber optic,0,1,1,1,1,1,One year,0,Credit card (automatic),110.9,7432.05,3.645627876
7632-YUTXB,0,Female,0,1,1,25,1,0,No,0,0,0,0,0,0,One year,0,Mailed check,20.05,520.1,0.659105851
7633-MVPUY,0,Male,0,1,0,57,1,0,DSL,1,1,0,1,0,0,Two year,1,Electronic check,59.75,3450.15,1.96416831
7634-HLQJR,0,Female,0,1,1,47,1,0,No,0,0,0,0,0,0,Two year,0,Credit card (automatic),20.05,1016.7,0.659105851
7634-WSWDB,0,Female,0,0,1,8,0,0,DSL,1,0,0,0,0,1,Month-to-month,1,Electronic check,38.5,330.8,1.265614727
7636-OWBPG,0,Male,1,0,0,12,0,0,DSL,0,1,0,0,0,0,Month-to-month,1,Credit card (automatic),29.35,381.2,0.964825773
7636-PEPNS,0,Female,0,1,1,58,1,0,DSL,0,0,0,0,0,0,One year,1,Mailed check,44.1,2413.05,1.449704142
7636-XUHWW,0,Male,0,0,0,2,1,0,No,0,0,0,0,0,0,Month-to-month,1,Credit card (automatic),19.9,33.7,0.654174885
7638-QVMVY,1,Female,0,0,0,7,1,0,Fiber optic,0,0,0,0,1,0,Month-to-month,1,Electronic check,79,522.95,2.596975674
7639-LIAYI,0,Male,0,0,0,52,1,1,DSL,1,0,0,1,1,1,Two year,1,Credit card (automatic),79.75,4217.8,2.621630506
7639-OPLNG,0,Male,0,1,1,70,1,1,DSL,1,1,1,1,1,0,Two year,1,Bank transfer (automatic),79.25,5731.85,2.605193951
7639-SUPCW,1,Female,0,0,0,22,1,0,DSL,1,0,0,0,0,0,Month-to-month,1,Credit card (automatic),48.8,1054.6,1.604207758
7641-EUYET,1,Male,1,1,1,46,1,1,Fiber optic,1,1,1,0,1,0,Month-to-month,1,Electronic check,100.7,4541.2,3.310322156
7641-TQFHN,0,Male,0,0,1,39,1,1,Fiber optic,0,0,0,1,1,1,Two year,0,Mailed check,100.55,3895.35,3.30539119
7643-RCHXS,0,Female,0,1,1,63,1,0,No,0,0,0,0,0,0,Two year,0,Electronic check,19.35,1263.85,0.636094675
7644-OMVMY,0,Male,0,1,1,0,1,0,No,0,0,0,0,0,0,Two year,0,Mailed check,19.85,0,0.652531229
7647-GYYKX,0,Female,0,1,1,54,1,0,No,0,0,0,0,0,0,Two year,1,Bank transfer (automatic),20.35,1092.35,0.668967784
7649-PHJVR,0,Male,0,0,0,11,1,0,No,0,0,0,0,0,0,One year,0,Mailed check,19.5,226.8,0.641025641
7649-SIJJF,0,Male,0,1,0,71,1,1,DSL,1,1,1,1,0,1,Two year,1,Mailed check,80.1,5585.4,2.633136095
7654-YWJUF,0,Male,0,1,0,43,1,0,Fiber optic,1,0,1,1,0,0,One year,1,Bank transfer (automatic),84.25,3539.25,2.7695595
7657-DYEPJ,1,Male,1,0,0,38,1,0,DSL,0,1,1,1,1,0,One year,1,Credit card (automatic),70.15,2497.35,2.306048652
7658-UYUQS,0,Male,1,1,0,21,1,0,Fiber optic,0,0,1,0,1,0,Month-to-month,0,Bank transfer (automatic),86.55,1857.25,2.845167653
7660-HDPJV,1,Female,0,0,0,1,1,0,Fiber optic,0,0,0,0,0,0,Month-to-month,1,Electronic check,69.2,69.2,2.274819198
7661-CPURM,0,Male,0,0,0,19,1,0,Fiber optic,0,0,0,1,0,1,One year,1,Credit card (automatic),87.7,1725.95,2.882971729
7663-CUXZB,0,Male,0,1,0,59,1,1,Fiber optic,1,1,1,1,1,1,Two year,0,Electronic check,113.75,6561.25,3.739316239
7663-RGWBC,1,Male,0,0,0,1,1,0,DSL,0,0,0,0,0,0,Month-to-month,1,Mailed check,44.15,44.15,1.451347798
7663-YJHSN,0,Female,0,1,0,72,1,1,Fiber optic,1,1,1,1,1,0,Two year,1,Bank transfer (automatic),103.95,7556.9,3.417159763
7663-ZTEGJ,0,Male,0,0,1,29,1,1,Fiber optic,0,1,1,1,0,1,One year,0,Credit card (automatic),100.55,2830.45,3.30539119
7665-NKLAV,0,Female,0,1,1,36,0,0,DSL,1,0,1,1,0,0,Two year,0,Credit card (automatic),40.65,1547.35,1.336291913
7665-TOALD,1,Female,0,0,0,1,1,0,Fiber optic,0,0,0,0,0,0,Month-to-month,1,Electronic check,69.6,69.6,2.287968442
7665-VIGUD,0,Male,0,0,0,10,1,0,No,0,0,0,0,0,0,One year,0,Mailed check,20.35,176.3,0.668967784
7666-WKRON,1,Female,0,0,0,39,1,0,Fiber optic,0,0,1,1,0,0,Two year,1,Electronic check,80.45,3201.55,2.644641683
7668-XCFYV,0,Female,1,1,0,17,1,1,Fiber optic,0,0,0,0,1,1,Month-to-month,1,Electronic check,92.55,1614.7,3.042406312
7669-LCRSD,0,Male,0,1,1,12,1,0,DSL,0,0,0,0,1,0,Month-to-month,1,Mailed check,56.3,628.65,1.850756082
7670-ZBPOQ,0,Female,0,1,0,58,1,1,DSL,1,0,0,1,0,0,One year,1,Bank transfer (automatic),61.05,3478.75,2.006903353
7672-VFMXZ,0,Male,0,1,0,57,1,0,DSL,1,0,0,1,0,0,Month-to-month,0,Electronic check,55.7,3171.6,1.831032216
7673-BQGKU,0,Female,0,1,1,69,1,0,No,0,0,0,0,0,0,Two year,0,Bank transfer (automatic),20.15,1337.5,0.662393162
7673-LPRNY,0,Female,0,0,0,23,1,1,DSL,1,0,1,0,1,1,One year,1,Electronic check,78.55,1843.05,2.582182774
7674-YTAFD,0,Female,0,0,0,33,1,0,Fiber optic,0,1,0,1,0,0,One year,1,Bank transfer (automatic),79.95,2684.85,2.628205128
7675-OZCZG,1,Female,1,0,0,3,1,0,DSL,0,0,0,0,0,0,Month-to-month,0,Electronic check,45,127.1,1.479289941
7677-SJJJK,0,Male,0,1,1,8,1,0,No,0,0,0,0,0,0,One year,0,Credit card (automatic),19.9,153.95,0.654174885
7682-AZNDK,0,Male,0,1,1,34,1,0,Fiber optic,0,1,1,0,1,0,Month-to-month,1,Electronic check,89.85,3091.75,2.953648915
7683-CBDKJ,1,Male,0,1,1,14,1,0,DSL,1,1,0,0,1,0,Month-to-month,1,Electronic check,65.45,937.6,2.151545036
7684-XSZIY,0,Male,0,1,1,72,1,1,No,0,0,0,0,0,0,Two year,0,Bank transfer (automatic),24.3,1643.25,0.798816568
7688-AWMDX,0,Male,0,1,0,71,1,0,DSL,1,0,0,1,0,0,Two year,0,Bank transfer (automatic),54.5,3778.2,1.791584484
7690-KPNCU,0,Male,0,1,1,64,1,0,DSL,1,0,1,0,1,1,One year,1,Credit card (automatic),73.05,4688.65,2.401380671
7691-KGKGP,0,Male,0,1,1,53,1,0,DSL,0,1,0,1,1,0,Month-to-month,0,Credit card (automatic),65,3363.8,2.136752137
7691-XVTZH,0,Female,0,1,0,68,1,1,Fiber optic,0,0,1,0,1,0,Two year,1,Bank transfer (automatic),89.95,5974.3,2.956936226
7693-LCKZL,1,Male,0,1,1,5,1,1,Fiber optic,0,1,0,0,0,0,Month-to-month,1,Electronic check,80.15,385,2.63477975
7693-QPEFS,0,Male,1,0,0,52,1,1,Fiber optic,0,0,0,0,0,0,Month-to-month,1,Bank transfer (automatic),72.95,3829.75,2.39809336
7694-VLBWQ,1,Male,0,1,0,67,1,1,Fiber optic,0,1,1,0,1,1,One year,0,Electronic check,104.1,7040.85,3.42209073
7695-PKLCZ,0,Female,0,0,0,68,1,0,No,0,0,0,0,0,0,Two year,0,Credit card (automatic),20.5,1424.9,0.673898751
7696-AMHOD,0,Female,0,1,1,49,1,0,DSL,0,1,1,0,1,1,One year,0,Credit card (automatic),78,3824.2,2.564102564
7696-CFTAT,0,Male,0,1,1,37,1,0,No,0,0,0,0,0,0,Two year,0,Bank transfer (automatic),19.8,726.1,0.650887574
7698-YFGEZ,0,Male,0,0,0,1,1,0,No,0,0,0,0,0,0,Month-to-month,0,Mailed check,20,20,0.657462196
7703-ZEKEF,1,Male,0,0,0,23,1,1,Fiber optic,0,0,1,0,0,0,Month-to-month,1,Electronic check,81,1917.1,2.662721893
7706-DZNKK,0,Male,0,0,0,11,1,0,No,0,0,0,0,0,0,Month-to-month,1,Credit card (automatic),20.45,237.3,0.672255095
7706-YLMQA,0,Female,0,0,0,70,1,0,No,0,0,0,0,0,0,One year,0,Bank transfer (automatic),19.7,1341.5,0.647600263
7707-PYBBH,0,Male,0,0,0,40,1,0,DSL,1,1,0,1,0,0,Month-to-month,1,Mailed check,61.9,2647.1,2.034845496
7710-JSYOA,0,Female,0,1,1,69,1,1,Fiber optic,0,1,0,1,0,1,Two year,1,Bank transfer (automatic),93.3,6398.05,3.067061144
7711-GQBZC,0,Female,0,1,1,71,1,1,No,0,0,0,0,0,0,Two year,0,Bank transfer (automatic),24.7,1810.55,0.811965812
7711-YIJWC,0,Male,0,1,1,61,1,0,DSL,1,1,1,1,1,1,One year,0,Bank transfer (automatic),84.9,5264.5,2.790927022
7714-YXSMB,0,Female,0,0,0,26,1,1,Fiber optic,0,0,1,0,1,1,Month-to-month,1,Bank transfer (automatic),100.5,2599.95,3.303747535
7716-YTYHG,1,Female,0,1,1,48,1,1,Fiber optic,0,0,0,0,0,1,One year,1,Mailed check,82.05,4029.95,2.697238659
7717-BICXI,0,Male,0,1,1,60,1,0,No,0,0,0,0,0,0,Two year,0,Mailed check,20.55,1205.05,0.675542406
7718-RXDGG,0,Male,0,1,0,15,1,0,Fiber optic,0,0,0,0,0,0,Month-to-month,1,Bank transfer (automatic),68.6,1108.6,2.255095332
7718-UPSKJ,0,Female,0,1,0,69,1,0,Fiber optic,1,1,0,1,1,1,One year,1,Credit card (automatic),106.4,7251.9,3.497698882
7721-DVEKZ,0,Female,0,0,0,1,1,0,No,0,0,0,0,0,0,Month-to-month,0,Mailed check,19.65,19.65,0.645956607
7721-JXEAW,1,Male,0,1,0,59,0,0,DSL,0,1,0,0,0,1,Month-to-month,1,Bank transfer (automatic),41.05,2452.7,1.349441157
7722-CVFXN,0,Male,0,1,1,54,1,1,Fiber optic,0,1,0,1,1,1,One year,1,Electronic check,105.2,5637.85,3.458251151
7722-VJRQD,0,Male,0,1,1,72,0,0,DSL,1,0,1,1,1,1,Two year,0,Bank transfer (automatic),60.95,4549.05,2.003616042
7727-SHVZV,0,Female,0,0,0,9,1,0,No,0,0,0,0,0,0,Month-to-month,0,Bank transfer (automatic),19.5,150.35,0.641025641
7729-JTEEC,0,Male,0,1,1,2,1,0,DSL,0,0,0,0,0,0,Month-to-month,1,Electronic check,44.5,90.05,1.462853386
7729-XBTWX,0,Male,0,1,1,66,1,0,No,0,0,0,0,0,0,Two year,1,Mailed check,19.75,1344.5,0.649243918
7730-CLDSV,0,Female,0,1,1,72,1,1,Fiber optic,0,1,1,1,0,1,Two year,1,Bank transfer (automatic),98.65,7129.45,3.242932281
7730-IUTDZ,1,Male,0,0,0,43,1,0,Fiber optic,1,0,0,0,0,0,Month-to-month,1,Electronic check,75.2,3198.6,2.472057857
7733-UDMTP,0,Female,1,0,0,57,0,0,DSL,0,1,1,0,1,1,Month-to-month,1,Electronic check,55,3094.05,1.808021039
7734-DBOAI,1,Female,0,1,1,1,0,0,DSL,0,0,0,1,1,0,Month-to-month,0,Electronic check,40.1,40.1,1.318211703
7739-LAXOG,1,Female,0,1,1,32,1,1,Fiber optic,0,0,1,0,0,1,Month-to-month,1,Bank transfer (automatic),91.05,2954.5,2.993096647
7740-BTPUX,0,Male,1,1,0,55,1,1,Fiber optic,0,1,1,1,1,1,Two year,1,Electronic check,113.6,6292.7,3.734385273
7740-KKCXF,0,Male,0,1,0,51,0,0,DSL,0,1,0,0,0,0,Month-to-month,1,Credit card (automatic),30.05,1529.45,0.987836949
7742-MYPGI,0,Female,0,1,1,6,1,0,DSL,0,0,0,1,0,0,Month-to-month,1,Mailed check,48.8,297.35,1.604207758
7743-EXURX,1,Male,0,1,1,8,1,0,DSL,0,0,1,0,0,0,Month-to-month,1,Electronic check,51.05,415.05,1.678172255
7746-AWNQW,0,Female,0,0,0,28,0,0,DSL,0,0,1,1,0,0,Month-to-month,1,Mailed check,35.75,961.4,1.175213675
7746-QYVCO,0,Male,0,1,1,16,1,0,DSL,1,1,0,0,0,0,One year,1,Mailed check,55.85,857.8,1.835963182
7748-UMTRK,0,Female,1,0,1,30,1,1,Fiber optic,0,0,0,1,1,1,Month-to-month,1,Electronic check,101.3,2974.5,3.330046022
7750-EYXWZ,0,Female,0,0,0,12,0,0,DSL,0,1,1,1,1,1,One year,0,Electronic check,60.65,743.3,1.993754109
7752-XUSCI,1,Female,0,0,0,60,1,1,Fiber optic,0,1,1,0,1,1,Month-to-month,1,Electronic check,105.9,6396.45,3.481262327
7753-USQYQ,0,Male,0,0,0,55,1,0,DSL,0,1,0,1,0,1,One year,1,Electronic check,64.2,3627.3,2.110453649
7754-IXRMC,0,Female,0,0,0,1,1,0,DSL,0,0,0,0,0,0,Month-to-month,0,Mailed check,45.35,45.35,1.490795529
7758-UJWYS,0,Male,0,1,1,34,0,0,DSL,0,0,0,1,1,0,Two year,1,Electronic check,40.55,1325.85,1.333004602
7758-XKCBS,1,Male,0,0,0,15,0,0,DSL,0,0,0,1,0,0,Month-to-month,1,Electronic check,29.7,438.25,0.976331361
7760-OYPDY,1,Female,0,0,0,2,1,0,Fiber optic,0,0,0,0,1,0,Month-to-month,1,Electronic check,80.65,144.15,2.651216305
7762-ONLJY,0,Female,0,1,1,6,1,0,No,0,0,0,0,0,0,One year,0,Mailed check,19.7,94.45,0.647600263
7762-URZQH,1,Male,0,1,0,66,1,1,Fiber optic,1,0,1,0,1,1,Two year,1,Credit card (automatic),106.05,6981.35,3.486193294
7764-BDPEE,0,Male,0,0,1,3,1,0,No,0,0,0,0,0,0,Month-to-month,0,Mailed check,20.85,60.65,0.685404339
7765-LWVVH,0,Female,0,1,1,72,1,1,Fiber optic,1,1,0,0,1,0,Two year,1,Electronic check,95.1,6843.15,3.126232742
7766-CLTIC,0,Female,0,0,0,10,1,0,DSL,0,0,0,1,0,1,Month-to-month,1,Mailed check,60.95,629.55,2.003616042
7767-UXAGJ,1,Male,0,0,0,1,1,1,DSL,0,0,0,0,0,0,Month-to-month,1,Electronic check,50.45,50.45,1.658448389
7771-CFQRQ,0,Female,0,1,1,47,1,0,DSL,0,1,0,1,0,1,Two year,0,Bank transfer (automatic),63.8,3007.25,2.097304405
7771-ZONAT,0,Male,0,0,0,22,0,0,DSL,0,0,1,1,1,1,Two year,0,Bank transfer (automatic),56.75,1304.85,1.865548981
7774-OJSXI,1,Male,0,0,0,31,1,1,Fiber optic,0,1,1,0,1,1,One year,1,Electronic check,103.45,3066.45,3.400723208
7776-QGYJC,0,Female,0,1,1,39,1,0,Fiber optic,0,0,1,1,0,0,Month-to-month,1,Bank transfer (automatic),81.5,3107.3,2.679158448
7776-QWNFX,1,Male,1,1,0,30,1,0,DSL,0,1,0,0,0,0,Month-to-month,1,Bank transfer (automatic),50.4,1527.5,1.656804734
7777-UNYHB,0,Female,0,1,1,12,1,0,No,0,0,0,0,0,0,Month-to-month,1,Credit card (automatic),20.1,232.4,0.660749507
7779-LGOVN,1,Male,1,1,0,10,1,1,Fiber optic,0,0,0,0,0,1,Month-to-month,1,Electronic check,86.65,856.65,2.848454964
7779-ORAEL,0,Male,1,1,0,45,1,1,DSL,1,0,1,1,0,1,Two year,0,Credit card (automatic),75.15,3480.35,2.470414201
7780-OTDSO,1,Male,0,1,0,18,1,1,Fiber optic,1,0,0,0,1,1,Month-to-month,1,Electronic check,99.4,1742.95,3.267587114
7781-EWARA,0,Male,0,1,1,70,0,0,DSL,0,1,1,1,1,1,One year,0,Electronic check,60.35,4138.7,1.983892176
7781-HVGMK,0,Female,0,1,1,72,0,0,DSL,1,1,1,1,1,1,Two year,1,Credit card (automatic),65.2,4784.45,2.143326759
7783-YKGDV,1,Female,0,0,0,12,1,1,Fiber optic,1,1,1,0,0,1,Month-to-month,1,Bank transfer (automatic),99.7,1238.45,3.277449047
7785-RDVIG,0,Female,0,1,1,3,1,0,No,0,0,0,0,0,0,Month-to-month,0,Mailed check,19.3,54.7,0.634451019
7786-WBJYI,1,Female,0,0,0,4,1,1,Fiber optic,0,1,0,0,0,0,Month-to-month,0,Bank transfer (automatic),77.95,305.55,2.562458909
7787-BNTZM,0,Male,0,0,0,6,1,0,No,0,0,0,0,0,0,Month-to-month,0,Bank transfer (automatic),20.15,130.5,0.662393162
7789-CRUVC,0,Female,1,1,0,61,1,1,Fiber optic,1,1,1,1,0,0,Month-to-month,1,Credit card (automatic),94.2,5895.45,3.096646943
7789-HKSBS,0,Female,1,1,0,42,1,1,Fiber optic,1,0,1,0,1,1,One year,1,Bank transfer (automatic),105.2,4599.15,3.458251151
7794-JASDG,0,Male,0,0,0,1,1,0,DSL,1,0,0,0,0,0,Month-to-month,1,Mailed check,50.75,50.75,1.668310322
7795-CFOCW,0,Male,0,0,0,45,0,0,DSL,1,0,1,1,0,0,One year,0,Bank transfer (automatic),42.3,1840.75,1.390532544
7797-EJMDP,0,Female,0,0,0,8,1,0,DSL,1,0,0,1,0,1,Month-to-month,0,Bank transfer (automatic),66.05,574.5,2.171268902
7798-JVXYM,0,Female,0,0,0,14,1,0,DSL,0,0,0,1,1,1,Month-to-month,1,Electronic check,69.65,921.4,2.289612097
7799-DSEWS,0,Male,0,0,0,18,1,0,DSL,1,0,1,1,1,0,Month-to-month,1,Electronic check,68.35,1299.8,2.246877055
7799-LGRDP,0,Female,0,0,0,43,1,1,No,0,0,0,0,0,0,Two year,1,Credit card (automatic),25.7,1188.2,0.844838922
7801-CEDNV,0,Male,0,1,0,27,1,0,DSL,1,0,0,0,0,0,One year,0,Credit card (automatic),48.7,1421.75,1.600920447
7801-KICAO,0,Female,0,0,0,18,1,1,Fiber optic,0,0,0,0,0,0,Month-to-month,1,Electronic check,74.15,1345.75,2.437541091
7802-EFKNY,1,Male,0,1,0,5,0,0,DSL,0,0,0,0,0,0,Month-to-month,1,Electronic check,24.95,100.4,0.820184089
7803-XOCCZ,0,Female,0,1,1,52,1,0,Fiber optic,1,0,1,1,0,0,Month-to-month,1,Bank transfer (automatic),84.05,4326.8,2.762984878
7808-DVWEP,0,Male,0,1,0,3,1,0,No,0,0,0,0,0,0,Month-to-month,0,Bank transfer (automatic),20,49.65,0.657462196
7811-JIVPF,0,Female,0,0,0,23,1,0,DSL,0,0,1,0,0,0,Month-to-month,0,Credit card (automatic),49.7,1081.25,1.633793557
7812-FZHPE,1,Female,0,1,1,17,1,1,No,0,0,0,0,0,0,Month-to-month,0,Mailed check,24.1,409.9,0.792241946
7813-TKCVO,0,Female,0,1,0,20,1,0,No,0,0,0,0,0,0,One year,0,Mailed check,20.35,393.15,0.668967784
7813-ZGGAW,0,Male,1,0,0,31,1,1,Fiber optic,0,0,1,1,1,0,Month-to-month,1,Bank transfer (automatic),96.6,2877.95,3.175542406
7814-LEEVE,0,Female,0,1,0,1,1,0,No,0,0,0,0,0,0,Month-to-month,1,Bank transfer (automatic),20.3,20.3,0.667324129
7815-PDTHL,0,Male,0,0,0,35,1,0,No,0,0,0,0,0,0,Two year,1,Mailed check,20.2,684.4,0.664036818
7816-VGHTO,0,Female,0,1,1,6,0,0,DSL,0,1,1,1,0,0,Two year,0,Mailed check,40.55,217.5,1.333004602
7817-BOQPW,1,Female,0,0,0,2,1,1,Fiber optic,0,0,0,0,0,0,Month-to-month,1,Electronic check,75.55,166.3,2.483563445
7817-OMJNA,0,Male,0,0,0,14,1,0,No,0,0,0,0,0,0,One year,0,Bank transfer (automatic),20.4,275.7,0.67061144
7820-ZYGNY,0,Male,0,0,0,63,1,1,Fiber optic,0,1,0,0,0,1,One year,0,Credit card (automatic),90.45,5825.5,2.973372781
7821-DPRQE,0,Male,0,1,0,68,1,1,Fiber optic,1,1,0,1,1,1,Month-to-month,1,Electronic check,107.7,7320.9,3.540433925
7823-JSOAG,0,Male,0,0,0,3,1,1,Fiber optic,0,0,0,0,0,0,Month-to-month,0,Electronic check,74.5,217.45,2.44904668
7824-PANSQ,0,Male,0,0,0,58,1,1,Fiber optic,0,0,0,1,0,0,Month-to-month,0,Bank transfer (automatic),80.65,4807.35,2.651216305
7825-ECJRF,1,Female,0,0,0,19,1,0,Fiber optic,1,0,1,1,1,1,Month-to-month,1,Electronic check,106.6,1934.45,3.504273504
7825-GKXMW,1,Female,0,0,0,1,1,0,DSL,0,0,0,0,0,0,Month-to-month,0,Electronic check,45.8,45.8,1.505588429
7826-VVKWT,0,Female,1,1,1,24,1,0,Fiber optic,0,0,1,0,1,1,Two year,1,Electronic check,96.55,2263.45,3.173898751
7831-QGOXH,1,Female,0,0,0,18,1,1,Fiber optic,0,0,0,0,1,0,Month-to-month,1,Electronic check,85.2,1553.9,2.800788955
7833-PKIHD,0,Male,0,1,1,51,1,0,DSL,1,0,0,1,1,1,One year,1,Bank transfer (automatic),76.4,3966.3,2.511505588
7838-LAZFO,0,Male,0,1,0,45,1,0,DSL,1,1,1,0,1,1,One year,0,Bank transfer (automatic),78.8,3597.5,2.590401052
7839-NUIAA,0,Female,0,1,1,61,1,1,DSL,1,1,0,0,0,0,Month-to-month,0,Electronic check,59.8,3641.5,1.965811966
7839-QRKXN,1,Female,0,0,0,1,1,0,No,0,0,0,0,0,0,Month-to-month,1,Mailed check,20.2,20.2,0.664036818
7841-FCRQD,0,Female,0,1,0,33,1,0,DSL,0,1,0,1,0,0,One year,1,Credit card (automatic),53.75,1857.3,1.766929652
7841-TZDMQ,1,Male,0,0,0,2,1,0,DSL,0,0,0,0,0,0,Month-to-month,1,Credit card (automatic),46,84.5,1.512163051
7845-URHJN,1,Female,0,1,0,8,1,0,No,0,0,0,0,0,0,Month-to-month,0,Bank transfer (automatic),20.15,156.25,0.662393162
7850-THJMU,0,Female,0,1,1,26,1,0,No,0,0,0,0,0,0,Two year,0,Credit card (automatic),19.65,494.9,0.645956607
7850-VWJUU,0,Female,0,0,0,23,1,0,Fiber optic,1,0,0,0,0,0,Month-to-month,1,Bank transfer (automatic),75,1778.5,2.465483235
7851-FLGGQ,1,Male,0,0,0,1,0,0,DSL,0,1,0,1,0,1,Month-to-month,1,Mailed check,44.65,44.65,1.467784352
7851-WZEKY,1,Female,0,0,0,2,1,1,Fiber optic,0,0,0,0,1,1,Month-to-month,1,Electronic check,95.15,196.9,3.127876397
7852-LECYP,0,Male,1,1,0,13,1,1,Fiber optic,1,1,0,0,0,1,Month-to-month,0,Credit card (automatic),93.8,1261,3.083497699
7853-GVUDZ,1,Female,0,1,1,1,1,0,No,0,0,0,0,0,0,Month-to-month,1,Credit card (automatic),20.15,20.15,0.662393162
7853-OETYL,0,Female,0,1,0,4,0,0,DSL,1,0,0,0,0,0,Month-to-month,1,Electronic check,29.05,129.6,0.95496384
7853-WNZSY,0,Male,0,0,0,1,1,0,No,0,0,0,0,0,0,Month-to-month,1,Credit card (automatic),19.75,19.75,0.649243918
7854-EDSSA,1,Male,0,0,0,22,1,1,DSL,1,1,0,0,0,0,Month-to-month,0,Electronic check,59,1254.7,1.939513478
7854-EKTJL,1,Female,0,0,1,2,1,0,No,0,0,0,0,0,0,Month-to-month,1,Electronic check,19.6,35.85,0.644312952
7854-FOKSF,1,Male,0,0,0,1,0,0,DSL,0,0,0,0,0,1,Month-to-month,0,Electronic check,35.9,35.9,1.180144642
7855-DIWPO,0,Female,0,0,0,21,1,0,Fiber optic,0,0,0,0,0,0,Month-to-month,1,Electronic check,68.65,1493.2,2.256738988
7856-GANIL,0,Male,1,1,0,45,1,1,Fiber optic,0,1,1,1,1,0,One year,1,Bank transfer (automatic),98.7,4525.8,3.244575937
7858-GTZSP,0,Female,0,0,0,12,1,1,Fiber optic,0,0,0,0,0,1,Month-to-month,1,Electronic check,86.55,1066.9,2.845167653
7860-KSUGX,0,Male,0,1,1,72,1,1,DSL,1,1,1,0,0,0,Two year,0,Credit card (automatic),64.45,4720,2.118671926
7860-UXCRM,0,Male,0,1,1,63,1,0,DSL,1,1,1,1,1,0,Two year,0,Credit card (automatic),74.5,4674.55,2.44904668
7861-UVUFT,1,Female,0,1,0,15,1,0,Fiber optic,0,0,1,0,1,0,Month-to-month,1,Electronic check,84.3,1308.4,2.771203156
7868-BGSZA,0,Male,0,1,0,43,1,1,DSL,1,0,1,0,1,1,One year,1,Electronic check,80.2,3581.6,2.636423406
7868-TMWMZ,0,Female,1,1,0,60,1,0,Fiber optic,1,1,1,1,1,1,Two year,1,Bank transfer (automatic),110,6668.35,3.616042078
7869-ZYDST,0,Male,0,1,0,31,1,1,DSL,0,0,0,0,1,0,Month-to-month,1,Credit card (automatic),59.05,1882.8,1.941157133
7872-BAAZR,0,Female,0,1,1,53,1,0,No,0,0,0,0,0,0,One year,0,Bank transfer (automatic),19.55,1007.9,0.642669297
7872-RDDLZ,0,Female,1,0,0,67,1,1,DSL,0,1,0,0,0,0,Month-to-month,0,Electronic check,54.9,3725.5,1.804733728
7873-CVMAW,0,Male,0,0,0,72,1,1,DSL,1,1,1,1,1,1,Two year,0,Credit card (automatic),88.55,6362.35,2.910913872
7874-ECPQJ,0,Female,0,0,1,4,1,0,No,0,0,0,0,0,0,Month-to-month,1,Bank transfer (automatic),20.05,85.5,0.659105851
7876-AEHIG,0,Female,0,0,1,51,0,0,DSL,1,0,1,1,1,1,One year,0,Bank transfer (automatic),60.15,3077,1.977317554
7876-BEUTG,0,Female,0,0,0,15,1,1,DSL,0,0,0,0,0,0,Month-to-month,1,Mailed check,48.8,720.1,1.604207758
7876-DNYAP,0,Female,0,1,1,69,1,0,No,0,0,0,0,0,0,Two year,0,Credit card (automatic),19.8,1436.95,0.650887574
7878-JGDKK,0,Male,0,0,0,4,1,0,DSL,0,0,0,0,0,0,Month-to-month,0,Mailed check,44.55,220.75,1.464497041
7878-RTCZG,0,Female,0,0,0,1,1,0,No,0,0,0,0,0,0,Month-to-month,0,Mailed check,19.9,19.9,0.654174885
7879-CGSFV,0,Male,0,0,0,55,1,0,Fiber optic,1,1,0,0,1,1,One year,1,Mailed check,100.9,5552.05,3.316896778
7880-XSOJX,0,Male,0,0,0,4,0,0,DSL,1,1,0,1,0,0,Month-to-month,0,Mailed check,42.4,146.4,1.393819855
7881-EVUAD,1,Female,0,0,0,2,0,0,DSL,1,1,0,0,0,1,Month-to-month,1,Electronic check,42.6,72.4,1.400394477
7881-INRLC,1,Male,0,0,0,45,1,1,Fiber optic,0,1,0,0,1,1,Month-to-month,1,Credit card (automatic),100.85,4740,3.315253123
7883-ROJOC,0,Female,0,1,0,19,1,0,DSL,0,0,0,0,0,0,Month-to-month,0,Mailed check,44.9,839.65,1.47600263
7890-VYYWG,1,Male,1,1,0,3,0,0,DSL,0,0,0,0,1,0,Month-to-month,1,Mailed check,36.45,93.7,1.198224852
7892-POOKP,1,Female,0,1,0,28,1,1,Fiber optic,0,0,1,1,1,1,Month-to-month,1,Electronic check,104.8,3046.05,3.445101907
7892-QVYKW,0,Female,0,1,1,23,1,1,Fiber optic,0,0,0,0,0,1,Month-to-month,0,Electronic check,85.6,1868.4,2.813938199
7893-IXHRQ,1,Male,0,0,0,1,1,0,No,0,0,0,0,0,0,Month-to-month,0,Electronic check,20.55,20.55,0.675542406
7895-VONWT,0,Female,0,0,0,25,0,0,DSL,0,0,1,0,1,1,Month-to-month,1,Electronic check,48.25,1293.8,1.586127548
7898-PDWQE,0,Male,0,1,0,71,1,1,DSL,1,1,1,1,0,1,Two year,0,Credit card (automatic),80.4,5727.15,2.642998028
7901-HXJVA,0,Male,0,0,0,14,1,0,Fiber optic,0,0,1,0,0,0,Month-to-month,0,Electronic check,76.45,1117.55,2.513149244
7901-IIDQV,0,Male,0,0,0,24,1,1,DSL,0,0,0,1,0,0,One year,0,Bank transfer (automatic),54.6,1242.25,1.794871795
7901-TBKJX,0,Male,1,0,0,56,1,1,Fiber optic,0,0,1,0,1,1,Month-to-month,1,Electronic check,101.05,5594,3.321827745
7903-CMPEY,1,Male,1,1,0,1,1,1,Fiber optic,1,0,0,0,0,0,Month-to-month,1,Electronic check,80.3,80.3,2.639710717
7905-NJMXS,0,Male,1,1,0,7,1,1,DSL,1,1,0,1,0,0,Month-to-month,0,Electronic check,64.2,475,2.110453649
7905-TVXTA,0,Female,0,0,0,5,1,0,DSL,1,0,0,1,1,0,Month-to-month,1,Electronic check,64.35,352.65,2.115384615
7908-QCBCA,1,Female,0,1,0,1,1,0,Fiber optic,0,0,0,0,0,0,Month-to-month,1,Mailed check,69.4,69.4,2.28139382
7909-FIOIY,0,Female,0,1,1,19,0,0,DSL,0,0,0,0,0,0,Month-to-month,1,Mailed check,24.85,434.8,0.816896778
7912-SYRQT,1,Female,0,0,0,7,1,1,Fiber optic,0,0,0,0,0,0,Month-to-month,1,Bank transfer (automatic),75.1,552.95,2.468770546
7916-VCCPB,0,Female,0,1,1,16,1,0,Fiber optic,0,1,0,0,0,0,Month-to-month,0,Bank transfer (automatic),73.25,1195.75,2.407955293
7919-ZODZZ,0,Female,0,1,1,10,1,0,DSL,0,1,1,0,0,1,One year,1,Mailed check,65.9,660.05,2.166337936
7921-BEPCI,0,Female,0,0,0,72,1,1,DSL,1,1,0,0,0,0,Two year,0,Bank transfer (automatic),59.75,4265,1.96416831
7921-LMDFQ,0,Male,1,0,0,51,1,0,Fiber optic,0,0,1,0,1,1,One year,1,Bank transfer (automatic),94,4905.75,3.090072321
7923-IYJWY,0,Male,1,0,0,67,1,1,Fiber optic,1,1,1,1,1,1,Two year,1,Credit card (automatic),116.1,7839.85,3.816568047
7924-GJZFI,0,Female,1,1,0,25,1,0,Fiber optic,0,0,0,0,0,0,Month-to-month,1,Electronic check,69.3,1813.1,2.278106509
7925-PNRGI,0,Female,0,1,1,45,1,1,DSL,1,1,1,1,1,0,Month-to-month,0,Mailed check,81.3,3541.1,2.672583826
7926-IJOOU,0,Male,0,0,0,1,1,0,No,0,0,0,0,0,0,Month-to-month,0,Credit card (automatic),19.3,19.3,0.634451019
7927-AUXBZ,1,Female,0,0,0,30,1,0,Fiber optic,0,0,0,1,1,0,Month-to-month,0,Electronic check,85.15,2555.9,2.799145299
7928-VJYAB,0,Male,0,1,1,11,1,0,Fiber optic,0,0,0,0,1,1,Month-to-month,0,Electronic check,90.6,1020.2,2.978303748
7929-DMBCV,0,Female,0,1,0,20,1,0,Fiber optic,0,0,1,1,0,0,Month-to-month,1,Mailed check,81,1683.7,2.662721893
7929-SKFGK,0,Male,0,1,0,70,1,1,Fiber optic,1,1,1,1,1,1,Two year,0,Credit card (automatic),114.3,8244.3,3.75739645
7931-PXHFC,1,Male,0,0,0,38,1,0,DSL,0,0,1,1,0,1,One year,1,Mailed check,62.3,2354.8,2.04799474
7932-WPTDS,1,Female,1,1,0,1,0,0,DSL,0,0,0,0,0,0,Month-to-month,1,Electronic check,24.8,24.8,0.815253123
7938-OUHIO,1,Male,0,0,0,3,1,0,Fiber optic,0,0,1,1,1,1,Month-to-month,1,Electronic check,98.7,293.65,3.244575937
7940-UQQUG,0,Female,0,1,1,64,1,1,Fiber optic,1,0,0,1,1,1,One year,1,Bank transfer (automatic),104.4,6721.6,3.431952663
7941-RCJOW,0,Male,0,0,0,65,1,0,No,0,0,0,0,0,0,Two year,1,Credit card (automatic),19.55,1218.65,0.642669297
7943-RQCHR,1,Female,0,0,0,9,1,1,Fiber optic,0,0,0,0,1,1,Month-to-month,1,Electronic check,94.75,889.9,3.114727153
7945-HLKEA,0,Female,0,0,0,60,1,1,DSL,1,0,1,1,0,0,One year,0,Electronic check,64.75,4039.5,2.128533859
7945-PRBVF,0,Male,0,0,0,35,1,0,No,0,0,0,0,0,0,Two year,0,Bank transfer (automatic),21.45,705.45,0.705128205
7950-XWOVN,0,Male,0,0,0,11,0,0,DSL,0,1,1,0,0,0,Month-to-month,0,Mailed check,34.7,383.55,1.14069691
7951-QKZPL,1,Female,0,1,1,33,1,1,No,0,0,0,0,0,0,Two year,1,Mailed check,24.5,740.3,0.80539119
7951-VRDVK,0,Female,0,0,0,36,1,0,DSL,1,1,1,1,1,1,One year,0,Bank transfer (automatic),85.85,3003.55,2.822156476
7952-OBOYL,0,Male,0,0,0,3,1,0,Fiber optic,0,0,1,1,1,0,Month-to-month,1,Mailed check,89.85,244.45,2.953648915
7954-MLBUN,0,Male,0,0,0,31,1,0,Fiber optic,0,0,1,1,1,1,Two year,0,Bank transfer (automatic),99.45,3109.9,3.269230769
7956-XQWGU,0,Male,0,0,0,27,1,0,No,0,0,0,0,0,0,Month-to-month,1,Credit card (automatic),19.4,460.25,0.63773833
7957-RYHQD,1,Female,1,0,0,40,1,0,Fiber optic,1,1,0,0,0,0,Month-to-month,1,Credit card (automatic),79.2,3233.85,2.603550296
7963-GQRMY,1,Female,0,1,1,3,1,0,DSL,0,0,0,0,0,0,Month-to-month,0,Mailed check,44.3,134.5,1.456278764
7963-SHNDT,0,Female,0,0,0,52,0,0,DSL,1,1,0,1,0,0,Two year,0,Mailed check,39.1,1982.1,1.285338593
7964-VEXDG,0,Male,0,0,1,21,1,1,Fiber optic,1,0,0,0,0,0,Month-to-month,0,Electronic check,80.35,1747.2,2.641354372
7964-YESJC,0,Female,0,1,0,24,1,1,DSL,1,1,1,0,0,0,Month-to-month,0,Mailed check,66.3,1559.45,2.179487179
7964-ZRKKG,0,Male,0,1,0,67,1,1,Fiber optic,0,1,0,0,1,0,One year,1,Bank transfer (automatic),88.4,5798.3,2.905982906
7966-YOTQW,0,Male,0,0,0,10,1,1,DSL,1,0,0,0,0,0,Month-to-month,1,Credit card (automatic),54.5,568.2,1.791584484
7967-HYCDE,0,Male,0,0,0,8,1,0,Fiber optic,0,0,0,0,0,0,Month-to-month,0,Bank transfer (automatic),70.7,553.4,2.324128863
7968-QUXNS,0,Male,0,0,0,6,1,0,No,0,0,0,0,0,0,Month-to-month,0,Mailed check,18.95,110.15,0.622945431
7969-AULMZ,1,Female,0,0,0,21,1,1,Fiber optic,0,0,0,0,1,1,Month-to-month,1,Electronic check,97.35,2119.5,3.200197239
7969-FFOWG,0,Male,0,1,1,65,1,0,No,0,0,0,0,0,0,Two year,0,Mailed check,19.9,1292.6,0.654174885
7971-HLVXI,0,Male,0,1,1,72,1,1,Fiber optic,0,0,0,0,0,1,Two year,1,Credit card (automatic),84.5,6130.85,2.777777778
7973-DZRKH,0,Female,0,0,1,66,1,1,Fiber optic,1,0,1,1,0,0,Two year,1,Credit card (automatic),90.95,5930.05,2.989809336
7975-JMZNT,0,Male,0,1,0,66,1,1,DSL,1,1,1,1,1,1,Two year,0,Bank transfer (automatic),91.7,6075.9,3.014464168
7975-TZMLR,0,Male,0,0,0,47,1,1,Fiber optic,0,1,1,0,1,1,One year,1,Electronic check,103.1,4889.3,3.38921762
7976-CICYS,0,Male,0,0,0,4,1,0,No,0,0,0,0,0,0,Month-to-month,1,Credit card (automatic),20.7,83.75,0.680473373
7977-HXJKU,0,Male,0,0,1,21,1,0,No,0,0,0,0,0,0,Two year,0,Mailed check,19.6,397,0.644312952
7978-DKUQH,0,Female,0,1,0,25,1,0,Fiber optic,0,0,1,0,0,0,Month-to-month,1,Electronic check,74.6,1797.75,2.452333991
7979-CORPM,1,Male,0,0,0,24,1,1,Fiber optic,0,1,0,0,1,0,Month-to-month,1,Credit card (automatic),90.55,2282.55,2.976660092
7980-MHFLQ,0,Female,0,1,1,72,1,1,No,0,0,0,0,0,0,Two year,0,Mailed check,24.9,1859.2,0.818540434
7982-VCELR,0,Female,0,0,0,36,1,0,Fiber optic,0,1,0,0,1,1,Month-to-month,1,Credit card (automatic),94.8,3565.65,3.116370809
7989-AWGEH,0,Male,0,1,1,49,0,0,DSL,1,0,0,0,0,1,Month-to-month,1,Electronic check,39.2,1838.15,1.288625904
7989-CHGTL,1,Male,0,0,0,1,1,0,No,0,0,0,0,0,0,Month-to-month,1,Mailed check,19.6,19.6,0.644312952
7989-VCQOH,0,Male,0,1,1,18,1,0,DSL,1,0,1,1,1,1,Month-to-month,0,Electronic check,83.25,1611.15,2.736686391
7993-NQLJE,0,Male,0,1,1,15,1,0,Fiber optic,1,0,0,0,0,0,Month-to-month,0,Mailed check,75.1,1151.55,2.468770546
7993-PYKOF,1,Male,0,1,0,8,1,0,Fiber optic,1,0,0,0,0,0,Month-to-month,0,Electronic check,75,632.95,2.465483235
7994-UYIVZ,0,Male,0,1,0,8,1,1,Fiber optic,0,0,0,0,0,1,Month-to-month,1,Bank transfer (automatic),85.65,659.45,2.815581854
7994-XIRTR,0,Male,1,0,0,54,1,0,DSL,0,0,1,1,0,1,One year,0,Bank transfer (automatic),65.25,3529.95,2.144970414
7995-ZHHNZ,0,Male,0,1,0,42,1,1,DSL,1,0,0,0,0,0,One year,0,Credit card (automatic),56.1,2386.85,1.84418146
7996-BPXHY,0,Female,0,1,1,13,1,1,No,0,0,0,0,0,0,Two year,1,Bank transfer (automatic),25,332.5,0.821827745
7996-MHXLW,0,Female,0,0,0,66,1,1,No,0,0,0,0,0,0,Two year,1,Credit card (automatic),25.15,1683.6,0.826758711
7997-EASSD,0,Female,0,1,0,63,1,1,Fiber optic,0,0,0,1,0,0,One year,1,Credit card (automatic),81.2,4965.1,2.669296515
7998-WNZEM,0,Male,0,0,0,71,1,1,DSL,1,1,1,1,0,1,Two year,0,Bank transfer (automatic),80.6,5708.2,2.64957265
7998-ZLXWN,0,Female,0,1,0,15,1,0,No,0,0,0,0,0,0,Month-to-month,0,Credit card (automatic),20.45,330.8,0.672255095
8000-REIQB,1,Female,1,0,0,1,1,0,Fiber optic,0,0,0,0,0,0,Month-to-month,1,Electronic check,69.95,69.95,2.29947403
8003-EWNDZ,0,Female,0,0,0,10,1,0,No,0,0,0,0,0,0,Month-to-month,1,Electronic check,21.2,222.65,0.696909928
8006-PYCSW,0,Female,0,0,0,2,1,0,No,0,0,0,0,0,0,Month-to-month,0,Mailed check,20.1,39.8,0.660749507
8007-YYPWD,0,Female,0,0,0,15,1,1,No,0,0,0,0,0,0,Two year,0,Bank transfer (automatic),25.05,369.1,0.8234714
8008-ESFLK,0,Female,0,1,0,53,1,0,Fiber optic,1,1,1,1,1,1,One year,0,Electronic check,110.5,5835.5,3.632478632
8008-HAWED,1,Male,0,0,0,14,0,0,DSL,0,0,1,0,1,1,Month-to-month,1,Electronic check,50.75,712.75,1.668310322
8008-OTEZX,0,Female,0,1,1,35,1,0,No,0,0,0,0,0,0,One year,0,Mailed check,19.65,708.8,0.645956607
8010-EZLOU,1,Male,1,0,0,15,1,1,Fiber optic,0,1,0,0,0,0,Month-to-month,1,Electronic check,80.2,1217.25,2.636423406
8012-SOUDQ,0,Female,1,0,0,43,1,1,Fiber optic,0,1,0,0,1,0,Month-to-month,1,Electronic check,90.25,3838.75,2.966798159
8015-IHCGW,0,Female,0,1,1,72,1,1,Fiber optic,1,1,1,1,1,1,Two year,1,Electronic check,115.5,8425.15,3.796844181
8016-NCFVO,0,Male,1,0,0,55,1,1,Fiber optic,1,1,1,1,1,1,Month-to-month,1,Electronic check,116.5,6382.55,3.829717291
8016-ZMGMO,0,Female,1,1,0,66,1,1,DSL,0,1,1,0,1,0,One year,1,Bank transfer (automatic),70.85,4738.85,2.329059829
8017-LXHFA,1,Female,1,0,0,23,1,0,Fiber optic,0,1,0,0,1,1,Month-to-month,1,Electronic check,94.75,2293.6,3.114727153
8017-UVSZU,0,Female,0,1,0,40,1,1,DSL,0,1,0,0,0,0,Month-to-month,0,Credit card (automatic),56.6,2379.1,1.860618014
8019-ENHXU,1,Male,0,1,0,42,1,1,Fiber optic,0,1,1,1,0,1,Month-to-month,1,Electronic check,99.45,4138.05,3.269230769
8020-BWHYL,1,Female,1,0,0,15,1,0,Fiber optic,0,1,0,0,0,0,Month-to-month,1,Credit card (automatic),75.3,1147.45,2.475345168
8022-BECSI,0,Male,0,0,0,22,1,0,No,0,0,0,0,0,0,One year,0,Mailed check,19.6,422.5,0.644312952
8023-QHAIO,0,Female,1,1,0,56,1,1,Fiber optic,0,0,0,1,0,0,Month-to-month,1,Bank transfer (automatic),76.85,4275.75,2.526298488
8024-XNAFQ,0,Female,1,0,0,72,1,1,Fiber optic,1,1,1,1,0,1,Two year,1,Bank transfer (automatic),107.4,7748.75,3.530571992
8028-PNXHQ,0,Male,0,1,1,62,1,1,No,0,0,0,0,0,0,Two year,1,Bank transfer (automatic),24.25,1424.6,0.797172913
8029-XYPWT,0,Male,1,1,0,71,1,1,Fiber optic,1,1,1,1,1,1,Two year,1,Bank transfer (automatic),115.05,8016.6,3.782051282
8033-ATFAS,0,Female,0,1,1,39,1,0,DSL,0,0,1,0,1,0,Month-to-month,1,Mailed check,59.85,2341.5,1.967455621
8033-VCZGH,0,Male,0,1,0,50,1,1,Fiber optic,1,0,1,0,1,1,One year,1,Electronic check,103.95,5231.3,3.417159763
8034-RYTVV,0,Female,0,0,0,55,1,1,Fiber optic,1,0,1,0,0,0,One year,1,Credit card (automatic),84.25,4589.85,2.7695595
8035-BUYVG,1,Male,0,1,0,40,0,0,DSL,1,1,1,0,0,0,One year,1,Electronic check,42.35,1716.45,1.3921762
8035-PWSEV,0,Female,0,0,0,6,1,0,Fiber optic,0,0,1,1,0,1,Month-to-month,1,Electronic check,89.25,487.05,2.933925049
8039-ACLPL,0,Female,0,1,1,72,1,0,DSL,1,1,1,0,0,1,Two year,0,Credit card (automatic),68.75,4888.2,2.260026298
8039-EQPIM,0,Male,0,1,0,69,0,0,DSL,1,0,1,1,1,1,Two year,0,Bank transfer (automatic),60.25,4055.5,1.980604865
8040-MNRTF,0,Female,0,0,0,1,1,0,Fiber optic,0,0,0,0,0,0,Month-to-month,0,Mailed check,71.1,71.1,2.337278107
8041-TMEID,0,Male,1,1,0,63,1,1,Fiber optic,1,1,1,0,1,1,Two year,0,Credit card (automatic),108.5,6991.9,3.566732413
8042-JVNFH,1,Male,0,0,0,1,1,0,Fiber optic,0,0,0,0,0,0,Month-to-month,1,Mailed check,71.35,71.35,2.345496384
8042-RNLKO,0,Male,0,0,0,66,1,1,No,0,0,0,0,0,0,One year,0,Bank transfer (automatic),25.45,1699.15,0.836620644
8043-PNYSD,0,Male,0,1,1,63,1,0,No,0,0,0,0,0,0,Two year,0,Mailed check,19.55,1245.6,0.642669297
8044-BGWPI,0,Male,0,1,1,12,1,0,No,0,0,0,0,0,0,Month-to-month,1,Electronic check,21.15,306.05,0.695266272
8046-DNVTL,0,Male,0,1,0,62,0,0,DSL,1,1,0,1,0,0,Two year,1,Credit card (automatic),38.6,2345.55,1.268902038
8048-DSDFQ,0,Male,0,0,0,1,1,0,No,0,0,0,0,0,0,Month-to-month,0,Mailed check,20.2,20.2,0.664036818
8049-WJCLQ,0,Male,0,1,1,10,1,0,DSL,0,0,1,0,1,0,Month-to-month,0,Mailed check,60.2,563.5,1.97896121
8050-DVOJX,0,Male,1,0,0,49,1,1,DSL,1,1,1,1,0,1,Two year,0,Credit card (automatic),81.35,4060.9,2.674227482
8050-WYBND,0,Female,0,0,1,22,0,0,DSL,0,0,1,0,1,1,One year,1,Credit card (automatic),49.45,1031.4,1.625575279
8050-XGRVL,0,Female,0,1,1,62,1,0,DSL,1,0,1,0,0,0,One year,0,Credit card (automatic),54.75,3425.35,1.799802761
8051-HJRLT,1,Female,1,0,0,1,1,0,Fiber optic,0,0,0,0,0,0,Month-to-month,1,Electronic check,70.55,70.55,2.319197896
8053-WWDRO,1,Female,0,1,0,6,1,0,No,0,0,0,0,0,0,Month-to-month,0,Bank transfer (automatic),19.5,146.3,0.641025641
8058-DMYRU,0,Male,1,0,0,54,1,1,Fiber optic,0,1,0,0,0,1,Month-to-month,1,Electronic check,90.05,4931.8,2.960223537
8058-INTPH,1,Female,0,0,0,1,1,0,Fiber optic,0,0,0,0,1,0,Month-to-month,1,Electronic check,79.65,79.65,2.618343195
8058-JMEQO,1,Female,1,0,0,9,1,1,Fiber optic,0,0,0,0,0,1,Month-to-month,1,Electronic check,84.45,762.5,2.776134122
8059-UDZFY,0,Female,1,0,1,33,1,1,Fiber optic,0,1,1,0,1,1,Month-to-month,1,Bank transfer (automatic),105.35,3465.05,3.463182117
8060-HIWJJ,0,Male,0,0,0,64,1,1,DSL,0,1,1,1,1,1,Two year,0,Credit card (automatic),86.55,5632.55,2.845167653
8062-YBDOE,1,Male,1,0,0,1,1,0,Fiber optic,0,0,0,0,0,0,Month-to-month,1,Electronic check,69.65,69.65,2.289612097
8063-GBATB,1,Female,1,0,0,27,1,1,Fiber optic,0,0,0,0,0,1,Month-to-month,1,Electronic check,85.25,2287.25,2.80243261
8063-RJYNF,1,Male,0,0,0,16,1,0,Fiber optic,1,0,0,0,1,1,Month-to-month,1,Electronic check,94.25,1483.25,3.098290598
8064-RAVOH,0,Male,0,0,1,1,1,0,DSL,0,0,1,0,0,0,Month-to-month,1,Electronic check,49.85,49.85,1.638724523
8065-BVEPF,0,Male,1,0,0,65,1,0,Fiber optic,0,1,1,0,1,1,Month-to-month,1,Bank transfer (automatic),99.1,6496.15,3.257725181
8065-QBYTO,0,Female,1,0,0,71,1,1,Fiber optic,1,1,0,1,1,0,One year,1,Credit card (automatic),99.65,7181.25,3.275805391
8065-YKXKD,1,Female,0,0,0,10,1,1,Fiber optic,0,0,0,0,0,0,Month-to-month,1,Electronic check,74.75,799.65,2.457264957
8066-POXGX,1,Female,0,0,0,13,0,0,DSL,0,0,0,0,0,1,Month-to-month,1,Electronic check,35.1,446.1,1.153846154
8067-NIOYM,0,Female,0,1,1,24,1,0,No,0,0,0,0,0,0,Two year,1,Credit card (automatic),21.1,490.65,0.693622617
8069-RHUXK,0,Female,0,1,1,67,0,0,DSL,1,0,0,1,0,0,Two year,0,Credit card (automatic),35.7,2545.7,1.17357002
8069-YQQAJ,0,Male,0,0,0,14,0,0,DSL,0,1,0,0,0,0,Month-to-month,1,Mailed check,31.1,419.7,1.022353715
8070-AAWZP,0,Male,1,1,0,24,0,0,DSL,0,0,1,1,0,0,Month-to-month,0,Mailed check,34.25,828.2,1.125904011
8071-SBTRN,0,Female,0,0,0,70,1,1,Fiber optic,1,1,1,0,1,1,Two year,1,Mailed check,111.15,7737.55,3.653846154
8073-IJDCM,1,Female,0,0,0,1,1,0,No,0,0,0,0,0,0,Month-to-month,1,Mailed check,20.3,20.3,0.667324129
8075-GXIUB,0,Male,1,1,0,9,1,0,No,0,0,0,0,0,0,One year,0,Credit card (automatic),19.85,183.15,0.652531229
8076-FEZKJ,0,Male,0,0,0,10,1,0,No,0,0,0,0,0,0,One year,0,Mailed check,19.5,225.85,0.641025641
8079-XRJRS,1,Male,0,1,0,65,1,1,Fiber optic,1,1,1,0,0,0,One year,0,Electronic check,89.75,5769.6,2.950361604
8080-DDEMJ,1,Male,1,0,0,1,1,0,DSL,0,0,0,0,0,0,Month-to-month,0,Electronic check,45.1,45.1,1.482577252
8080-POTJR,0,Female,0,0,0,30,1,1,DSL,1,0,1,0,1,1,One year,1,Credit card (automatic),79.3,2427.1,2.606837607
8082-GHXOP,0,Male,0,0,1,13,1,0,DSL,0,0,0,0,0,0,Month-to-month,0,Mailed check,44,659.35,1.446416831
8083-YTZES,1,Male,0,0,0,4,1,1,Fiber optic,0,0,0,0,0,0,Month-to-month,1,Electronic check,74.35,265.35,2.444115713
8084-OIVBS,0,Female,0,0,0,11,1,0,No,0,0,0,0,0,0,One year,0,Mailed check,20,211.95,0.657462196
8085-MSNLK,0,Female,0,1,0,62,1,1,Fiber optic,1,1,1,1,1,1,Two year,0,Mailed check,113.95,6891.4,3.745890861
8086-OVPWV,1,Male,0,0,0,2,1,0,Fiber optic,0,0,0,0,0,1,Month-to-month,1,Electronic check,80.2,181.1,2.636423406
8087-LGYHQ,0,Male,0,0,0,9,1,0,Fiber optic,0,0,1,0,1,1,Month-to-month,1,Electronic check,94.05,811.65,3.091715976
8089-UZWLX,0,Female,1,0,0,71,1,1,Fiber optic,0,0,1,0,1,1,Two year,0,Bank transfer (automatic),104.05,7413.55,3.420447074
8091-TTVAX,0,Male,0,1,0,58,1,1,Fiber optic,0,0,1,0,1,1,One year,0,Credit card (automatic),100.35,5681.1,3.298816568
8092-NLTGF,0,Male,0,0,0,72,1,1,No,0,0,0,0,0,0,Two year,0,Bank transfer (automatic),24.75,1777.6,0.813609467
8095-WANWK,0,Female,0,0,0,10,1,0,DSL,0,0,0,0,0,0,Month-to-month,0,Mailed check,45.25,428.7,1.487508218
8096-LOIST,0,Female,0,0,0,19,1,0,DSL,0,0,0,0,0,1,Month-to-month,1,Electronic check,56.2,1093.4,1.847468771
8097-OMULG,0,Male,0,1,1,59,1,0,DSL,0,1,1,1,1,1,One year,0,Credit card (automatic),76.75,4541.9,2.523011177
8097-VBQTZ,0,Male,0,0,0,54,1,0,DSL,1,1,0,1,1,0,Month-to-month,1,Mailed check,69.9,3883.3,2.297830375
8098-LLAZX,1,Female,1,0,0,4,1,1,Fiber optic,0,0,0,0,1,1,Month-to-month,1,Electronic check,95.45,396.1,3.13773833
8098-TDCBU,0,Female,0,1,0,42,1,1,No,0,0,0,0,0,0,Two year,0,Electronic check,25.25,1108.2,0.830046022
8099-MZPUJ,0,Male,0,1,1,48,1,1,Fiber optic,1,1,1,1,1,1,Two year,0,Credit card (automatic),111.8,5443.65,3.675213675
8100-HZZLJ,0,Female,0,0,1,43,1,0,DSL,1,1,0,0,0,1,Month-to-month,1,Electronic check,63.95,2737.05,2.102235371
8100-PNJMH,0,Male,0,1,1,68,1,1,DSL,1,1,1,1,1,1,Two year,1,Credit card (automatic),88.85,6132.7,2.920775805
8104-OSKWT,0,Female,0,0,0,12,1,1,Fiber optic,1,0,0,0,0,0,Month-to-month,1,Electronic check,79.8,1001.2,2.623274162
8106-GWQOK,0,Male,0,1,0,38,0,0,DSL,1,1,0,1,1,1,Two year,1,Bank transfer (automatic),60,2193.2,1.972386588
8107-KNCIM,0,Male,1,1,0,14,1,1,Fiber optic,0,0,0,0,0,0,Month-to-month,1,Electronic check,75.1,1013.35,2.468770546
8107-RZLNV,0,Male,0,1,0,72,1,1,Fiber optic,0,1,1,0,1,1,Two year,1,Bank transfer (automatic),106.3,7565.35,3.494411571
8108-UXRQN,0,Female,0,1,1,11,0,0,DSL,1,0,0,0,1,1,Month-to-month,0,Electronic check,50.55,565.35,1.6617357
8109-YUOHE,0,Male,0,0,0,17,1,0,DSL,1,1,0,0,0,0,One year,0,Mailed check,56.1,946.95,1.84418146
8111-BKVDS,0,Female,0,0,0,10,0,0,DSL,1,1,1,0,0,0,Month-to-month,0,Bank transfer (automatic),40.7,449.3,1.337935569
8111-RKSPX,1,Male,0,0,0,4,1,1,Fiber optic,0,0,0,0,0,0,Month-to-month,1,Bank transfer (automatic),72.2,305.55,2.373438527
8111-SLLHI,1,Male,1,1,0,39,1,1,Fiber optic,0,1,1,0,1,1,Month-to-month,1,Electronic check,105.65,4284.8,3.47304405
8118-LSUEL,1,Male,1,0,0,23,1,1,Fiber optic,0,1,1,0,1,1,Month-to-month,1,Electronic check,106.4,2483.5,3.497698882
8118-TJAFG,0,Male,0,1,1,9,1,0,Fiber optic,0,1,0,1,1,1,Month-to-month,1,Electronic check,101.5,906.85,3.336620644
8120-JDCAM,0,Male,0,1,1,4,1,0,Fiber optic,0,0,0,0,0,0,Month-to-month,1,Mailed check,69.55,284.9,2.286324786
8123-QBNAZ,0,Female,0,1,1,36,1,1,Fiber optic,1,0,1,0,1,1,Month-to-month,1,Credit card (automatic),104.5,3684.95,3.435239974
8124-NZVGJ,0,Female,0,0,0,6,0,0,DSL,0,0,0,1,1,1,One year,1,Mailed check,49.25,255.6,1.619000657
8125-QPFJD,0,Female,0,1,0,72,1,1,DSL,1,0,1,1,1,1,Two year,1,Bank transfer (automatic),84.9,6065.3,2.790927022
8128-YVJRG,1,Female,0,0,0,7,1,1,Fiber optic,1,0,0,0,0,0,Month-to-month,1,Mailed check,79.65,604.7,2.618343195
8129-GMVGI,0,Female,0,1,1,56,1,0,No,0,0,0,0,0,0,Two year,0,Mailed check,20.05,1090.1,0.659105851
8132-YPVBX,0,Female,0,0,0,6,1,0,Fiber optic,0,1,0,0,0,1,Month-to-month,1,Mailed check,85.95,514.6,2.825443787
8133-ANHHJ,0,Female,1,0,0,49,1,1,Fiber optic,1,1,1,1,0,1,One year,0,Bank transfer (automatic),103,5166.2,3.385930309
8138-EALND,0,Male,0,0,0,15,1,0,No,0,0,0,0,0,0,Month-to-month,0,Mailed check,19.75,311.6,0.649243918
8143-ETQTI,0,Female,0,1,1,23,1,0,No,0,0,0,0,0,0,Two year,1,Mailed check,19.65,451.55,0.645956607
8144-DGHXP,0,Female,0,0,0,54,1,0,DSL,1,0,1,1,1,1,Two year,0,Electronic check,80.6,4299.95,2.64957265
8146-QQKZH,0,Female,0,1,0,71,1,0,DSL,1,0,1,1,1,1,Two year,0,Bank transfer (automatic),81.85,5924.4,2.690664037
8148-BPLZQ,0,Male,0,0,0,34,1,0,DSL,0,1,0,0,0,0,Month-to-month,1,Electronic check,49.8,1734.2,1.637080868
8148-NLEGT,0,Female,0,1,1,42,1,1,No,0,0,0,0,0,0,Two year,0,Electronic check,22.95,1014.25,0.75443787
8148-WOCMK,0,Male,0,1,1,8,1,0,No,0,0,0,0,0,0,Two year,0,Credit card (automatic),19.6,125,0.644312952
8149-AIQCG,0,Male,0,0,0,39,1,1,Fiber optic,0,0,0,0,0,0,Month-to-month,1,Credit card (automatic),73.15,2730.85,2.404667982
8149-RSOUN,1,Female,0,0,0,1,1,1,Fiber optic,0,0,0,0,1,1,Month-to-month,1,Electronic check,93.85,93.85,3.085141354
8150-QUDFX,0,Male,0,0,0,2,1,0,No,0,0,0,0,0,0,Month-to-month,0,Mailed check,19.85,51.6,0.652531229
8152-UOBNY,0,Female,1,0,0,50,1,1,Fiber optic,0,1,0,1,1,1,One year,1,Electronic check,106.8,5347.95,3.510848126
8152-VETUR,0,Female,0,1,0,72,1,1,Fiber optic,0,1,0,0,1,1,Two year,1,Credit card (automatic),97.7,6869.7,3.211702827
8155-IBNHG,1,Female,0,1,0,24,1,1,Fiber optic,0,0,0,0,0,0,Month-to-month,1,Credit card (automatic),75.4,1747.85,2.478632479
8158-WPEZG,0,Male,0,0,0,11,0,0,DSL,0,1,0,1,0,0,Month-to-month,1,Electronic check,35.65,425.1,1.171926364
8160-HOWOX,0,Female,0,0,0,7,1,0,DSL,0,0,0,0,1,1,Month-to-month,1,Electronic check,66.85,458.1,2.19756739
8161-QYMTT,0,Male,0,0,0,7,1,1,Fiber optic,0,0,0,0,1,1,Month-to-month,1,Electronic check,94.1,701.3,3.093359632
8164-OCKUJ,0,Female,0,1,1,59,1,0,No,0,0,0,0,0,0,Two year,0,Mailed check,20.6,1286,0.677186062
8165-CBKXO,0,Male,0,1,1,66,0,0,DSL,0,1,1,0,1,1,Two year,1,Credit card (automatic),56.75,3708.4,1.865548981
8165-ZJRNM,0,Female,0,1,1,72,1,1,No,0,0,0,0,0,0,Two year,0,Bank transfer (automatic),23.75,1679.25,0.780736358
8166-ORCHU,0,Male,1,1,0,33,1,0,Fiber optic,1,1,0,1,0,1,One year,1,Electronic check,93.55,3055.5,3.075279421
8166-ZZTFS,1,Female,1,1,0,66,1,1,DSL,0,1,1,0,1,1,Two year,1,Bank transfer (automatic),80.55,5265.1,2.647928994
8167-GJLRN,0,Male,0,0,0,3,0,0,DSL,0,0,0,1,0,0,Month-to-month,0,Electronic check,30.4,82.15,0.999342538
8168-UQWWF,1,Female,0,0,0,11,1,1,Fiber optic,0,0,1,0,1,1,Month-to-month,1,Bank transfer (automatic),97.85,1105.4,3.216633794
8169-SAEJD,0,Male,1,1,0,69,0,0,DSL,1,1,0,0,1,1,Two year,0,Credit card (automatic),56.55,3952.65,1.858974359
8173-RXAYP,0,Female,0,1,1,24,1,0,No,0,0,0,0,0,0,Two year,0,Mailed check,19.7,452.55,0.647600263
8174-LNWMW,0,Female,0,0,0,31,1,0,No,0,0,0,0,0,0,Two year,0,Credit card (automatic),20.9,689.35,0.687047995
8174-TBVCF,0,Female,0,1,0,70,1,1,DSL,1,1,1,1,1,1,Two year,1,Credit card (automatic),94.8,6859.05,3.116370809
8178-EYZUO,1,Male,0,0,0,46,1,1,Fiber optic,1,1,0,0,0,1,Month-to-month,1,Electronic check,93.7,4154.8,3.080210388
8180-AKMJV,0,Female,0,0,0,1,1,0,DSL,0,0,0,0,0,0,Month-to-month,1,Credit card (automatic),44.55,44.55,1.464497041
8181-YHCMF,0,Female,0,1,1,68,0,0,DSL,0,1,1,1,1,1,Two year,0,Credit card (automatic),60.3,4109,1.982248521
8182-BJDSI,1,Female,0,0,0,28,1,1,Fiber optic,0,1,0,0,0,1,Month-to-month,1,Electronic check,89.95,2625.55,2.956936226
8182-PNAGI,1,Male,0,0,0,12,1,0,DSL,0,0,0,1,0,0,Month-to-month,0,Bank transfer (automatic),50.25,593.75,1.651873767
8183-ONMXC,1,Female,0,0,0,2,1,0,Fiber optic,0,0,0,0,0,1,Month-to-month,0,Electronic check,80.75,159.45,2.654503616
8184-WMOFI,0,Male,0,1,1,62,1,0,DSL,1,0,1,1,0,1,One year,0,Credit card (automatic),71.4,4487.3,2.347140039
8185-UPYBR,1,Male,0,1,0,6,1,1,Fiber optic,0,0,0,0,0,0,Month-to-month,1,Electronic check,75.5,438,2.48191979
8189-DUKMV,0,Female,0,1,0,4,1,0,No,0,0,0,0,0,0,One year,0,Bank transfer (automatic),20.5,79.05,0.673898751
8189-HBVRW,0,Female,0,0,0,53,1,1,Fiber optic,1,1,1,0,0,0,Month-to-month,0,Electronic check,90.8,4921.2,2.984878369
8189-XRIKE,0,Female,1,0,0,32,1,0,Fiber optic,0,0,0,0,1,1,Month-to-month,0,Electronic check,90.95,2897.95,2.989809336
8190-ZTQFB,0,Male,0,0,0,41,0,0,DSL,0,0,1,0,1,1,One year,1,Electronic check,51.35,2075.1,1.688034188
8191-XWSZG,0,Female,0,0,0,52,1,0,No,0,0,0,0,0,0,One year,0,Mailed check,20.65,1022.95,0.678829717
8194-PEEBY,0,Female,0,1,1,24,1,0,No,0,0,0,0,0,0,One year,0,Mailed check,19.9,533.5,0.654174885
8197-BFWVU,0,Female,0,1,1,72,1,1,DSL,1,1,1,1,1,1,Two year,1,Bank transfer (automatic),93.25,6688.95,3.065417488
8198-RKSZG,0,Female,0,1,1,14,1,1,DSL,0,1,0,1,1,1,Month-to-month,0,Credit card (automatic),80.45,1137.05,2.644641683
8199-ZLLSA,1,Male,0,0,0,67,1,1,Fiber optic,1,1,1,1,1,1,One year,1,Bank transfer (automatic),118.35,7804.15,3.890532544
8200-KLNYW,0,Female,0,1,0,21,1,0,DSL,1,0,1,1,1,1,One year,0,Mailed check,80.9,1714.95,2.659434583
8200-LGKSR,0,Male,0,1,0,71,1,1,DSL,1,0,1,1,1,1,Two year,0,Electronic check,83.2,6126.1,2.735042735
8201-AAXCB,0,Male,0,1,1,25,1,1,DSL,0,0,0,0,1,0,Month-to-month,0,Electronic check,60.35,1404.65,1.983892176
8203-XJZRC,0,Male,0,0,0,1,1,0,No,0,0,0,0,0,0,Month-to-month,0,Mailed check,20.25,20.25,0.665680473
8204-TIFGJ,0,Female,0,0,0,23,1,0,No,0,0,0,0,0,0,Month-to-month,1,Bank transfer (automatic),20.3,470.6,0.667324129
8204-YJCLA,0,Male,1,1,1,72,0,0,DSL,1,1,1,1,1,1,Two year,1,Bank transfer (automatic),64.8,4732.35,2.130177515
8205-MQUGY,0,Male,0,1,1,12,1,0,DSL,1,0,0,0,0,0,Month-to-month,1,Electronic check,49.2,571.15,1.617357002
8205-OTCHB,1,Male,0,0,0,22,0,0,DSL,0,1,1,0,0,1,One year,1,Bank transfer (automatic),43.75,903.6,1.438198554
8205-VSLRB,0,Male,0,1,0,70,1,1,DSL,1,0,1,1,0,1,Two year,0,Credit card (automatic),77.3,5498.2,2.541091387
8207-DMRVL,0,Male,0,1,1,72,1,1,Fiber optic,1,1,1,1,1,1,Two year,0,Bank transfer (automatic),114.55,8306.05,3.765614727
8207-VVMYB,0,Female,0,1,0,70,1,1,No,0,0,0,0,0,0,Two year,1,Bank transfer (automatic),26,2006.95,0.854700855
8208-EUMTE,0,Male,0,0,0,16,0,0,DSL,1,1,1,1,1,0,Two year,0,Mailed check,54.85,916.15,1.803090072
8212-CRQXP,0,Female,0,1,0,22,1,0,Fiber optic,0,0,0,0,1,0,Month-to-month,1,Credit card (automatic),80,1706.45,2.629848784
8212-DJRCH,0,Male,0,1,1,5,1,0,Fiber optic,1,0,1,0,0,1,Month-to-month,1,Mailed check,90.35,434.5,2.97008547
8213-TAZPM,0,Female,0,1,1,69,1,1,Fiber optic,0,1,1,1,1,1,One year,1,Bank transfer (automatic),108.75,7493.05,3.57495069
8215-NGSPE,0,Female,0,1,1,42,1,0,No,0,0,0,0,0,0,Two year,0,Mailed check,20,833.55,0.657462196
8216-AZUUZ,0,Female,0,1,1,42,1,0,Fiber optic,0,0,1,1,1,1,Two year,1,Electronic check,100.4,4303.65,3.300460224
8217-QYOHV,0,Male,0,0,0,5,1,0,DSL,1,0,0,1,0,0,Month-to-month,1,Mailed check,55.75,266.95,1.832675871
8218-FFJDS,0,Female,0,1,0,72,1,1,DSL,1,1,0,1,1,1,Two year,1,Bank transfer (automatic),86.4,6058.95,2.840236686
8219-VYBVI,0,Male,0,0,1,39,1,1,No,0,0,0,0,0,0,Two year,0,Mailed check,25,1004.35,0.821827745
8220-OCUFY,0,Female,0,0,0,21,1,0,DSL,1,0,1,1,0,0,One year,1,Electronic check,60.25,1258.35,1.980604865
8221-EQDGL,0,Male,0,1,0,35,1,0,DSL,1,1,1,0,0,0,Month-to-month,0,Mailed check,61,2130.45,2.005259698
8221-HVAYI,0,Male,0,1,1,35,1,1,DSL,1,1,1,1,0,0,Two year,1,Credit card (automatic),69.15,2490.15,2.273175542
8224-DWCKX,0,Male,1,0,0,12,1,1,Fiber optic,0,0,0,0,0,0,Month-to-month,1,Credit card (automatic),73.3,828.05,2.409598948
8224-IVVPA,0,Female,0,0,0,27,1,0,DSL,1,1,0,0,0,0,Month-to-month,1,Mailed check,56.7,1652.95,1.863905325
8224-KDLKN,0,Male,0,1,1,72,1,1,No,0,0,0,0,0,0,Two year,0,Bank transfer (automatic),25,1738.9,0.821827745
8224-UAXBZ,0,Female,0,1,0,58,0,0,DSL,1,1,0,0,1,0,One year,1,Electronic check,45.35,2540.1,1.490795529
8225-BTJAU,1,Male,1,0,0,10,1,0,Fiber optic,0,0,0,0,0,1,Month-to-month,1,Electronic check,79.25,793.55,2.605193951
8226-BXGES,0,Male,0,1,0,64,1,1,Fiber optic,1,1,1,0,0,0,One year,0,Bank transfer (automatic),89.45,5692.65,2.940499671
8229-BUJHX,0,Female,0,1,1,71,1,0,No,0,0,0,0,0,0,Two year,0,Bank transfer (automatic),20.5,1500.95,0.673898751
8229-MYEJZ,0,Female,0,0,0,10,1,0,DSL,0,1,0,0,0,0,Month-to-month,0,Electronic check,51.2,498.25,1.683103222
8229-TNIQA,1,Female,0,0,0,4,1,0,DSL,0,0,0,0,0,0,Month-to-month,1,Mailed check,45.3,196.95,1.489151874
8231-BSWXX,0,Male,0,0,0,71,1,1,Fiber optic,0,1,0,0,0,0,One year,1,Credit card (automatic),79.05,5552.5,2.598619329
8232-CTLKO,0,Female,0,1,1,66,1,0,DSL,1,0,0,0,1,0,Two year,1,Electronic check,59.75,3996.8,1.96416831
8232-UTFOZ,0,Male,0,0,0,69,1,0,No,0,0,0,0,0,0,Two year,0,Credit card (automatic),19.95,1399.35,0.65581854
8234-GSZYK,0,Male,0,0,0,43,1,1,No,0,0,0,0,0,0,Two year,0,Bank transfer (automatic),26.45,1110.05,0.869493754
8237-ULIXL,0,Female,0,1,0,72,1,1,No,0,0,0,0,0,0,Two year,0,Credit card (automatic),24.85,1871.85,0.816896778
8241-JUIQO,0,Female,0,0,0,61,1,0,No,0,0,0,0,0,0,One year,0,Bank transfer (automatic),19.45,1336.35,0.639381986
8242-JSVBO,0,Male,0,0,0,7,1,0,DSL,0,0,0,0,0,0,Month-to-month,1,Bank transfer (automatic),44.65,322.5,1.467784352
8242-PDSGJ,0,Male,0,1,0,70,0,0,DSL,1,0,1,1,0,0,Two year,1,Credit card (automatic),39.15,2692.75,1.286982249
8242-SOQUO,0,Female,1,0,0,5,1,0,Fiber optic,0,1,0,0,1,0,Month-to-month,1,Electronic check,84.7,392.5,2.7843524
8245-UMPYT,1,Female,1,0,0,16,1,1,Fiber optic,0,0,0,0,1,1,Month-to-month,1,Electronic check,96.4,1581.2,3.168967784
8246-SHFGA,0,Male,0,0,0,17,1,0,No,0,0,0,0,0,0,Month-to-month,0,Credit card (automatic),21.1,385.55,0.693622617
8249-THVEC,0,Male,0,1,1,51,1,0,No,0,0,0,0,0,0,One year,0,Mailed check,19.4,997.75,0.63773833
8250-ZNGGW,0,Female,1,0,0,5,1,0,DSL,1,1,0,1,0,0,Month-to-month,0,Credit card (automatic),59.9,287.85,1.969099277
8257-RZAHR,1,Female,0,1,0,14,1,1,DSL,1,0,0,0,1,0,Month-to-month,1,Bank transfer (automatic),64.7,941,2.126890204
8258-GSTJK,1,Male,1,0,0,3,1,1,Fiber optic,0,0,0,0,0,0,Month-to-month,1,Electronic check,77,237.75,2.531229454
8259-DZLIZ,0,Female,0,1,1,64,1,1,DSL,0,1,0,0,0,0,One year,1,Bank transfer (automatic),53.85,3399.85,1.770216963
8259-NFJTV,0,Female,0,1,1,7,0,0,DSL,1,0,0,1,0,0,Month-to-month,0,Mailed check,34.65,246.6,1.139053254
8260-NGFNY,1,Female,0,0,0,1,0,0,DSL,0,0,0,0,0,0,Month-to-month,0,Mailed check,25.2,25.2,0.828402367
8261-GWDBQ,0,Female,1,1,0,60,1,1,Fiber optic,1,1,1,1,1,1,Two year,1,Bank transfer (automatic),116.05,6925.9,3.814924392
8262-COGGB,0,Male,0,0,0,1,1,0,No,0,0,0,0,0,0,Month-to-month,1,Mailed check,20.45,20.45,0.672255095
8263-JQAIK,1,Male,1,0,0,2,0,0,DSL,0,0,0,0,0,0,Month-to-month,1,Mailed check,24.45,47.5,0.803747535
8263-OKETD,0,Female,0,0,0,20,1,1,DSL,0,1,0,1,0,1,Month-to-month,1,Credit card (automatic),68.9,1370.35,2.264957265
8263-QMNTJ,0,Male,0,1,0,72,1,1,Fiber optic,1,1,1,1,1,1,Two year,1,Electronic check,115.55,8425.3,3.798487837
8265-HKSOW,0,Female,0,1,1,72,1,1,Fiber optic,1,1,1,1,0,1,Two year,0,Credit card (automatic),107.45,7658.3,3.532215648
8266-VBFQL,0,Male,0,0,0,4,1,0,Fiber optic,0,0,1,1,0,1,Month-to-month,1,Electronic check,90.4,356.65,2.971729126
8267-KFGYD,0,Male,0,0,1,1,1,0,No,0,0,0,0,0,0,Month-to-month,1,Mailed check,21.05,21.05,0.691978961
8267-ZNYVZ,1,Female,0,1,0,33,1,0,Fiber optic,1,0,1,1,1,1,One year,1,Electronic check,103.75,3361.05,3.410585141
8268-YDIXR,0,Male,0,1,0,56,1,1,Fiber optic,1,1,1,0,0,0,One year,1,Electronic check,93.15,5253.95,3.062130178
8270-RKSAP,0,Male,0,0,0,9,1,0,Fiber optic,0,0,0,0,0,0,Month-to-month,1,Electronic check,70.5,597.9,2.317554241
8272-ONJLV,0,Male,0,0,0,12,1,0,Fiber optic,0,0,1,0,1,1,One year,0,Electronic check,95.7,1184,3.145956607
8276-MQBYC,1,Male,1,0,0,51,1,1,Fiber optic,0,0,1,0,1,1,Month-to-month,1,Electronic check,97.8,4913.3,3.214990138
8277-RVRSV,0,Female,0,1,1,33,1,1,No,0,0,0,0,0,0,One year,0,Credit card (automatic),24.15,800.3,0.793885602
8280-MQRQN,1,Female,0,0,0,1,1,0,DSL,0,0,1,0,0,0,Month-to-month,1,Mailed check,50.45,50.45,1.658448389
8285-ABVLB,0,Female,0,1,0,70,1,0,No,0,0,0,0,0,0,Two year,0,Credit card (automatic),19.85,1328.35,0.652531229
8286-AFUYI,0,Male,0,0,0,1,1,0,DSL,1,0,0,0,0,0,Month-to-month,0,Electronic check,47.95,47.95,1.576265615
8290-YWKHZ,1,Female,1,1,0,32,1,1,Fiber optic,0,0,0,0,1,1,Month-to-month,1,Electronic check,93.2,2931,3.063773833
8292-FRFZQ,0,Female,0,0,0,39,0,0,DSL,1,1,0,1,0,0,One year,0,Bank transfer (automatic),41.15,1700.9,1.352728468
8292-ITGYJ,0,Female,0,1,1,45,1,1,No,0,0,0,0,0,0,Two year,1,Bank transfer (automatic),24.65,1138.8,0.810322156
8292-TYSPY,1,Male,0,0,0,19,1,0,DSL,0,0,1,1,0,0,Month-to-month,1,Credit card (automatic),55,1046.5,1.808021039
8294-UIMBA,0,Female,0,0,0,30,1,0,Fiber optic,0,0,0,1,1,1,One year,1,Bank transfer (automatic),94.4,2638.1,3.103221565
8295-FHIVV,0,Male,0,0,0,7,1,0,No,0,0,0,0,0,0,Month-to-month,1,Mailed check,19.4,168.65,0.63773833
8295-KMENE,0,Female,0,1,1,59,1,1,DSL,1,0,1,1,1,0,Two year,1,Mailed check,76.45,4519.5,2.513149244
8305-VHZBZ,1,Male,0,0,0,1,1,0,No,0,0,0,0,0,0,Month-to-month,1,Mailed check,20.2,20.2,0.664036818
8309-IEYJD,0,Female,1,0,0,1,1,0,Fiber optic,0,0,0,0,0,0,Month-to-month,1,Mailed check,70.6,70.6,2.320841552
8309-PPCED,0,Female,0,1,0,72,1,1,Fiber optic,0,1,1,1,1,1,Two year,1,Bank transfer (automatic),110.45,7982.5,3.630834977
8311-UEUAB,0,Female,0,1,1,67,1,1,DSL,1,0,0,0,1,1,Two year,1,Electronic check,75.5,5229.45,2.48191979
8313-AFGBW,0,Male,0,1,0,47,1,0,DSL,0,1,1,0,1,1,Two year,0,Electronic check,73.6,3522.65,2.419460881
8313-KTIHG,0,Male,0,0,0,4,1,0,DSL,0,0,0,1,1,0,Month-to-month,1,Electronic check,61.3,249.4,2.015121631
8313-NDOIA,0,Female,0,0,0,24,1,1,Fiber optic,0,1,1,0,1,1,Month-to-month,1,Electronic check,104.15,2494.65,3.423734385
8314-DPQHL,0,Male,0,0,0,9,0,0,DSL,1,0,1,1,0,1,One year,0,Mailed check,50.8,463.6,1.669953978
8314-HTWVE,0,Female,0,1,1,7,1,0,No,0,0,0,0,0,0,Two year,0,Mailed check,19.85,144.15,0.652531229
8316-BBQAY,0,Female,0,0,0,65,0,0,DSL,1,0,1,1,1,1,Two year,0,Credit card (automatic),59.95,3921.1,1.970742932
8317-BVKSO,0,Male,0,0,0,14,1,0,No,0,0,0,0,0,0,Month-to-month,1,Electronic check,20.05,299.3,0.659105851
8318-LCNBW,0,Male,0,1,0,35,0,0,DSL,1,0,1,0,1,1,One year,0,Credit card (automatic),53.15,1930.9,1.747205786
8319-QBEHW,0,Male,0,0,1,26,0,0,DSL,0,1,0,0,1,0,One year,1,Bank transfer (automatic),39.95,1023.75,1.313280736
8325-QRPZR,0,Female,0,0,0,7,1,0,Fiber optic,0,0,1,0,0,0,Month-to-month,1,Electronic check,75.15,525,2.470414201
8327-LZKAS,1,Female,1,1,0,43,1,1,Fiber optic,0,0,1,1,1,1,One year,1,Electronic check,107.55,4533.9,3.535502959
8327-WKMIE,0,Male,0,0,0,37,1,0,No,0,0,0,0,0,0,One year,0,Credit card (automatic),20.15,785.75,0.662393162
8328-SKJNO,0,Male,0,0,1,23,0,0,DSL,1,1,0,1,0,0,One year,0,Bank transfer (automatic),40.65,947.4,1.336291913
8329-GWVPJ,0,Female,0,1,1,50,1,0,Fiber optic,0,0,0,0,0,0,Month-to-month,1,Bank transfer (automatic),69.75,3557.7,2.292899408
8329-IBCTI,1,Female,0,0,0,1,1,0,No,0,0,0,0,0,0,Month-to-month,0,Mailed check,19.65,19.65,0.645956607
8329-UTMVM,0,Male,1,0,0,27,1,1,Fiber optic,0,1,0,1,1,1,One year,1,Bank transfer (automatic),104.65,2964,3.44017094
8331-ZXFOE,0,Female,0,0,0,58,1,1,DSL,1,1,1,1,0,0,One year,1,Credit card (automatic),71.1,4299.2,2.337278107
8332-OSJDW,0,Male,0,1,1,12,1,1,No,0,0,0,0,0,0,One year,0,Mailed check,26.4,314.95,0.867850099
8336-TAVKX,0,Female,1,1,0,72,1,1,DSL,1,1,1,1,0,1,Two year,0,Bank transfer (automatic),78.45,5682.25,2.578895464
8337-MSSXB,1,Female,0,0,0,14,1,0,Fiber optic,0,1,0,0,0,1,Month-to-month,1,Electronic check,86.3,1180.95,2.836949375
8337-UPOAQ,1,Male,1,1,0,10,1,1,Fiber optic,0,0,1,0,0,1,Month-to-month,1,Electronic check,89.8,914.3,2.95200526
8338-QIUNR,0,Male,0,1,1,72,1,1,DSL,1,0,1,1,0,0,Two year,1,Credit card (automatic),66.5,4811.6,2.186061801
8344-WFMFH,0,Male,0,0,1,9,1,0,DSL,0,1,0,0,0,0,Month-to-month,1,Electronic check,50.1,484.05,1.646942801
8345-MVDYC,0,Female,0,0,0,45,1,0,DSL,1,0,1,1,1,1,Two year,0,Bank transfer (automatic),81.65,3618.7,2.684089415
8347-GDTMP,0,Female,0,1,0,64,1,0,No,0,0,0,0,0,0,Two year,0,Credit card (automatic),19.45,1225.65,0.639381986
8348-HFYIV,1,Male,0,0,0,2,0,0,DSL,0,0,1,0,1,1,Month-to-month,1,Electronic check,49.25,90.35,1.619000657
8348-JLBUG,0,Male,1,1,0,64,1,0,Fiber optic,1,0,1,0,0,0,One year,0,Credit card (automatic),80.3,5017.7,2.639710717
8350-NYMVI,0,Female,0,0,0,39,0,0,DSL,0,1,1,1,0,0,Month-to-month,0,Bank transfer (automatic),41.1,1597.05,1.351084813
8356-WUAOJ,0,Female,0,1,0,1,1,0,DSL,0,0,0,0,0,0,Month-to-month,1,Electronic check,45,45,1.479289941
8357-EQXFO,1,Female,0,0,0,7,1,0,Fiber optic,0,0,1,0,1,1,Month-to-month,1,Electronic check,95.35,660.9,3.134451019
8361-LBRDI,0,Female,0,0,0,58,1,1,No,0,0,0,0,0,0,Two year,0,Credit card (automatic),24.35,1423.85,0.800460224
8361-LTMKD,1,Male,1,1,0,4,1,1,Fiber optic,0,0,0,0,0,0,Month-to-month,1,Mailed check,74.4,306.6,2.445759369
8364-TRMMK,1,Female,0,0,0,3,1,1,DSL,0,0,0,0,0,0,Month-to-month,1,Mailed check,50.65,151.3,1.665023011
8372-JUXUI,1,Male,0,0,1,1,1,1,Fiber optic,0,0,0,0,0,0,Month-to-month,1,Electronic check,74.35,74.35,2.444115713
8374-UULRV,0,Male,0,0,0,72,1,1,DSL,1,1,0,1,1,1,Two year,0,Credit card (automatic),86.05,6309.65,2.828731098
8374-XGEJJ,1,Male,1,1,0,43,1,1,Fiber optic,0,1,0,0,1,1,Month-to-month,1,Electronic check,101,4388.4,3.320184089
8375-DKEBR,1,Female,1,0,0,1,1,0,Fiber optic,0,0,0,0,0,0,Month-to-month,1,Electronic check,69.6,69.6,2.287968442
8375-KVTHK,0,Male,0,1,0,68,1,0,Fiber optic,0,1,0,1,1,1,One year,1,Electronic check,100.3,6754.35,3.297172913
8378-LKJAF,0,Male,0,1,1,38,1,1,Fiber optic,0,0,1,0,1,1,Month-to-month,1,Credit card (automatic),101.15,3956.7,3.325115056
8380-MQINP,0,Female,0,1,1,55,1,0,No,0,0,0,0,0,0,Two year,0,Mailed check,20.3,1079.05,0.667324129
8380-PEFPE,1,Male,0,0,1,1,1,0,Fiber optic,0,0,0,0,0,0,Month-to-month,1,Electronic check,71.65,71.65,2.355358317
8382-SHQEH,1,Female,0,1,0,8,1,1,Fiber optic,0,0,0,0,0,1,Month-to-month,1,Electronic check,84.9,764.95,2.790927022
8383-SGHJU,0,Female,0,0,0,33,1,1,DSL,1,0,0,1,0,0,One year,0,Electronic check,59.4,1952.8,1.952662722
8384-FZBJK,0,Female,0,1,1,57,1,1,Fiber optic,0,1,0,0,1,1,Month-to-month,1,Electronic check,100.6,5611.7,3.307034845
8387-MOJJT,1,Female,0,1,1,42,1,0,Fiber optic,0,0,0,0,1,0,Month-to-month,1,Credit card (automatic),77.95,3384,2.562458909
8387-UGUSU,0,Female,0,1,1,15,1,0,No,0,0,0,0,0,0,Month-to-month,0,Mailed check,20.05,284.3,0.659105851
8388-DMKAE,0,Female,0,0,0,8,1,0,No,0,0,0,0,0,0,Two year,0,Mailed check,20.25,174.65,0.665680473
8388-FYNPZ,0,Male,0,0,0,4,1,0,DSL,1,0,1,0,0,0,Month-to-month,0,Electronic check,56.75,245.15,1.865548981
8390-FESFV,0,Female,0,0,0,62,1,1,DSL,0,1,1,1,1,1,Two year,0,Bank transfer (automatic),84.5,5193.2,2.777777778
8393-DLHGA,1,Male,0,0,1,25,1,0,Fiber optic,0,1,0,0,1,1,Month-to-month,1,Electronic check,95.9,2448.75,3.152531229
8393-JMVMB,0,Male,0,0,0,1,1,0,No,0,0,0,0,0,0,Month-to-month,0,Mailed check,19.45,19.45,0.639381986
8395-ETZKQ,0,Male,1,1,1,68,1,0,No,0,0,0,0,0,0,One year,0,Bank transfer (automatic),19.5,1193.55,0.641025641
8397-MVTAZ,1,Male,0,1,0,34,1,1,Fiber optic,0,0,1,0,1,1,Month-to-month,1,Electronic check,100.05,3480,3.288954635
8398-TBIYD,0,Female,0,0,0,72,1,1,Fiber optic,1,0,0,1,0,0,Two year,1,Bank transfer (automatic),84.7,6185.15,2.7843524
8399-YNDCH,1,Male,1,0,0,21,1,0,DSL,0,0,1,0,1,0,Month-to-month,1,Bank transfer (automatic),60.05,1236.15,1.974030243
8400-WZICQ,0,Female,0,1,1,55,1,0,DSL,1,1,0,0,0,0,Month-to-month,0,Electronic check,55.7,3131.8,1.831032216
8401-EMUWF,0,Male,0,1,1,42,1,1,DSL,1,1,0,0,1,0,Month-to-month,1,Bank transfer (automatic),69.4,3058.3,2.28139382
8402-EIVQS,0,Male,0,1,0,67,1,0,Fiber optic,1,1,0,0,1,1,One year,1,Credit card (automatic),100.9,6733.15,3.316896778
8402-OOOHJ,0,Female,0,0,0,41,1,0,No,0,0,0,0,0,0,Two year,0,Mailed check,20.65,835.15,0.678829717
8404-FYDIB,0,Male,0,0,0,26,1,1,Fiber optic,1,1,0,0,0,0,Month-to-month,1,Credit card (automatic),86.65,2208.75,2.848454964
8404-GFGCZ,0,Male,0,1,0,4,1,1,DSL,0,0,1,0,1,0,Month-to-month,0,Electronic check,65.6,250.1,2.156476003
8404-VIOMB,0,Female,0,0,0,66,0,0,DSL,1,1,1,1,1,1,Two year,1,Bank transfer (automatic),62.5,4136.4,2.054569362
8404-VLQFB,0,Female,0,1,1,15,1,1,No,0,0,0,0,0,0,Month-to-month,1,Electronic check,25.25,394.85,0.830046022
8405-IGQFX,0,Female,0,0,0,63,1,0,Fiber optic,0,0,1,1,1,0,One year,1,Credit card (automatic),90.05,5817,2.960223537
8406-LNMHF,0,Male,1,1,0,59,1,0,Fiber optic,1,1,1,0,0,0,One year,1,Credit card (automatic),82.95,4903.15,2.726824458
8409-WQJUX,0,Female,0,0,0,25,0,0,DSL,0,0,1,1,1,1,One year,0,Electronic check,54.2,1423.15,1.781722551
8410-BGQXN,0,Male,0,0,0,4,1,0,No,0,0,0,0,0,0,Month-to-month,0,Mailed check,19.4,93.4,0.63773833
8413-VONUO,1,Male,0,0,0,2,1,0,Fiber optic,0,1,0,0,1,1,Month-to-month,0,Electronic check,95.65,167.3,3.144312952
8413-YNHNV,0,Male,0,0,0,69,1,1,DSL,1,1,1,1,1,1,Two year,0,Mailed check,90.65,6322.1,2.979947403
8414-MYSHR,1,Male,1,0,0,5,1,0,Fiber optic,0,0,0,0,1,1,Month-to-month,1,Electronic check,91.4,449.75,3.004602235
8414-OOEEL,0,Male,0,0,1,66,1,0,DSL,0,1,1,1,1,1,Two year,1,Credit card (automatic),79.5,5196.1,2.613412229
8417-FMLZI,1,Male,0,1,1,6,1,0,Fiber optic,0,1,0,0,0,1,Month-to-month,1,Credit card (automatic),83.55,477.55,2.746548323
8417-GSODA,0,Male,0,1,1,28,1,1,Fiber optic,0,0,0,0,1,1,One year,0,Bank transfer (automatic),92.2,2568.15,3.030900723
8421-WZOOW,0,Female,1,1,1,57,1,0,Fiber optic,0,1,1,1,1,0,Month-to-month,1,Credit card (automatic),95.3,5567.45,3.132807364
8429-XIBUM,1,Male,0,0,0,22,1,1,Fiber optic,1,0,0,0,1,1,Month-to-month,1,Bank transfer (automatic),101.35,2317.1,3.331689678
8430-TWCBX,0,Female,0,1,0,49,1,0,No,0,0,0,0,0,0,One year,0,Credit card (automatic),20.7,1032.05,0.680473373
8433-WPJTV,0,Female,1,1,1,65,1,1,Fiber optic,0,0,1,1,1,1,One year,1,Bank transfer (automatic),103.9,6767.1,3.415516108
8433-WXGNA,1,Male,0,0,0,2,1,0,Fiber optic,1,0,0,0,0,0,Month-to-month,1,Electronic check,75.7,189.2,2.488494412
8434-PNQZX,0,Female,0,0,0,42,1,1,DSL,0,0,1,1,1,1,Two year,1,Credit card (automatic),78.45,3373.4,2.578895464
8434-VGEQQ,0,Male,0,1,1,61,1,0,No,0,0,0,0,0,0,Two year,0,Credit card (automatic),20.55,1305.95,0.675542406
8436-BJUMM,1,Male,0,1,1,26,1,1,Fiber optic,0,0,0,0,1,0,Month-to-month,1,Electronic check,83.75,2070.6,2.753122945
8439-LTUGF,0,Male,0,0,0,10,1,0,No,0,0,0,0,0,0,Month-to-month,1,Credit card (automatic),20,198.6,0.657462196
8441-SHIPE,0,Female,0,0,0,67,1,1,No,0,0,0,0,0,0,Two year,1,Bank transfer (automatic),25.6,1790.35,0.841551611
8443-WVPSS,1,Male,0,1,0,10,1,0,Fiber optic,0,1,0,1,1,1,Month-to-month,1,Electronic check,99.85,990.9,3.282380013
8443-ZRDBZ,1,Male,0,0,0,4,1,1,Fiber optic,0,0,0,0,0,0,Month-to-month,1,Electronic check,76.05,318.9,2.5
8444-WRIDW,1,Female,1,0,0,66,1,1,Fiber optic,0,1,0,0,0,0,Month-to-month,1,Credit card (automatic),80.45,5224.35,2.644641683
8445-DNBAE,0,Male,0,0,1,1,1,1,DSL,0,0,0,0,0,0,Month-to-month,1,Electronic check,50.05,50.05,1.645299145
8450-JOVAH,1,Male,0,1,1,2,1,1,DSL,1,0,0,0,0,0,Month-to-month,0,Mailed check,56.7,113.55,1.863905325
8450-LUGUK,0,Female,0,1,1,37,1,1,No,0,0,0,0,0,0,Two year,1,Bank transfer (automatic),24.1,861.85,0.792241946
8450-UYIBU,0,Female,1,0,0,35,0,0,DSL,0,0,1,0,1,0,Month-to-month,1,Electronic check,39.85,1434.6,1.309993425
8454-AATJP,0,Female,0,0,0,72,1,1,Fiber optic,1,1,1,1,1,1,Two year,0,Credit card (automatic),115.05,8405,3.782051282
8455-HIRAQ,0,Female,0,0,0,8,1,0,DSL,0,0,0,0,0,0,Month-to-month,0,Mailed check,44.45,369.3,1.46120973
8456-QDAVC,0,Male,0,0,0,19,1,0,Fiber optic,0,0,0,0,1,0,Month-to-month,1,Bank transfer (automatic),78.7,1495.1,2.587113741
8457-XIGKN,0,Male,0,0,0,20,1,0,No,0,0,0,0,0,0,Month-to-month,1,Credit card (automatic),19.6,356.15,0.644312952
8461-EFQYM,0,Female,0,0,0,38,1,1,No,0,0,0,0,0,0,One year,1,Electronic check,24.25,914.4,0.797172913
8464-EETCQ,0,Male,0,0,0,57,1,0,No,0,0,0,0,0,0,Two year,0,Credit card (automatic),18.8,1094.35,0.618014464
8465-SBRXP,0,Male,0,1,1,38,1,1,Fiber optic,0,0,1,1,1,0,Two year,1,Bank transfer (automatic),94.9,3616.25,3.11965812
8466-PZBLH,0,Male,0,1,1,67,1,1,Fiber optic,1,0,0,1,1,1,Two year,0,Bank transfer (automatic),104.6,6885.75,3.438527285
8467-WYNSR,0,Male,0,0,0,22,1,0,DSL,1,0,0,1,0,0,Month-to-month,0,Mailed check,55.1,1253.15,1.81130835
8468-EHYJA,0,Female,0,1,0,57,1,1,Fiber optic,1,0,0,0,1,1,Month-to-month,1,Electronic check,99.65,5497.05,3.275805391
8468-FZTOE,0,Female,0,1,1,72,1,0,DSL,1,1,1,1,0,1,Two year,1,Electronic check,74.35,5237.4,2.444115713
8469-SNFFH,0,Male,0,1,0,70,1,1,DSL,1,1,1,1,1,0,One year,0,Bank transfer (automatic),79.4,5528.9,2.610124918
8473-VUVJN,1,Male,1,0,0,1,1,1,Fiber optic,0,0,0,0,0,0,Month-to-month,1,Electronic check,73.65,73.65,2.421104536
8474-UMLNT,0,Female,0,0,0,13,1,0,DSL,1,1,0,1,0,1,Month-to-month,0,Bank transfer (automatic),67.8,842.25,2.228796844
8480-PPONV,0,Male,0,1,1,62,1,1,Fiber optic,1,1,1,1,1,1,Two year,0,Bank transfer (automatic),115.55,7159.05,3.798487837
8481-YYXWG,1,Female,0,0,0,5,1,0,Fiber optic,0,1,0,1,0,1,Month-to-month,1,Electronic check,89.35,461.7,2.93721236
8485-GJCDN,1,Female,1,0,0,5,1,0,Fiber optic,0,0,0,0,0,0,Month-to-month,1,Mailed check,69.05,318.5,2.269888231
8486-AYEQH,0,Female,0,0,0,31,1,1,Fiber optic,0,0,0,0,0,0,Month-to-month,1,Electronic check,76.05,2227.8,2.5
8490-BXHEO,0,Male,1,0,0,18,1,1,Fiber optic,0,1,0,0,0,0,Month-to-month,1,Credit card (automatic),80.55,1411.65,2.647928994
8495-LJDFO,0,Female,1,0,0,64,1,1,Fiber optic,1,0,1,1,1,1,Month-to-month,1,Bank transfer (automatic),108.95,7111.3,3.581525312
8495-PRWFH,0,Female,1,0,0,42,1,1,DSL,0,0,1,0,0,0,Month-to-month,0,Electronic check,55.65,2421.75,1.82938856
8496-DMZUK,0,Male,0,0,0,30,1,1,Fiber optic,1,1,1,0,0,0,One year,0,Bank transfer (automatic),90.4,2820.65,2.971729126
8496-EJAUI,1,Male,0,0,0,19,1,0,Fiber optic,0,1,0,0,0,0,Month-to-month,1,Credit card (automatic),73.85,1424.5,2.427679158
8498-XXGWA,0,Female,0,1,0,65,1,0,DSL,1,0,1,0,0,0,Month-to-month,1,Mailed check,55.15,3673.15,1.812952005
8499-BRXTD,0,Male,0,0,0,18,1,0,No,0,0,0,0,0,0,One year,0,Mailed check,20.1,401.85,0.660749507
8510-AWCXC,1,Female,1,0,0,13,1,1,Fiber optic,1,0,0,0,1,1,Month-to-month,1,Electronic check,100.8,1308.1,3.313609467
8510-BBWMU,0,Female,0,0,0,41,1,0,No,0,0,0,0,0,0,One year,1,Mailed check,19.75,806.95,0.649243918
8510-TMWYB,0,Female,0,1,1,54,1,1,DSL,0,1,1,0,0,0,Two year,1,Bank transfer (automatic),59.8,3246.45,1.965811966
8512-WIWYV,0,Male,0,0,0,32,1,0,No,0,0,0,0,0,0,One year,0,Credit card (automatic),20.35,707.5,0.668967784
8513-OLYGY,0,Male,0,1,0,72,1,1,Fiber optic,1,1,1,1,1,1,Two year,0,Credit card (automatic),115.8,8332.15,3.806706114
8514-VZHEB,0,Male,0,1,1,59,1,0,No,0,0,0,0,0,0,Two year,0,Mailed check,19.5,1147.85,0.641025641
8515-OCTJS,1,Female,0,0,0,25,1,1,No,0,0,0,0,0,0,Two year,0,Credit card (automatic),24.75,692.1,0.813609467
8519-IMDHU,1,Male,1,1,0,15,1,1,Fiber optic,0,0,0,0,0,1,Month-to-month,1,Bank transfer (automatic),85.6,1345.55,2.813938199
8519-QJGJD,1,Female,0,0,0,14,1,0,Fiber optic,0,0,1,0,0,0,Month-to-month,0,Electronic check,75.35,1025.95,2.476988823
8532-UEFWH,0,Male,0,1,1,52,1,1,No,0,0,0,0,0,0,Two year,0,Mailed check,25.75,1345.85,0.846482577
8535-SFUTN,0,Male,0,0,0,61,1,1,Fiber optic,1,0,1,0,1,1,Month-to-month,1,Electronic check,106.45,6300.15,3.499342538
8540-ZQGEA,0,Female,0,1,0,54,1,0,No,0,0,0,0,0,0,Two year,0,Credit card (automatic),20.05,1102.4,0.659105851
8541-QVFKM,0,Female,0,0,0,8,1,1,Fiber optic,0,0,0,0,0,0,Month-to-month,1,Electronic check,73.5,632.2,2.41617357
8543-MSDMF,0,Male,0,0,0,3,1,0,DSL,1,0,1,0,1,1,Month-to-month,1,Electronic check,77.4,206.15,2.544378698
8544-GOQSH,0,Female,0,0,0,14,1,0,Fiber optic,0,1,0,1,0,0,Month-to-month,1,Credit card (automatic),80.05,1112.3,2.631492439
8544-JNBOX,0,Male,0,0,0,72,1,0,No,0,0,0,0,0,0,Two year,1,Mailed check,20.8,1521.2,0.683760684
8547-NSBBO,0,Male,0,0,0,35,1,1,Fiber optic,1,1,1,1,0,0,Month-to-month,1,Mailed check,96.75,3403.4,3.180473373
8548-AWOFC,0,Male,0,1,0,66,1,1,DSL,0,0,0,1,0,1,Month-to-month,0,Electronic check,63.85,4264.6,2.09894806
8550-XSXUQ,0,Male,0,1,0,48,1,1,DSL,0,1,1,0,0,1,One year,1,Credit card (automatic),70.55,3420.5,2.319197896
8552-OBVRU,0,Female,1,1,1,48,1,0,Fiber optic,1,0,1,1,1,1,Month-to-month,1,Electronic check,104.5,5068.05,3.435239974
8559-CIZFV,1,Male,0,1,1,21,1,1,DSL,1,1,0,1,1,0,One year,0,Mailed check,77.5,1625,2.547666009
8559-WNQZS,0,Male,0,0,0,1,1,0,No,0,0,0,0,0,0,Two year,0,Mailed check,20.45,20.45,0.672255095
8561-NMTBD,0,Female,0,1,1,67,1,1,Fiber optic,0,1,1,1,1,1,One year,1,Credit card (automatic),112.35,7388.45,3.693293886
8562-GHPPI,0,Female,0,0,0,1,1,0,No,0,0,0,0,0,0,Month-to-month,0,Credit card (automatic),19.8,19.8,0.650887574
8563-IIOXK,1,Male,0,1,1,7,1,0,DSL,1,0,0,0,0,0,One year,1,Electronic check,49.75,331.3,1.635437212
8563-OYMQY,0,Male,0,0,0,17,1,0,Fiber optic,0,1,1,0,0,1,Month-to-month,1,Credit card (automatic),90.95,1612.2,2.989809336
8564-LDKFL,0,Male,0,1,0,40,1,1,Fiber optic,0,1,1,0,1,1,One year,1,Bank transfer (automatic),106,4178.65,3.484549638
8565-CLBZW,1,Male,0,0,0,24,1,1,Fiber optic,0,0,1,0,1,0,Month-to-month,1,Mailed check,89.85,2165.05,2.953648915
8565-HBFNN,0,Male,0,1,0,69,1,1,Fiber optic,1,1,1,1,0,1,One year,1,Credit card (automatic),107.2,7317.1,3.52399737
8565-WUXZU,0,Male,1,1,0,72,1,0,Fiber optic,1,1,0,1,0,0,Two year,1,Credit card (automatic),84.8,6141.65,2.787639711
8566-YPRGL,0,Female,0,0,0,1,1,0,No,0,0,0,0,0,0,Month-to-month,1,Mailed check,19.5,19.5,0.641025641
8570-KLJYJ,0,Female,0,0,0,36,1,1,DSL,1,0,0,0,0,0,One year,0,Mailed check,54.45,1893.5,1.789940828
8571-ZCMCX,0,Female,0,1,1,47,0,0,DSL,1,1,1,0,1,1,Two year,1,Credit card (automatic),60,2768.65,1.972386588
8573-CGOCC,0,Male,0,0,0,16,1,0,No,0,0,0,0,0,0,Month-to-month,0,Credit card (automatic),19.75,294.9,0.649243918
8573-JGCZW,0,Male,0,0,0,17,1,0,No,0,0,0,0,0,0,One year,1,Bank transfer (automatic),19.65,351.55,0.645956607
8577-QSOCG,0,Female,0,1,1,38,1,0,No,0,0,0,0,0,0,Two year,1,Mailed check,20.2,746.05,0.664036818
8580-AECUZ,1,Male,1,0,0,1,1,0,Fiber optic,0,0,0,0,1,0,Month-to-month,1,Electronic check,79.1,79.1,2.600262985
8580-QVLOC,1,Female,1,1,1,72,1,1,DSL,1,1,1,1,1,1,Two year,0,Credit card (automatic),92.45,6440.25,3.039119001
8582-KRHPJ,0,Male,0,0,0,50,0,0,DSL,1,1,0,0,0,0,Month-to-month,1,Mailed check,35,1782.4,1.150558843
8584-KMVXD,0,Female,0,0,0,8,1,0,Fiber optic,0,1,0,0,0,0,Month-to-month,0,Electronic check,75.6,535.55,2.485207101
8587-XYZSF,0,Male,0,0,0,67,1,0,DSL,0,0,0,1,0,0,Two year,0,Bank transfer (automatic),50.55,3260.1,1.6617357
8590-OHDIW,0,Female,0,1,1,38,1,0,No,0,0,0,0,0,0,One year,0,Mailed check,20.3,749.35,0.667324129
8590-YFFQO,0,Male,0,1,0,70,1,0,DSL,1,1,1,1,0,0,Two year,0,Credit card (automatic),64.95,4523.25,2.135108481
8591-NXRCV,0,Female,0,0,0,41,1,1,DSL,1,0,1,1,0,1,Month-to-month,1,Bank transfer (automatic),74.65,3090.65,2.453977646
8591-TKMZH,0,Male,0,1,1,59,1,1,Fiber optic,1,1,0,1,1,1,Two year,1,Mailed check,111.1,6555.2,3.652202498
8592-PLTMQ,0,Female,0,0,0,64,1,1,No,0,0,0,0,0,0,One year,0,Mailed check,24.7,1642.75,0.811965812
8593-WHYHV,1,Male,0,0,0,3,1,1,Fiber optic,0,0,0,0,0,1,Month-to-month,1,Electronic check,85.3,264.8,2.804076266
8595-SIZNC,0,Female,1,1,0,22,1,1,No,0,0,0,0,0,0,One year,0,Bank transfer (automatic),25.6,548.8,0.841551611
8597-CTXVJ,0,Male,0,0,1,70,1,1,DSL,1,1,0,1,0,0,One year,0,Bank transfer (automatic),64.95,4551.5,2.135108481
8597-CWYHH,0,Male,0,0,0,43,1,1,Fiber optic,0,0,0,0,1,1,One year,0,Mailed check,94.35,3921.3,3.101577909
8601-QACRS,1,Female,0,0,0,5,1,1,DSL,0,0,0,0,0,0,Month-to-month,1,Mailed check,50.6,249.95,1.663379356
8603-IJWDN,1,Male,0,0,0,1,1,1,Fiber optic,0,0,0,0,0,1,Month-to-month,1,Electronic check,86.6,86.6,2.846811308
8605-ITULD,0,Female,0,0,0,1,1,0,No,0,0,0,0,0,0,Month-to-month,0,Mailed check,19.55,19.55,0.642669297
8606-CIQUL,0,Male,1,1,1,72,1,1,Fiber optic,1,1,1,1,1,1,Two year,1,Credit card (automatic),115.75,8399.15,3.805062459
8606-OEGQZ,0,Female,0,0,1,18,1,1,No,0,0,0,0,0,0,Two year,0,Credit card (automatic),25.3,454.65,0.831689678
8608-OZTLB,0,Male,0,1,1,38,1,0,DSL,1,1,1,1,1,0,One year,0,Electronic check,74.05,2802.3,2.43425378
8610-WFCJF,1,Female,0,1,1,49,1,1,Fiber optic,0,0,0,0,1,1,Month-to-month,1,Electronic check,95.6,4783.5,3.142669297
8610-ZIKJJ,0,Female,0,1,1,2,1,0,No,0,0,0,0,0,0,One year,0,Mailed check,20.3,31.9,0.667324129
8612-GXIDD,0,Male,0,1,1,12,1,1,No,0,0,0,0,0,0,Two year,1,Bank transfer (automatic),25.4,313,0.834976989
8614-VGMMV,1,Female,0,0,0,15,1,1,DSL,0,0,0,0,0,0,Month-to-month,1,Electronic check,49.1,679.55,1.614069691
8617-ENBDS,0,Male,0,0,0,3,1,0,Fiber optic,0,0,1,0,0,0,Month-to-month,1,Credit card (automatic),73.6,232.5,2.419460881
8619-IJNDK,0,Female,0,1,1,71,1,0,DSL,1,1,1,1,0,0,Two year,0,Credit card (automatic),64.05,4492.9,2.105522682
8620-RJPZN,0,Female,0,0,0,1,1,0,No,0,0,0,0,0,0,Month-to-month,0,Electronic check,20.7,20.7,0.680473373
8621-MNIHH,1,Female,1,1,0,34,1,1,Fiber optic,0,1,1,0,0,1,Month-to-month,1,Electronic check,94.25,3217.55,3.098290598
8622-ZLFKO,0,Female,0,1,0,6,1,1,Fiber optic,0,1,0,0,0,1,Month-to-month,1,Electronic check,90.75,512.25,2.983234714
8623-TMRBY,1,Male,1,1,1,51,1,1,Fiber optic,0,1,1,0,0,0,Month-to-month,1,Electronic check,84.2,4146.05,2.767915845
8623-ULFNQ,0,Female,1,0,0,26,1,1,DSL,0,0,0,1,0,1,Month-to-month,1,Electronic check,66.05,1652.4,2.171268902
8624-GIOUT,1,Female,0,0,0,49,1,1,DSL,1,1,0,0,0,0,Month-to-month,1,Credit card (automatic),59.75,2934.3,1.96416831
8625-AZYZY,1,Male,0,1,0,24,1,1,Fiber optic,0,1,1,0,1,1,Month-to-month,1,Electronic check,104.65,2542.45,3.44017094
8626-PTQGE,0,Male,0,0,0,69,0,0,DSL,1,1,0,1,1,1,Two year,1,Bank transfer (automatic),60.05,4176.7,1.974030243
8626-XHBIE,0,Male,0,0,1,56,1,1,No,0,0,0,0,0,0,Two year,1,Mailed check,24.8,1424.2,0.815253123
8627-EHGIP,1,Male,0,0,0,44,0,0,DSL,0,1,1,0,1,1,One year,1,Mailed check,53.95,2375.4,1.773504274
8627-ZYGSZ,0,Male,0,1,0,47,1,1,Fiber optic,0,1,0,0,0,0,One year,1,Electronic check,78.9,3650.35,2.593688363
8628-MFKAX,0,Female,1,1,0,72,1,1,Fiber optic,1,1,1,1,1,1,Two year,1,Credit card (automatic),116.75,8277.05,3.837935569
8630-FJLIB,0,Female,0,0,0,18,1,0,Fiber optic,0,0,0,0,0,0,Month-to-month,1,Electronic check,69.8,1221.65,2.294543064
8630-QSGXK,0,Male,0,1,0,51,1,1,DSL,0,0,0,1,1,1,Two year,1,Bank transfer (automatic),75.2,3901.25,2.472057857
8631-NBHFZ,1,Male,1,1,1,66,1,1,DSL,1,1,1,1,1,0,Two year,0,Credit card (automatic),79.4,5154.6,2.610124918
8631-WUXGY,0,Female,0,0,1,46,1,0,Fiber optic,0,1,1,0,1,1,Month-to-month,1,Electronic check,99.8,4391.25,3.280736358
8631-XVRZL,0,Male,0,0,0,9,1,0,No,0,0,0,0,0,0,One year,1,Mailed check,20.15,163.7,0.662393162
8634-CILSZ,1,Male,0,0,0,69,1,1,Fiber optic,0,1,0,1,1,1,One year,1,Bank transfer (automatic),104.7,7220.35,3.441814596
8634-MPHTR,1,Male,1,1,0,47,1,1,Fiber optic,0,0,1,0,1,1,Month-to-month,1,Electronic check,100.05,4871.05,3.288954635
8637-XJIVR,1,Female,0,0,0,12,1,1,Fiber optic,1,0,0,0,0,0,Month-to-month,1,Electronic check,78.95,927.35,2.595332018
8639-NHQEI,0,Female,0,1,1,72,1,1,Fiber optic,1,1,0,0,1,0,Two year,1,Bank transfer (automatic),95.9,6954.15,3.152531229
8640-SDGKB,1,Male,0,0,0,4,1,0,DSL,0,0,1,1,1,1,Month-to-month,1,Electronic check,74.4,299.7,2.445759369
8642-GVWRF,1,Female,0,1,0,2,1,0,Fiber optic,0,1,1,0,0,0,Month-to-month,0,Bank transfer (automatic),79.7,165,2.619986851
8644-XLFBW,1,Male,1,0,0,1,1,0,Fiber optic,0,0,0,0,0,0,Month-to-month,1,Electronic check,71.65,71.65,2.355358317
8644-XYTSV,0,Male,0,1,0,42,0,0,DSL,1,0,0,0,1,0,Month-to-month,1,Bank transfer (automatic),40.15,1626.05,1.319855358
8645-KOMJQ,0,Male,0,1,1,69,1,1,DSL,0,1,1,1,1,1,Two year,1,Bank transfer (automatic),81.95,5601.4,2.693951348
8645-KWHJO,0,Male,0,0,0,14,0,0,DSL,0,0,1,1,1,1,Month-to-month,1,Electronic check,55,771.95,1.808021039
8646-JCOMS,0,Female,0,1,0,66,1,1,Fiber optic,0,1,1,1,0,0,One year,1,Bank transfer (automatic),90.55,6130.95,2.976660092
8647-SDTWQ,0,Male,0,1,1,57,1,1,Fiber optic,0,0,0,0,0,0,Month-to-month,1,Electronic check,74.3,4018.35,2.442472058
8648-PFRMP,0,Female,1,0,0,14,0,0,DSL,0,0,0,0,1,1,Month-to-month,1,Electronic check,46.35,672.7,1.523668639
8650-RHRKE,1,Male,0,0,0,4,0,0,DSL,0,0,1,0,0,0,Month-to-month,1,Electronic check,29.65,118.5,0.974687705
8651-ENBZX,1,Female,1,0,0,60,1,1,Fiber optic,0,0,1,1,1,1,One year,1,Electronic check,106,6441.4,3.484549638
8652-YHIYU,0,Female,0,0,1,16,1,1,Fiber optic,0,0,0,1,0,0,One year,1,Credit card (automatic),79.5,1264.2,2.613412229
8654-DHAOW,0,Female,0,0,0,2,1,1,DSL,0,1,0,0,0,0,Month-to-month,0,Mailed check,54.15,101.65,1.780078895
8659-HDIYE,0,Female,1,0,0,64,1,1,DSL,0,1,1,1,0,1,Month-to-month,0,Credit card (automatic),74.65,4869.35,2.453977646
8659-IOOPU,0,Female,0,1,1,71,1,1,Fiber optic,1,0,1,1,0,1,Two year,0,Electronic check,100.45,7159.7,3.302103879
8660-BUETV,0,Female,0,0,0,3,1,0,DSL,0,0,0,0,0,0,Month-to-month,0,Mailed check,44.75,148.05,1.471071663
8661-BOYNW,0,Female,0,1,0,72,1,1,DSL,1,0,1,1,1,1,Two year,1,Credit card (automatic),84.4,6096.45,2.774490467
8663-UPDGF,0,Female,0,0,0,26,1,1,DSL,1,1,0,0,1,0,Month-to-month,1,Bank transfer (automatic),69.5,1800.05,2.284681131
8665-UTDHZ,1,Male,0,1,1,1,0,0,DSL,0,1,0,0,0,0,Month-to-month,0,Electronic check,30.2,30.2,0.992767916
8668-KNZTI,0,Male,0,0,0,52,1,0,DSL,1,0,1,0,0,0,One year,0,Electronic check,53.75,2790.65,1.766929652
8670-ERCJH,0,Male,0,0,0,72,1,1,Fiber optic,1,1,1,1,1,1,Two year,0,Bank transfer (automatic),113.4,8164.1,3.727810651
8670-MEFCP,0,Female,0,1,1,36,1,1,DSL,1,1,1,1,1,1,Two year,1,Credit card (automatic),92.9,3379.25,3.0539119
8671-KKKOS,0,Female,0,1,0,46,0,0,DSL,1,1,0,0,1,0,Month-to-month,0,Electronic check,45.55,2062.15,1.497370151
8672-OAUPW,0,Male,0,0,1,51,1,0,DSL,0,0,0,1,0,0,One year,0,Credit card (automatic),47.85,2356.75,1.572978304
8676-OOQEJ,0,Male,0,0,0,4,0,0,DSL,0,0,0,1,0,0,Month-to-month,0,Electronic check,30.5,118.4,1.002629849
8676-TRMJS,1,Male,0,0,0,3,1,1,Fiber optic,0,0,0,0,0,0,Month-to-month,0,Mailed check,75,209.1,2.465483235
8677-HDZEE,0,Female,0,0,0,56,1,1,Fiber optic,0,1,0,1,1,1,Month-to-month,1,Bank transfer (automatic),105.45,5916.95,3.466469428
8679-JOEVF,1,Female,1,0,0,16,1,0,DSL,0,0,0,1,1,0,Month-to-month,0,Electronic check,59.4,1023.9,1.952662722
8679-LZBMD,0,Male,0,1,0,44,1,0,Fiber optic,0,0,0,0,1,1,One year,1,Bank transfer (automatic),90.65,3974.15,2.979947403
8680-CGLTP,0,Male,0,0,0,29,1,0,DSL,1,1,0,1,0,0,One year,1,Electronic check,58.75,1696.2,1.931295201
8681-ICONS,0,Male,0,1,1,29,1,0,No,0,0,0,0,0,0,Month-to-month,1,Mailed check,20.65,654.85,0.678829717
8685-WHQPW,1,Female,1,0,0,22,1,1,Fiber optic,0,0,0,0,0,0,Month-to-month,1,Bank transfer (automatic),74.4,1692.6,2.445759369
8687-BAFGU,0,Male,0,0,0,1,1,0,Fiber optic,0,0,0,1,0,0,Month-to-month,0,Electronic check,74,74,2.432610125
8690-UPCZI,0,Male,0,1,1,29,1,1,DSL,1,0,0,1,1,0,One year,0,Bank transfer (automatic),69.05,1958.45,2.269888231
8690-ZVLCL,0,Female,0,1,1,68,1,1,DSL,1,1,1,1,1,1,Two year,0,Credit card (automatic),88,6161.9,2.892833662
8695-ARGXZ,0,Male,1,1,0,34,1,1,Fiber optic,0,0,0,0,0,0,Month-to-month,1,Electronic check,75.55,2425.4,2.483563445
8695-WDYEA,0,Male,0,0,0,1,1,0,DSL,1,0,0,0,0,0,Month-to-month,0,Mailed check,51.25,51.25,1.684746877
8696-JKZNU,1,Female,1,0,0,37,1,1,Fiber optic,0,0,0,0,0,0,Month-to-month,1,Electronic check,76.25,2841.55,2.506574622
8699-ASUFO,1,Male,1,1,0,7,1,1,Fiber optic,0,0,0,0,0,0,Month-to-month,1,Mailed check,74.4,527.9,2.445759369
8701-DGLVH,0,Male,0,0,0,51,1,0,No,0,0,0,0,0,0,Two year,0,Mailed check,20.45,1042.65,0.672255095
8705-DWKTI,0,Male,0,0,0,52,1,0,Fiber optic,0,0,1,0,0,1,Month-to-month,1,Credit card (automatic),83.8,4331.4,2.754766601
8705-WZCYL,0,Male,0,0,0,1,1,0,DSL,0,0,0,0,0,0,Month-to-month,1,Electronic check,44.8,44.8,1.472715319
8706-HRADD,0,Male,0,0,0,21,0,0,DSL,1,0,0,1,1,0,Month-to-month,1,Mailed check,43.55,1011.5,1.431623932
8707-HOEDG,0,Female,0,1,1,70,1,1,Fiber optic,0,1,1,1,1,1,Two year,1,Electronic check,110.2,7689.8,3.6226167
8707-RMEZH,0,Female,1,1,0,69,1,0,Fiber optic,1,1,0,0,0,1,One year,0,Credit card (automatic),87.3,6055.55,2.869822485
8708-XPXHZ,1,Female,0,1,1,42,1,1,Fiber optic,0,0,0,0,1,1,Month-to-month,1,Electronic check,94.2,4186.3,3.096646943
8709-KRDVL,0,Female,0,0,0,33,1,1,Fiber optic,0,1,0,0,1,1,Month-to-month,1,Electronic check,100,3320.6,3.28731098
8710-YGLWG,0,Male,0,0,0,1,1,0,DSL,0,0,0,0,0,0,Month-to-month,1,Mailed check,44.9,44.9,1.47600263
8711-LOBKY,0,Male,0,1,1,59,1,0,No,0,0,0,0,0,0,Two year,0,Mailed check,19.85,1188.25,0.652531229
8713-IGZSO,0,Male,0,0,0,2,1,1,No,0,0,0,0,0,0,Month-to-month,0,Mailed check,24.85,62,0.816896778
8714-CTZJW,0,Female,0,0,0,4,1,0,Fiber optic,0,0,1,0,0,1,Month-to-month,1,Credit card (automatic),82.85,319.6,2.723537147
8714-EUHJO,1,Female,0,1,1,31,1,1,Fiber optic,0,1,0,0,0,1,Month-to-month,1,Electronic check,91.15,2995.45,2.996383958
8715-KKTFG,0,Female,0,1,0,61,1,1,Fiber optic,0,0,1,1,1,1,One year,1,Bank transfer (automatic),103.3,6518.35,3.395792242
8717-VCTXJ,0,Male,0,0,0,42,1,0,No,0,0,0,0,0,0,One year,1,Mailed check,19.55,839.4,0.642669297
8718-PTMEZ,1,Female,0,0,0,13,0,0,DSL,0,1,0,0,0,0,Month-to-month,1,Electronic check,31.05,347.25,1.020710059
8720-RQSBJ,0,Male,1,0,0,1,1,0,DSL,0,0,0,0,0,0,Month-to-month,0,Electronic check,44,44,1.446416831
8722-NGNBH,1,Male,0,0,0,5,0,0,DSL,1,0,1,1,0,0,Month-to-month,0,Mailed check,40,223.45,1.314924392
8722-PRFDV,0,Female,0,1,1,71,1,0,DSL,1,0,1,0,1,1,Two year,0,Credit card (automatic),77.55,5574.35,2.549309665
8725-JEDFD,0,Male,0,0,0,27,1,0,Fiber optic,0,0,0,0,0,0,Month-to-month,1,Mailed check,69.05,1793.25,2.269888231
8727-JQFHV,0,Male,0,1,1,57,1,0,No,0,0,0,0,0,0,Two year,0,Mailed check,20.75,1123.15,0.682117028
8727-XDPUD,0,Male,0,0,0,37,0,0,DSL,0,0,0,0,1,0,Two year,0,Credit card (automatic),35.8,1316.9,1.176857331
8728-SKJLR,0,Male,0,0,0,41,1,0,Fiber optic,0,0,0,1,0,0,Month-to-month,1,Electronic check,74.25,3089.1,2.440828402
8731-WBBMB,0,Female,0,1,0,26,1,0,DSL,0,1,1,1,1,1,Month-to-month,0,Bank transfer (automatic),81.9,2078.55,2.692307692
8734-DKSTZ,0,Female,0,1,1,10,1,1,Fiber optic,0,0,0,0,0,1,Month-to-month,0,Electronic check,85.95,858.6,2.825443787
8734-FNWVH,0,Male,0,1,1,31,1,1,DSL,0,0,0,0,0,1,Month-to-month,0,Bank transfer (automatic),59.7,1825.5,1.962524655
8735-DCXNF,0,Male,0,1,0,10,1,0,DSL,1,0,0,1,0,0,Month-to-month,1,Credit card (automatic),54.95,568.85,1.806377383
8735-IJJEG,0,Male,0,1,0,14,1,0,DSL,0,0,1,0,0,0,Month-to-month,0,Credit card (automatic),50.2,668.85,1.650230112
8735-NBLWT,0,Male,0,0,1,9,1,0,No,0,0,0,0,0,0,Month-to-month,0,Mailed check,20.4,184.1,0.67061144
8735-SDUFN,0,Female,1,1,0,72,1,1,No,0,0,0,0,0,0,Two year,0,Bank transfer (automatic),24.3,1778.7,0.798816568
8738-JOKAR,0,Female,0,0,0,42,1,0,DSL,1,1,0,1,0,1,One year,1,Mailed check,67.7,2882.25,2.225509533
8739-QOTTN,0,Female,0,1,0,2,1,0,No,0,0,0,0,0,0,Month-to-month,0,Mailed check,20.35,41.85,0.668967784
8739-WWKDU,1,Male,1,0,0,25,1,1,Fiber optic,0,1,0,0,1,0,Month-to-month,1,Electronic check,89.5,2196.15,2.942143327
8739-XNIKG,0,Female,0,0,0,5,1,1,Fiber optic,0,0,0,0,1,0,Month-to-month,1,Electronic check,84,424.75,2.761341223
8740-CRYFY,1,Male,0,0,0,1,1,0,Fiber optic,0,0,0,0,1,0,Month-to-month,1,Electronic check,78.95,78.95,2.595332018
8740-XLHDR,1,Male,0,0,0,5,0,0,DSL,1,1,1,1,0,0,Month-to-month,1,Mailed check,43.25,219,1.421761999
8741-LQOBK,0,Female,0,1,1,46,0,0,DSL,1,1,0,0,0,0,Month-to-month,0,Bank transfer (automatic),35.05,1620.25,1.152202498
8745-PVESG,0,Female,0,0,0,57,0,0,DSL,1,0,1,1,0,0,One year,1,Credit card (automatic),41.1,2258.25,1.351084813
8746-BFOAJ,0,Male,1,0,0,21,1,0,No,0,0,0,0,0,0,One year,0,Bank transfer (automatic),20.5,429.55,0.673898751
8746-OQQRW,0,Male,0,0,0,4,1,1,No,0,0,0,0,0,0,Month-to-month,0,Mailed check,25.25,101.9,0.830046022
8747-UDCOI,0,Female,0,1,0,65,1,0,No,0,0,0,0,0,0,Two year,0,Bank transfer (automatic),19.35,1319.95,0.636094675
8748-HFWBO,0,Male,0,1,1,19,1,0,No,0,0,0,0,0,0,One year,0,Mailed check,19.9,357.7,0.654174885
8749-CLJXC,0,Male,0,0,0,1,1,0,No,0,0,0,0,0,0,Month-to-month,0,Mailed check,20.05,20.05,0.659105851
8749-JMNKX,1,Male,1,1,0,51,1,1,Fiber optic,1,0,1,0,1,0,Month-to-month,1,Bank transfer (automatic),93.8,4750.95,3.083497699
8749-TZYEC,0,Male,0,1,0,72,1,1,No,0,0,0,0,0,0,Two year,0,Credit card (automatic),24.8,1874.3,0.815253123
8750-QWZAJ,0,Female,0,1,1,70,1,0,No,0,0,0,0,0,0,Two year,0,Bank transfer (automatic),19.8,1378.75,0.650887574
8751-EDEKA,0,Female,0,1,0,28,1,0,Fiber optic,0,1,1,0,0,1,Month-to-month,0,Credit card (automatic),89.9,2433.5,2.955292571
8752-GHJFU,0,Male,1,1,0,71,1,1,Fiber optic,1,1,1,1,0,0,One year,1,Electronic check,92,6585.2,3.024326101
8752-IMQOS,0,Male,0,1,1,5,1,0,No,0,0,0,0,0,0,One year,0,Mailed check,20.1,85.1,0.660749507
8752-STIVR,1,Female,0,0,0,4,1,0,Fiber optic,0,0,0,0,1,0,Month-to-month,1,Electronic check,79,303.15,2.596975674
8755-IWJHN,0,Male,1,1,0,69,1,1,Fiber optic,0,1,1,0,0,1,Month-to-month,1,Bank transfer (automatic),95.35,6382,3.134451019
8755-OGKNA,0,Female,0,1,1,57,1,0,No,0,0,0,0,0,0,Two year,0,Bank transfer (automatic),19.5,1167.6,0.641025641
8756-RDDLT,0,Female,0,0,0,68,0,0,DSL,0,1,0,1,0,1,Month-to-month,0,Electronic check,44.95,3085.35,1.477646285
8757-TFHHJ,0,Male,0,0,0,1,1,0,DSL,1,0,0,0,0,0,Month-to-month,1,Credit card (automatic),49.8,49.8,1.637080868
8760-ZRHKE,0,Female,1,1,1,71,1,1,DSL,1,1,0,0,1,0,One year,0,Electronic check,69.2,4982.5,2.274819198
8761-NSOBC,1,Male,0,0,0,44,1,0,Fiber optic,0,1,0,1,1,1,Month-to-month,0,Electronic check,100.55,4398.15,3.30539119
8763-KIAFH,0,Female,0,1,1,27,1,0,No,0,0,0,0,0,0,One year,1,Mailed check,20.55,583.3,0.675542406
8766-PAFNE,0,Male,0,1,0,71,1,0,DSL,0,1,1,1,1,1,Two year,1,Credit card (automatic),79.1,5564.85,2.600262985
8769-KKTPH,0,Female,0,1,1,63,1,1,Fiber optic,1,0,0,0,1,1,One year,1,Credit card (automatic),99.65,6311.2,3.275805391
8773-HHUOZ,1,Female,0,0,1,17,1,0,DSL,0,0,0,0,1,1,Month-to-month,1,Mailed check,64.7,1093.1,2.126890204
8774-GSBUN,0,Male,0,1,0,72,1,1,No,0,0,0,0,0,0,Two year,0,Mailed check,25.4,1797.1,0.834976989
8775-CEBBJ,1,Female,0,0,0,9,1,0,DSL,0,0,0,0,0,0,Month-to-month,1,Bank transfer (automatic),44.2,403.35,1.452991453
8775-ERLNB,0,Male,1,1,0,1,1,1,Fiber optic,0,0,0,0,0,0,Month-to-month,0,Electronic check,74.3,74.3,2.442472058
8775-LHDJH,1,Female,1,1,0,1,1,1,Fiber optic,0,1,0,0,1,0,Month-to-month,1,Electronic check,90.6,90.6,2.978303748
8777-MBMTS,0,Female,1,1,0,65,1,0,Fiber optic,0,1,1,1,1,1,Two year,1,Credit card (automatic),105.85,6725.5,3.479618672
8777-PVYGU,0,Female,0,1,0,52,1,0,DSL,1,0,1,0,1,0,One year,1,Mailed check,64.3,3410.6,2.11374096
8778-LMWTJ,0,Female,0,0,0,9,1,0,Fiber optic,1,0,0,0,0,0,Month-to-month,1,Electronic check,74.85,708.2,2.460552268
8779-QRDMV,1,Male,1,0,0,1,0,0,DSL,0,0,1,0,0,1,Month-to-month,1,Electronic check,39.65,39.65,1.303418803
8779-YIQQA,0,Male,0,1,1,21,1,0,No,0,0,0,0,0,0,One year,0,Mailed check,19.8,350.1,0.650887574
8780-IHCRN,0,Male,0,1,1,63,1,1,No,0,0,0,0,0,0,Two year,0,Credit card (automatic),24.65,1574.5,0.810322156
8780-IXSTS,1,Female,0,0,0,6,1,1,Fiber optic,0,1,0,0,1,0,Month-to-month,1,Electronic check,90.1,521.3,2.961867193
8780-RSYYU,0,Female,0,0,0,25,1,0,No,0,0,0,0,0,0,Month-to-month,1,Credit card (automatic),19.2,532.1,0.631163708
8780-YRMTT,0,Female,0,0,0,66,0,0,DSL,1,1,1,1,0,0,Two year,1,Mailed check,47.4,3177.25,1.558185404
8782-LKFPK,0,Male,0,0,0,44,1,1,Fiber optic,0,0,1,0,0,1,Month-to-month,1,Mailed check,90.4,4063,2.971729126
8782-NUUOL,0,Male,0,0,0,60,1,0,DSL,1,0,1,1,1,1,One year,0,Mailed check,79,4801.1,2.596975674
8784-CGILN,1,Female,0,0,0,18,1,1,Fiber optic,0,0,0,1,1,1,Month-to-month,1,Bank transfer (automatic),99.85,1776.95,3.282380013
8785-CJSHH,0,Female,0,1,0,60,1,1,Fiber optic,0,1,0,0,1,1,Month-to-month,1,Electronic check,99.8,5985.75,3.280736358
8785-EPNCG,1,Male,0,0,0,11,1,1,No,0,0,0,0,0,0,Month-to-month,0,Credit card (automatic),23.15,245.2,0.761012492
8788-DOXSU,0,Male,0,0,0,59,1,0,DSL,0,0,1,0,0,1,One year,1,Bank transfer (automatic),61.35,3645.5,2.016765286
8791-GFXLZ,0,Male,0,0,0,12,1,0,DSL,0,1,0,0,0,0,Month-to-month,1,Bank transfer (automatic),49.05,593.05,1.612426036
8792-AOROI,0,Female,0,1,0,8,1,0,DSL,1,0,0,1,0,1,Two year,0,Mailed check,65.5,564.35,2.153188692
8799-OXZMD,0,Female,0,0,0,28,0,0,DSL,0,0,1,0,0,0,Month-to-month,1,Mailed check,29.75,790.7,0.977975016
8800-JOOCF,0,Female,0,0,1,12,1,1,Fiber optic,0,0,0,0,1,0,Month-to-month,1,Electronic check,84.05,966.55,2.762984878
8800-ZKRFW,0,Female,0,1,1,30,1,1,Fiber optic,0,1,1,1,1,1,Month-to-month,1,Electronic check,107.5,3242.5,3.533859303
8802-UNOJF,1,Male,1,0,0,12,1,0,Fiber optic,0,1,1,1,0,0,Month-to-month,1,Mailed check,83.8,1029.75,2.754766601
8805-JNRAZ,0,Female,0,0,0,2,1,0,DSL,0,1,0,0,0,0,Month-to-month,0,Mailed check,49.2,103.7,1.617357002
8806-EAGWC,1,Male,0,0,0,3,1,0,DSL,0,0,0,0,1,0,Month-to-month,0,Mailed check,55.15,159.15,1.812952005
8807-ARQET,0,Female,0,0,0,41,0,0,DSL,0,1,0,0,0,1,Month-to-month,1,Electronic check,40.35,1677.85,1.32642998
8807-OPMBM,0,Female,0,1,1,55,1,1,No,0,0,0,0,0,0,Two year,1,Credit card (automatic),25.65,1388,0.843195266
8808-ELEHO,1,Male,1,0,0,8,1,1,Fiber optic,0,0,1,0,0,0,Month-to-month,1,Electronic check,81.25,585.95,2.670940171
8809-RIHDD,1,Male,0,1,1,72,1,1,Fiber optic,0,1,1,0,1,1,Two year,1,Electronic check,103.4,7372.65,3.399079553
8809-XKHMD,0,Male,0,1,0,72,1,1,Fiber optic,1,1,0,1,0,1,Two year,1,Bank transfer (automatic),100.55,7325.1,3.30539119
8812-ZRHFP,0,Female,0,1,1,30,1,0,Fiber optic,0,0,1,0,0,1,One year,0,Electronic check,86.45,2538.05,2.841880342
8815-LMFLX,0,Male,0,1,1,25,1,1,No,0,0,0,0,0,0,Month-to-month,1,Bank transfer (automatic),25.4,546.85,0.834976989
8816-VXNZD,1,Female,0,0,0,1,1,1,Fiber optic,0,0,0,0,0,0,Month-to-month,1,Electronic check,75.1,75.1,2.468770546
8818-DOPVL,0,Female,1,0,0,46,1,1,Fiber optic,0,1,1,0,1,1,Month-to-month,1,Electronic check,104.45,4863.85,3.433596318
8818-XYFCQ,1,Male,0,1,1,32,1,1,Fiber optic,1,0,0,0,1,1,Month-to-month,1,Credit card (automatic),99.55,3204.65,3.27251808
8819-IMISP,0,Male,0,0,0,31,1,1,Fiber optic,0,1,0,0,0,0,Month-to-month,1,Electronic check,80.45,2429.1,2.644641683
8819-WFGGJ,0,Male,0,1,0,68,0,0,DSL,1,0,1,0,1,1,Two year,1,Bank transfer (automatic),54.1,3794.5,1.77843524
8819-ZBYNA,0,Female,0,1,0,58,1,1,Fiber optic,1,1,0,1,1,1,Two year,1,Credit card (automatic),109.1,6393.65,3.586456279
8821-KVZKQ,0,Female,0,1,1,70,0,0,DSL,0,1,1,1,1,1,One year,1,Bank transfer (automatic),58.4,4113.15,1.919789612
8821-XNHVZ,1,Female,0,1,1,1,1,0,Fiber optic,0,0,0,0,1,0,Month-to-month,1,Mailed check,80.05,80.05,2.631492439
8822-KNBHV,0,Female,0,0,0,48,1,1,DSL,1,1,1,0,1,1,One year,1,Credit card (automatic),83.45,3887.85,2.743261012
8823-RLPWL,0,Female,0,1,0,72,1,1,Fiber optic,1,1,1,0,1,1,Two year,1,Credit card (automatic),110.65,8065.65,3.637409599
8824-RWFXJ,1,Male,0,1,1,3,1,0,DSL,0,1,1,0,0,0,Month-to-month,1,Mailed check,56.15,168.15,1.845825115
8835-VSDSE,1,Female,0,1,0,2,1,0,Fiber optic,0,0,0,0,0,0,Month-to-month,1,Electronic check,70.7,141.45,2.324128863
8837-VVWLQ,1,Female,0,0,0,8,1,0,Fiber optic,1,0,0,0,1,0,Month-to-month,0,Electronic check,84.95,668.4,2.792570677
8838-GPHZP,0,Female,0,0,0,63,1,0,No,0,0,0,0,0,0,Two year,1,Mailed check,20.6,1298.7,0.677186062
8840-DQLGN,1,Female,1,1,0,35,1,1,Fiber optic,1,1,0,1,1,0,Month-to-month,1,Bank transfer (automatic),100.5,3653.35,3.303747535
8844-TONUD,1,Male,0,1,1,13,1,0,Fiber optic,0,0,1,0,1,1,Month-to-month,1,Mailed check,96.65,1162.85,3.177186062
8845-LWKGE,0,Female,0,1,1,30,1,0,DSL,0,0,1,1,1,0,One year,1,Electronic check,64.5,1985.15,2.120315582
8847-GEOOQ,0,Male,0,1,0,60,0,0,DSL,0,1,1,1,1,1,Month-to-month,1,Bank transfer (automatic),60.2,3582.4,1.97896121
8849-AYPTR,0,Male,0,1,0,33,1,0,Fiber optic,0,0,0,0,1,1,Month-to-month,0,Electronic check,91.25,2964.05,2.999671269
8849-GYOKR,1,Female,0,1,0,54,1,1,Fiber optic,1,1,0,0,1,1,One year,0,Bank transfer (automatic),106.55,5763.3,3.502629849
8849-PRIQJ,0,Female,0,1,1,67,1,1,Fiber optic,1,0,1,1,1,1,One year,1,Electronic check,109.4,7281.6,3.596318212
8851-RAGOV,0,Female,0,1,0,25,1,0,DSL,1,1,0,1,0,1,Month-to-month,1,Mailed check,71.05,1837.7,2.335634451
8853-TZDGH,0,Female,0,0,0,72,1,1,Fiber optic,0,1,1,1,1,1,Two year,1,Bank transfer (automatic),111.6,8012.75,3.668639053
8854-CCVSQ,1,Male,0,0,0,18,1,1,Fiber optic,0,1,0,0,0,0,Month-to-month,1,Electronic check,80.65,1451.9,2.651216305
8857-CUPFQ,0,Male,0,1,0,63,1,0,No,0,0,0,0,0,0,Two year,0,Mailed check,19.25,1237.65,0.632807364
8859-AXJZP,0,Male,0,1,1,39,1,1,No,0,0,0,0,0,0,Two year,1,Mailed check,23.8,903.8,0.782380013
8859-DZTGQ,0,Male,0,0,0,33,1,0,No,0,0,0,0,0,0,Two year,0,Mailed check,20.35,689.75,0.668967784
8859-YSTWS,0,Male,0,0,0,48,1,0,No,0,0,0,0,0,0,One year,0,Bank transfer (automatic),19.95,1004.5,0.65581854
8861-HGGKB,1,Female,0,0,0,10,1,1,Fiber optic,0,0,0,0,0,1,Month-to-month,0,Electronic check,86.45,830.85,2.841880342
8865-TNMNX,0,Male,0,1,1,10,1,0,DSL,0,1,0,0,0,0,One year,0,Mailed check,49.55,475.7,1.62886259
8868-GAGIO,0,Male,0,1,0,45,1,1,Fiber optic,1,0,1,0,0,0,Month-to-month,1,Mailed check,84.55,3713.95,2.779421433
8868-WOZGU,1,Male,0,0,0,28,1,1,Fiber optic,0,1,1,0,1,1,Month-to-month,1,Electronic check,105.7,2979.5,3.474687705
8869-LIHMK,0,Female,0,0,0,64,1,1,Fiber optic,1,1,1,1,1,1,Two year,1,Bank transfer (automatic),115.1,7334.05,3.783694938
8869-TORSS,1,Female,0,0,0,48,1,0,DSL,1,0,1,1,0,0,One year,1,Credit card (automatic),60.35,2896.4,1.983892176
8871-JLMHM,0,Female,0,1,0,68,1,1,Fiber optic,0,1,1,1,0,0,Two year,0,Credit card (automatic),90.2,6297.65,2.965154504
8873-GLDMH,0,Female,0,0,0,6,1,1,Fiber optic,0,0,0,0,0,0,Month-to-month,1,Mailed check,73.85,401.3,2.427679158
8873-TMKGR,0,Male,0,0,0,29,1,0,No,0,0,0,0,0,0,One year,0,Mailed check,19.1,529.5,0.627876397
8874-EJNSR,0,Male,0,1,1,39,1,1,No,0,0,0,0,0,0,Two year,0,Mailed check,25.2,987.95,0.828402367
8875-AKBYH,0,Male,1,0,0,20,1,1,Fiber optic,0,0,0,0,1,0,Month-to-month,1,Electronic check,84.35,1745.2,2.772846811
8878-HMWBV,1,Male,0,0,0,3,1,0,DSL,0,0,1,0,0,0,Month-to-month,1,Electronic check,49.15,169.05,1.615713346
8878-RYUKI,0,Female,0,0,0,52,1,0,DSL,0,0,1,0,0,1,Month-to-month,1,Electronic check,59.45,3043.7,1.954306377
8879-XUAHX,0,Male,0,1,0,71,1,1,Fiber optic,1,1,1,1,1,1,Two year,1,Electronic check,116.25,8564.75,3.821499014
8879-ZKJOF,0,Female,0,0,0,41,1,0,DSL,1,0,1,1,1,1,One year,1,Bank transfer (automatic),79.85,3320.75,2.624917817
8882-TLVRW,0,Male,0,1,1,69,0,0,DSL,1,0,1,1,0,0,Two year,0,Mailed check,39.1,2779.5,1.285338593
8883-ANODQ,0,Female,0,1,1,68,1,1,Fiber optic,0,1,1,0,0,0,Two year,1,Credit card (automatic),84.4,5746.75,2.774490467
8883-GRDWQ,0,Male,1,0,0,20,1,0,DSL,1,0,0,1,0,0,One year,0,Mailed check,54,1055.9,1.775147929
8884-ADFVN,1,Male,1,1,0,7,1,1,Fiber optic,0,0,1,0,1,1,Month-to-month,1,Electronic check,101.95,700.85,3.351413544
8884-FEEWR,0,Male,0,0,0,35,1,0,No,0,0,0,0,0,0,One year,0,Bank transfer (automatic),20.6,754,0.677186062
8884-MRNSU,0,Male,0,1,1,17,1,0,No,0,0,0,0,0,0,One year,0,Bank transfer (automatic),19.9,329.75,0.654174885
8885-QSQBX,0,Female,0,0,0,1,1,0,DSL,1,0,0,0,0,0,Month-to-month,0,Bank transfer (automatic),49.55,49.55,1.62886259
8887-IPQNC,0,Female,0,1,0,7,1,0,DSL,0,0,0,0,0,0,Month-to-month,1,Mailed check,44.25,313.45,1.454635108
8894-JVDCV,0,Female,0,0,0,62,1,1,Fiber optic,1,1,1,1,1,1,One year,1,Credit card (automatic),115.05,7133.45,3.782051282
8896-BQTTI,0,Male,0,0,0,1,1,1,No,0,0,0,0,0,0,Month-to-month,1,Mailed check,25,25,0.821827745
8896-RAZCR,0,Female,0,0,1,44,1,0,No,0,0,0,0,0,0,Two year,0,Mailed check,19.9,868.1,0.654174885
8898-KASCD,0,Male,0,0,0,39,0,0,DSL,0,0,1,1,0,0,One year,0,Mailed check,35.55,1309.15,1.168639053
8901-HJXTF,1,Female,0,1,1,12,0,0,DSL,0,1,0,0,0,0,Month-to-month,0,Mailed check,29.2,309.1,0.959894806
8901-UPRHR,0,Female,0,1,1,72,1,1,Fiber optic,0,1,1,1,1,1,Two year,1,Bank transfer (automatic),109.2,7711.45,3.58974359
8902-ZEOVF,0,Male,0,1,1,47,1,0,No,0,0,0,0,0,0,One year,0,Mailed check,20.05,951.55,0.659105851
8903-WMRNW,0,Female,0,1,0,15,1,0,Fiber optic,1,0,1,0,1,1,Month-to-month,0,Electronic check,101.75,1669.4,3.344838922
8903-XEBGX,0,Male,0,0,1,2,1,0,DSL,0,0,0,0,0,1,Month-to-month,1,Electronic check,55.3,108.65,1.817882972
8904-OPDCK,0,Male,1,1,0,54,0,0,DSL,0,0,0,0,0,0,Month-to-month,1,Bank transfer (automatic),24.95,1364.75,0.820184089
8905-IAZPF,0,Female,0,1,0,69,1,0,Fiber optic,0,1,0,0,1,1,One year,1,Credit card (automatic),95.65,6744.2,3.144312952
8908-NMQTX,0,Male,0,0,0,72,0,0,DSL,1,1,1,1,1,1,Two year,1,Bank transfer (automatic),65.6,4566.5,2.156476003
8908-SLFCJ,0,Female,0,0,0,21,1,0,No,0,0,0,0,0,0,Two year,1,Credit card (automatic),20.85,435.25,0.685404339
8909-BOLNL,0,Male,0,0,0,3,1,0,No,0,0,0,0,0,0,One year,0,Mailed check,21.2,52.05,0.696909928
8910-ICHIU,0,Female,0,0,0,46,1,0,Fiber optic,1,1,1,0,1,0,One year,1,Credit card (automatic),95.65,4664.2,3.144312952
8910-LEDAG,0,Male,1,1,0,34,1,0,Fiber optic,0,0,0,0,0,0,Month-to-month,0,Credit card (automatic),71.55,2427.35,2.352071006
8914-RBTSB,1,Male,0,1,0,31,1,1,Fiber optic,0,1,1,0,1,0,Month-to-month,0,Electronic check,93.8,3019.5,3.083497699
8915-NNTRC,0,Male,0,1,1,72,1,1,Fiber optic,1,1,0,1,1,1,Two year,1,Credit card (automatic),107.7,7919.8,3.540433925
8917-FAEMR,0,Female,0,0,0,37,1,0,No,0,0,0,0,0,0,Two year,0,Mailed check,19.85,784.25,0.652531229
8917-SZTTJ,0,Male,0,1,1,60,1,0,No,0,0,0,0,0,0,Two year,0,Credit card (automatic),19.65,1161.75,0.645956607
8919-FYFQZ,1,Male,1,1,0,44,0,0,DSL,0,1,0,0,0,0,Month-to-month,1,Electronic check,30.35,1359.7,0.997698882
8920-NAVAY,0,Male,1,0,0,62,1,1,Fiber optic,0,1,1,1,1,1,One year,1,Bank transfer (automatic),110.75,7053.35,3.64069691
8922-LIEGH,1,Female,1,0,0,25,1,1,Fiber optic,0,1,0,0,0,1,Month-to-month,1,Electronic check,89.7,2187.55,2.948717949
8922-NPKBJ,0,Male,0,1,1,42,1,0,No,0,0,0,0,0,0,Two year,0,Mailed check,19.35,867.3,0.636094675
8929-KSWIH,0,Male,0,0,0,25,1,0,Fiber optic,0,0,1,1,1,1,Two year,0,Bank transfer (automatic),99.3,2513.5,3.264299803
8930-XOTDP,0,Female,0,1,1,18,1,0,DSL,0,0,0,0,1,0,Month-to-month,0,Mailed check,55.95,1082.8,1.839250493
8931-GJJIQ,1,Female,0,0,0,9,1,1,Fiber optic,0,0,0,0,0,1,Month-to-month,1,Electronic check,83.3,803.3,2.738330046
8932-CZHRQ,0,Male,0,0,0,68,1,1,DSL,1,1,1,0,0,1,One year,0,Credit card (automatic),76.75,5233.25,2.523011177
8937-RDTHP,1,Male,0,0,0,1,1,0,Fiber optic,1,0,0,0,0,1,Month-to-month,1,Mailed check,84.6,84.6,2.781065089
8938-UMKPI,1,Female,0,0,0,47,1,1,Fiber optic,0,1,1,0,1,1,Month-to-month,1,Electronic check,106.4,5127.95,3.497698882
8942-DBMHZ,0,Male,0,0,0,12,1,0,No,0,0,0,0,0,0,Month-to-month,0,Mailed check,20.45,255.35,0.672255095
8943-URTMR,1,Female,0,0,0,2,1,0,Fiber optic,0,0,0,0,1,0,Month-to-month,1,Mailed check,79.65,152.7,2.618343195
8944-AILEF,0,Male,0,1,0,15,1,0,No,0,0,0,0,0,0,Month-to-month,1,Credit card (automatic),19.45,340.85,0.639381986
8945-GRKHX,1,Female,0,0,1,1,1,0,Fiber optic,0,0,0,0,0,1,Month-to-month,0,Electronic check,78.65,78.65,2.585470085
8945-MUQUF,1,Male,0,0,0,51,1,1,Fiber optic,1,1,0,0,1,0,One year,1,Electronic check,94.8,4837.6,3.116370809
8946-BFWSG,0,Male,0,1,1,63,1,1,No,0,0,0,0,0,0,Two year,0,Mailed check,25.25,1573.05,0.830046022
8947-YRTDV,0,Male,0,1,1,32,1,0,Fiber optic,1,1,1,0,0,1,One year,0,Mailed check,94.8,3131.55,3.116370809
8949-JTMAY,1,Female,0,0,0,29,1,1,Fiber optic,0,0,1,0,1,1,Month-to-month,1,Credit card (automatic),98.6,2933.2,3.241288626
8950-MTZNV,0,Male,0,0,0,1,1,0,DSL,0,0,0,0,0,0,Month-to-month,1,Mailed check,44.95,44.95,1.477646285
8952-WCVCD,0,Female,0,1,0,41,1,0,Fiber optic,1,1,1,0,1,1,One year,1,Bank transfer (automatic),104.45,4162.05,3.433596318
8957-THMOA,0,Female,0,0,1,50,1,0,No,0,0,0,0,0,0,Two year,0,Credit card (automatic),20.15,970.85,0.662393162
8958-JPTRR,0,Female,0,1,0,56,1,1,No,0,0,0,0,0,0,One year,0,Electronic check,24.3,1261.7,0.798816568
8961-QDZZJ,0,Female,0,1,1,57,1,0,Fiber optic,0,1,0,0,1,1,One year,1,Electronic check,95,5535.8,3.122945431
8963-JLGJT,0,Male,0,0,1,3,1,0,DSL,1,0,1,0,0,0,Month-to-month,0,Mailed check,55.9,157.55,1.837606838
8963-MQVYN,0,Female,0,0,1,22,1,0,No,0,0,0,0,0,0,Month-to-month,1,Electronic check,20.55,469.85,0.675542406
8966-KZXXA,0,Male,0,1,1,36,1,1,No,0,0,0,0,0,0,Two year,0,Credit card (automatic),25.1,930.95,0.825115056
8966-OIQHG,0,Female,0,1,1,22,1,0,No,0,0,0,0,0,0,One year,0,Bank transfer (automatic),20.75,452.35,0.682117028
8966-SNIZF,0,Female,0,1,0,70,1,0,No,0,0,0,0,0,0,Two year,0,Bank transfer (automatic),19.45,1303.5,0.639381986
8967-SZQAS,0,Female,0,0,0,14,1,0,DSL,0,1,0,0,0,0,Month-to-month,0,Electronic check,50.45,765.45,1.658448389
8969-PRHFK,0,Male,0,0,0,18,1,0,No,0,0,0,0,0,0,One year,0,Mailed check,19.65,411.25,0.645956607
8970-ANWXO,0,Female,0,0,0,23,1,1,DSL,0,0,0,1,1,1,One year,1,Mailed check,73.75,1756.6,2.424391847
8972-HJWNV,1,Female,1,1,0,7,1,1,Fiber optic,0,0,0,0,0,1,Month-to-month,1,Electronic check,84.55,646.85,2.779421433
8974-OVACP,0,Female,0,0,0,1,1,0,No,0,0,0,0,0,0,Month-to-month,0,Mailed check,20.15,20.15,0.662393162
8975-SKGRX,0,Male,0,1,0,71,1,1,Fiber optic,1,1,1,1,1,1,Two year,1,Bank transfer (automatic),116.1,8310.55,3.816568047
8976-OQHGT,1,Female,0,1,1,4,1,0,DSL,0,1,0,1,0,0,Month-to-month,0,Mailed check,56.5,235.1,1.857330703
8979-CAMGB,0,Male,1,0,0,64,1,1,Fiber optic,0,0,1,1,1,1,One year,0,Electronic check,102.1,6688.1,3.35634451
8980-WQFWL,0,Female,0,0,0,35,1,0,DSL,0,0,1,0,0,1,Month-to-month,1,Electronic check,62.1,2096.1,2.041420118
8981-FJGLA,0,Male,0,0,1,11,1,1,Fiber optic,0,0,1,0,0,0,Month-to-month,1,Mailed check,78,851.8,2.564102564
8982-NHAVY,0,Male,0,0,0,27,1,1,Fiber optic,0,0,1,0,1,1,One year,1,Bank transfer (automatic),100.5,2673.45,3.303747535
8984-EYLLL,0,Male,0,1,0,64,1,1,Fiber optic,0,1,0,1,1,1,Two year,1,Electronic check,105.25,6823.4,3.459894806
8984-HPEMB,0,Female,0,0,0,71,1,1,Fiber optic,1,1,1,1,1,1,Two year,1,Electronic check,118.65,8477.6,3.900394477
8985-OOPOS,0,Female,0,0,0,1,1,0,DSL,0,0,1,1,1,1,One year,0,Credit card (automatic),74.1,74.1,2.435897436
8988-ECPJR,1,Female,1,1,1,34,1,1,Fiber optic,0,1,0,0,0,0,Month-to-month,1,Mailed check,79.6,2718.3,2.61669954
8990-YOZLV,0,Female,0,0,0,69,1,1,DSL,1,1,0,1,0,0,Two year,1,Mailed check,66.9,4577.9,2.199211045
8990-ZXLSU,0,Female,0,0,0,9,1,0,Fiber optic,0,0,0,0,0,0,Month-to-month,0,Electronic check,69.05,651.5,2.269888231
8992-CEUEN,0,Female,0,0,0,1,1,0,No,0,0,0,0,0,0,Month-to-month,0,Electronic check,18.85,18.85,0.61965812
8992-JQYUN,1,Male,0,1,0,1,0,0,DSL,0,0,1,0,1,1,Month-to-month,1,Electronic check,50.35,50.35,1.655161078
8992-OBVDG,0,Male,0,0,0,21,1,0,DSL,0,0,1,0,0,1,Month-to-month,0,Mailed check,61.65,1393.6,2.026627219
8992-VONJD,0,Female,0,0,1,13,1,0,DSL,1,1,0,0,0,0,Month-to-month,1,Electronic check,56,764.55,1.840894149
8993-IZEUX,0,Male,0,0,0,7,1,0,Fiber optic,0,0,0,0,0,0,Month-to-month,0,Bank transfer (automatic),69.15,488.65,2.273175542
8993-PHFWD,1,Female,0,0,0,3,0,0,DSL,0,0,0,0,0,0,Month-to-month,0,Electronic check,25.25,58.9,0.830046022
8996-ZROXE,0,Male,1,0,0,57,1,0,DSL,0,0,1,1,0,0,One year,1,Electronic check,53.5,3035.8,1.758711374
8999-BOHSE,1,Female,1,0,0,11,1,0,Fiber optic,0,0,0,0,1,1,Month-to-month,0,Bank transfer (automatic),89.7,1047.7,2.948717949
8999-EXMNO,0,Female,0,1,1,19,1,0,No,0,0,0,0,0,0,Two year,0,Mailed check,20.15,387.7,0.662393162
8999-XXGNS,0,Female,1,1,0,72,1,1,Fiber optic,0,1,1,0,1,1,One year,1,Credit card (automatic),105.75,7629.85,3.476331361
8999-YPYBV,0,Male,0,1,1,45,1,0,DSL,1,1,1,1,1,1,Two year,1,Mailed check,84.35,3858.05,2.772846811
9000-PLFUZ,0,Female,1,1,0,60,0,0,DSL,0,1,0,0,1,1,Two year,1,Credit card (automatic),49.45,2907.55,1.625575279
9003-CPATH,0,Male,0,0,0,42,1,1,Fiber optic,0,0,1,0,0,0,Month-to-month,0,Electronic check,79.9,3313.4,2.626561473
9013-AQORL,0,Female,0,0,1,48,0,0,DSL,0,1,1,0,0,1,Month-to-month,0,Credit card (automatic),45.55,2108.35,1.497370151
9018-PCIOK,0,Female,0,0,0,55,1,0,DSL,0,1,1,0,0,1,Two year,1,Mailed check,64.75,3617.1,2.128533859
9019-QVLZD,1,Female,0,0,0,1,1,0,Fiber optic,0,0,0,0,1,0,Month-to-month,0,Electronic check,79.55,79.55,2.615055884
9025-AOMKI,1,Female,0,0,0,6,1,1,Fiber optic,0,0,0,0,1,1,Month-to-month,1,Bank transfer (automatic),93.55,536.4,3.075279421
9025-ZRPVR,1,Male,0,0,0,9,1,0,No,0,0,0,0,0,0,Month-to-month,1,Mailed check,18.95,185.6,0.622945431
9026-LHEVG,0,Female,0,0,0,9,0,0,DSL,0,1,0,0,0,1,Month-to-month,0,Electronic check,40.75,359.4,1.339579224
9026-RNUJS,1,Male,1,0,0,5,1,0,DSL,0,0,1,0,0,0,Month-to-month,0,Electronic check,50.35,237.25,1.655161078
9027-TMATR,0,Female,0,1,0,43,1,0,DSL,1,0,1,1,1,1,Two year,1,Electronic check,78.8,3460.3,2.590401052
9027-YFHQJ,0,Male,0,0,0,7,1,1,No,0,0,0,0,0,0,Month-to-month,1,Bank transfer (automatic),25.05,152.95,0.8234714
9028-LIHRP,0,Male,0,1,1,71,1,0,Fiber optic,1,1,1,1,1,0,Two year,0,Credit card (automatic),100.2,7209,3.293885602
9029-FEGVJ,0,Female,1,1,0,32,1,1,Fiber optic,0,0,1,0,0,0,Month-to-month,0,Mailed check,79.3,2570,2.606837607
9030-QGZNL,0,Female,0,0,0,8,1,0,No,0,0,0,0,0,0,Two year,0,Mailed check,20.85,161.65,0.685404339
9031-ZVQPT,0,Male,0,1,0,72,1,1,Fiber optic,0,1,1,1,1,1,Two year,1,Electronic check,108.2,7840.6,3.55687048
9033-EOXWV,1,Female,0,0,0,12,1,1,DSL,0,0,0,1,1,1,One year,0,Mailed check,74.05,872.65,2.43425378
9036-CSKBW,0,Female,0,0,0,51,1,1,Fiber optic,1,1,1,0,1,1,One year,0,Bank transfer (automatic),107.45,5680.9,3.532215648
9039-RBEEE,1,Male,0,0,0,39,0,0,DSL,1,1,0,1,1,0,Month-to-month,1,Credit card (automatic),48.95,1880.85,1.609138725
9039-ZVJDC,0,Male,0,0,0,3,1,0,No,0,0,0,0,0,0,Month-to-month,1,Mailed check,19.1,53.05,0.627876397
9040-KZVWO,0,Male,0,0,0,26,1,0,Fiber optic,0,1,0,0,0,0,One year,0,Bank transfer (automatic),75.5,2018.1,2.48191979
9046-DQMTP,0,Male,0,0,0,35,1,0,No,0,0,0,0,0,0,Month-to-month,0,Bank transfer (automatic),20.75,739.9,0.682117028
9046-JBFWA,0,Male,0,0,1,27,1,0,No,0,0,0,0,0,0,Month-to-month,0,Mailed check,19.15,537.35,0.629520053
9048-JVYVF,1,Male,0,0,0,3,1,0,DSL,0,0,0,1,1,1,Month-to-month,1,Electronic check,69.35,191.35,2.279750164
9050-IKDZA,0,Female,1,0,0,2,1,0,Fiber optic,0,0,0,0,1,0,Month-to-month,0,Mailed check,81.5,162.55,2.679158448
9050-QLROH,1,Male,0,0,0,18,1,1,Fiber optic,0,0,1,0,0,1,Month-to-month,1,Credit card (automatic),90.7,1597.25,2.981591059
9052-DHNKM,0,Male,0,0,0,26,1,1,DSL,1,1,0,0,0,0,One year,0,Electronic check,61.55,1581.95,2.023339908
9052-VKDUW,0,Female,1,1,0,65,1,1,Fiber optic,1,1,1,0,1,1,Month-to-month,1,Credit card (automatic),109.4,7227.45,3.596318212
9053-EJUNL,0,Male,0,0,0,41,1,1,Fiber optic,0,1,0,0,1,0,Month-to-month,1,Electronic check,89.2,3645.75,2.932281394
9053-JZFKV,1,Male,0,0,0,67,1,1,Fiber optic,1,1,1,1,1,1,Two year,0,Credit card (automatic),116.2,7752.3,3.819855358
9054-FOWNV,0,Male,0,1,1,22,1,1,Fiber optic,0,0,1,0,1,0,Month-to-month,1,Electronic check,88.75,1885.15,2.917488494
9055-MOJJJ,0,Female,0,1,1,64,1,0,DSL,1,0,0,1,1,0,One year,0,Mailed check,65.8,4068,2.163050625
9057-MSWCO,1,Male,1,1,0,27,0,0,DSL,1,0,0,0,0,0,Month-to-month,0,Credit card (automatic),30.75,805.1,1.010848126
9057-SIHCH,1,Female,0,0,0,3,1,1,Fiber optic,0,0,0,0,1,1,Month-to-month,1,Electronic check,96.6,291.9,3.175542406
9058-CBREO,1,Female,1,0,0,1,1,1,DSL,0,0,0,0,0,0,Month-to-month,0,Mailed check,50.55,50.55,1.6617357
9058-HRZSV,0,Female,1,1,0,65,1,0,Fiber optic,1,1,1,0,0,1,Month-to-month,0,Electronic check,94.4,6126.15,3.103221565
9058-MJLZC,0,Female,0,0,0,24,1,0,Fiber optic,1,0,0,0,1,1,Month-to-month,1,Electronic check,94.6,2283.15,3.109796187
9060-HJJRW,0,Female,0,0,0,51,0,0,DSL,0,1,1,0,1,1,One year,1,Credit card (automatic),56.4,2928.5,1.854043393
9061-TIHDA,1,Male,1,1,0,13,1,1,Fiber optic,0,0,0,0,1,1,Month-to-month,1,Electronic check,95.25,1233.65,3.131163708
9063-ZGTUY,1,Female,0,1,1,61,1,0,No,0,0,0,0,0,0,Month-to-month,1,Mailed check,19.4,1182.55,0.63773833
9065-ZCPQX,0,Male,0,1,0,72,1,1,DSL,1,1,1,1,0,1,Two year,0,Bank transfer (automatic),78.85,5763.15,2.592044707
9066-QRSDU,0,Female,0,1,0,69,1,1,No,0,0,0,0,0,0,One year,1,Electronic check,26.3,1763.55,0.864562788
9067-SQTNS,0,Male,0,1,1,44,1,0,No,0,0,0,0,0,0,One year,0,Bank transfer (automatic),20.6,926,0.677186062
9067-YGSCA,0,Female,0,0,0,70,1,1,No,0,0,0,0,0,0,One year,0,Credit card (automatic),26.05,1856.4,0.85634451
9068-FHQHD,0,Female,0,1,1,40,1,0,No,0,0,0,0,0,0,Two year,0,Bank transfer (automatic),20.15,777.35,0.662393162
9068-VPWQQ,0,Male,0,1,0,61,1,1,DSL,1,0,1,1,0,1,Two year,0,Credit card (automatic),75.35,4729.3,2.476988823
9069-LGEUL,0,Male,0,1,0,23,1,0,DSL,1,0,0,0,0,1,Month-to-month,1,Bank transfer (automatic),59.95,1406,1.970742932
9070-BCKQP,0,Female,0,1,0,72,1,1,Fiber optic,1,0,1,1,1,1,Two year,1,Credit card (automatic),110.15,7881.2,3.620973044
9073-ZZIAY,0,Male,0,1,1,62,1,0,DSL,1,1,1,1,1,1,Two year,0,Electronic check,86.1,5215.25,2.830374753
9074-KGVOX,0,Male,0,1,1,50,0,0,DSL,1,0,0,0,1,0,Month-to-month,1,Credit card (automatic),39.45,2021.35,1.296844181
9076-AXYIK,0,Male,1,1,0,64,1,1,Fiber optic,0,0,1,1,1,1,Two year,0,Electronic check,102.1,6538.45,3.35634451
9079-LWTFD,0,Male,0,0,0,47,1,1,Fiber optic,1,1,0,1,1,0,Month-to-month,0,Mailed check,100.75,4669.2,3.311965812
9079-YEXQJ,1,Female,0,0,0,54,1,1,Fiber optic,0,1,1,1,1,1,Month-to-month,0,Electronic check,111.1,6014.85,3.652202498
9081-WWXKP,0,Female,0,1,1,47,1,0,No,0,0,0,0,0,0,Two year,0,Credit card (automatic),20.25,873.4,0.665680473
9084-OAYKL,0,Male,0,0,0,58,1,0,No,0,0,0,0,0,0,Two year,0,Mailed check,20.8,1212.25,0.683760684
9086-YJYXS,0,Male,0,1,1,34,1,1,DSL,0,0,1,0,1,1,One year,0,Bank transfer (automatic),77.2,2753.8,2.537804076
9087-EYCPR,0,Female,0,0,0,60,1,1,No,0,0,0,0,0,0,Two year,0,Mailed check,25,1505.05,0.821827745
9089-UOWJG,0,Female,0,1,1,12,1,0,DSL,0,0,1,0,1,0,Month-to-month,1,Credit card (automatic),58.35,740.55,1.918145957
9090-SGQXL,1,Male,1,1,0,68,1,1,Fiber optic,0,1,1,0,1,1,Month-to-month,1,Electronic check,105.3,7299.65,3.461538462
9091-WTUUY,0,Male,0,1,1,64,1,0,DSL,1,0,1,1,1,0,Two year,0,Mailed check,69.25,4447.75,2.276462853
9092-GDZKO,0,Male,0,0,0,22,1,1,No,0,0,0,0,0,0,Month-to-month,1,Credit card (automatic),24.85,493.4,0.816896778
9093-FPDLG,0,Female,0,0,0,11,1,0,Fiber optic,0,1,1,1,0,1,Month-to-month,1,Electronic check,94.2,999.9,3.096646943
9094-AZPHK,0,Female,0,0,0,15,1,1,Fiber optic,0,1,0,0,1,1,Month-to-month,1,Electronic check,100.15,1415,3.292241946
9095-HFAFX,1,Female,0,0,0,5,1,0,Fiber optic,0,0,0,0,1,0,Month-to-month,1,Credit card (automatic),81,389.6,2.662721893
9097-ZUBYC,0,Male,0,1,0,14,1,0,DSL,0,0,0,1,0,0,Month-to-month,0,Bank transfer (automatic),48.8,664.4,1.604207758
9099-FTUHS,0,Female,0,0,0,23,1,1,DSL,1,0,0,0,0,0,Month-to-month,0,Electronic check,54.4,1249.25,1.788297173
9101-BWFSS,1,Female,0,1,0,50,1,1,Fiber optic,1,1,0,1,1,1,One year,0,Electronic check,108.55,5610.7,3.568376068
9101-NTIXF,0,Male,0,0,0,2,1,0,No,0,0,0,0,0,0,Month-to-month,0,Mailed check,19.4,50.6,0.63773833
9102-IAYHT,1,Female,0,1,1,17,1,1,Fiber optic,0,0,0,0,0,1,Month-to-month,1,Electronic check,85.45,1451.6,2.809007232
9102-OXKFY,0,Male,0,0,0,59,1,1,DSL,0,0,1,0,0,0,Two year,0,Credit card (automatic),54.15,3116.15,1.780078895
9103-CXVOK,0,Male,0,1,1,1,1,0,No,0,0,0,0,0,0,Month-to-month,0,Electronic check,19.75,19.75,0.649243918
9103-TCIHJ,1,Female,0,0,0,15,1,1,DSL,1,0,0,0,0,0,Month-to-month,1,Mailed check,55.7,899.8,1.831032216
9107-UKCKY,0,Male,0,1,0,61,1,1,DSL,0,1,1,0,1,1,One year,1,Electronic check,79.8,4914.8,2.623274162
9108-EJFJP,0,Female,0,1,0,1,1,0,DSL,1,1,0,0,0,0,Month-to-month,1,Mailed check,53.55,53.55,1.76035503
9108-EQPNQ,0,Female,0,1,1,10,1,1,No,0,0,0,0,0,0,Two year,0,Credit card (automatic),26.1,225.55,0.857988166
9110-HSGTV,0,Female,0,0,0,69,1,0,DSL,1,0,1,1,1,1,Two year,1,Credit card (automatic),82.45,5555.3,2.710387903
9112-WSNPU,0,Female,1,0,0,35,1,0,Fiber optic,0,0,0,0,0,0,Month-to-month,0,Electronic check,70.55,2419,2.319197896
9114-AAFQH,0,Female,0,1,0,48,1,0,DSL,0,1,1,0,0,1,One year,1,Electronic check,65.65,3094.65,2.158119658
9114-DPSIA,0,Male,0,1,1,72,1,1,DSL,1,1,1,1,0,1,Two year,0,Credit card (automatic),81,5750,2.662721893
9114-VEPUF,0,Male,0,1,0,62,1,1,Fiber optic,1,1,0,0,0,1,One year,0,Electronic check,96.1,6001.45,3.159105851
9115-YQHGA,0,Male,0,0,0,40,1,0,DSL,0,0,0,1,0,0,Month-to-month,1,Electronic check,51.1,2092.9,1.679815911
9117-SHLZX,1,Male,0,0,0,1,1,0,DSL,0,0,0,0,0,0,Month-to-month,1,Mailed check,45.7,45.7,1.502301118
9121-PHQSR,0,Male,1,1,0,16,1,1,Fiber optic,0,0,0,0,1,0,Month-to-month,1,Credit card (automatic),85.05,1391.15,2.795857988
9122-UMROB,0,Male,0,0,0,1,1,0,No,0,0,0,0,0,0,Month-to-month,0,Mailed check,20.3,20.3,0.667324129
9124-LHCJQ,1,Female,0,0,0,1,1,1,Fiber optic,0,0,0,0,0,1,Month-to-month,1,Mailed check,85.45,85.45,2.809007232
9127-FHJBZ,0,Male,0,1,1,72,1,1,Fiber optic,1,1,1,1,1,1,Two year,1,Electronic check,114,8093.15,3.747534517
9127-QRZMH,0,Male,0,1,0,44,1,0,DSL,1,1,0,1,0,0,One year,1,Bank transfer (automatic),59.85,2603.95,1.967455621
9128-CPXKI,0,Female,0,0,0,59,1,0,Fiber optic,0,0,1,0,1,1,Two year,0,Electronic check,95.8,5655.45,3.149243918
9129-UXERG,0,Female,1,0,0,18,1,1,Fiber optic,0,1,0,1,1,1,Month-to-month,1,Credit card (automatic),103.6,1806.35,3.405654175
9133-AYJZG,0,Female,0,0,0,23,1,1,Fiber optic,0,1,0,0,1,1,Month-to-month,1,Credit card (automatic),98.7,2249.1,3.244575937
9134-CEQMF,1,Male,1,1,0,7,1,0,Fiber optic,0,0,0,0,1,1,Month-to-month,1,Electronic check,89.5,676.7,2.942143327
9134-WYRVP,0,Male,0,0,0,51,1,0,Fiber optic,1,0,0,0,1,0,One year,0,Mailed check,86.35,4267.15,2.838593031
9135-HSWOC,0,Male,0,1,1,64,1,0,No,0,0,0,0,0,0,Two year,1,Bank transfer (automatic),19.7,1274.05,0.647600263
9135-MGVPY,0,Male,0,1,0,69,1,0,DSL,1,1,1,1,1,1,Two year,1,Mailed check,84.7,5878.9,2.7843524
9136-ALYBR,1,Male,0,0,0,1,0,0,DSL,0,0,0,0,0,0,Month-to-month,1,Mailed check,24.45,24.45,0.803747535
9137-NOQKA,0,Male,1,0,0,2,1,0,No,0,0,0,0,0,0,Month-to-month,0,Electronic check,19.2,37.2,0.631163708
9137-UIYPG,0,Female,0,1,1,35,1,0,Fiber optic,1,0,1,1,1,1,Month-to-month,1,Electronic check,106.9,3756.45,3.514135437
9138-EFSMO,0,Male,0,1,1,26,1,0,Fiber optic,0,0,0,0,0,1,One year,0,Bank transfer (automatic),78.95,2034.25,2.595332018
9139-TWBAS,0,Female,0,1,0,26,0,0,DSL,1,1,1,0,1,0,One year,0,Bank transfer (automatic),47.85,1190.5,1.572978304
9139-WQQDY,1,Female,0,1,1,49,1,1,Fiber optic,0,1,0,0,1,1,One year,0,Mailed check,100.45,4941.8,3.302103879
9140-CZQZZ,0,Female,0,1,0,68,1,0,DSL,1,1,0,1,1,1,Two year,1,Bank transfer (automatic),79.6,5515.8,2.61669954
9142-KZXOP,0,Male,0,0,0,44,1,0,Fiber optic,0,0,0,0,0,0,Month-to-month,0,Credit card (automatic),68.85,2958.95,2.263313609
9142-XMYJH,0,Female,0,0,0,29,1,0,No,0,0,0,0,0,0,Month-to-month,0,Credit card (automatic),19.35,601.6,0.636094675
9143-CANJF,0,Female,0,1,1,24,1,0,DSL,1,0,0,1,0,0,Month-to-month,0,Electronic check,55.15,1319.85,1.812952005
9146-JRIOX,0,Female,0,1,1,14,1,1,No,0,0,0,0,0,0,Month-to-month,0,Mailed check,25.55,372.45,0.839907955
9150-HEPMB,0,Male,0,0,0,56,1,0,DSL,1,0,1,0,0,0,One year,0,Mailed check,52.7,3019.7,1.732412886
9150-KPBJQ,0,Female,0,0,0,6,1,0,No,0,0,0,0,0,0,Two year,0,Credit card (automatic),19.65,116.85,0.645956607
9152-AMKAK,0,Male,0,0,0,6,1,0,DSL,1,0,1,1,1,1,Two year,1,Mailed check,80.25,493.4,2.638067061
9153-BTBVV,0,Female,0,1,0,71,1,1,No,0,0,0,0,0,0,Two year,0,Bank transfer (automatic),25,1753,0.821827745
9154-QDGTH,0,Male,0,1,1,43,1,1,Fiber optic,0,0,1,1,1,1,One year,1,Credit card (automatic),104.3,4451.85,3.428665352
9158-VCTQB,1,Female,0,1,0,41,1,1,Fiber optic,1,1,1,1,1,1,Month-to-month,1,Bank transfer (automatic),113.6,4594.95,3.734385273
9163-GHAYE,0,Female,0,0,0,15,1,0,DSL,0,1,0,0,0,0,Month-to-month,0,Electronic check,48.85,736.8,1.605851414
9167-APMXZ,0,Female,0,0,0,22,1,1,Fiber optic,0,0,0,0,1,0,Month-to-month,1,Bank transfer (automatic),84.15,1821.95,2.766272189
9168-INPSZ,0,Female,1,1,0,44,1,1,Fiber optic,0,0,1,1,1,1,Month-to-month,0,Electronic check,104.15,4495.65,3.423734385
9169-BSVIN,0,Male,0,0,0,12,1,1,DSL,0,0,1,0,1,1,Month-to-month,0,Bank transfer (automatic),74.75,827.05,2.457264957
9170-ARBTB,0,Female,0,1,1,52,1,0,No,0,0,0,0,0,0,One year,0,Credit card (automatic),19.6,1012.4,0.644312952
9170-CCKOU,1,Male,0,1,0,17,1,1,Fiber optic,1,1,1,0,0,0,Month-to-month,0,Credit card (automatic),90.2,1454.15,2.965154504
9170-GYZJC,1,Female,0,1,1,41,1,1,DSL,1,1,1,1,0,1,Month-to-month,0,Credit card (automatic),79.9,3326.2,2.626561473
9172-ANCRX,1,Female,0,0,0,10,1,1,Fiber optic,1,0,0,0,1,1,Month-to-month,1,Electronic check,98.7,973.25,3.244575937
9172-JITSM,1,Female,0,1,1,26,1,0,Fiber optic,0,0,0,0,1,1,Month-to-month,1,Electronic check,90.8,2361.8,2.984878369
9173-IVZVP,0,Female,0,1,1,53,1,0,No,0,0,0,0,0,0,Two year,0,Mailed check,20.9,1146.05,0.687047995
9174-FKWZE,1,Female,1,0,0,1,1,0,No,0,0,0,0,0,0,Month-to-month,1,Electronic check,19.45,19.45,0.639381986
9174-IHETN,0,Female,0,0,1,50,1,0,Fiber optic,0,0,0,0,0,0,Two year,0,Credit card (automatic),70.35,3533.6,2.312623274
9178-JHUVJ,0,Male,0,1,1,24,1,1,No,0,0,0,0,0,0,Two year,1,Bank transfer (automatic),24.1,587.4,0.792241946
9184-GALIL,0,Female,0,1,1,38,1,0,No,0,0,0,0,0,0,Month-to-month,0,Mailed check,20.45,781.25,0.672255095
9185-TQCVP,1,Male,0,1,0,14,1,1,Fiber optic,0,0,0,0,0,1,Month-to-month,1,Electronic check,85.15,1139.2,2.799145299
9189-JWSHV,1,Female,1,1,0,24,1,1,Fiber optic,0,0,0,0,1,1,Month-to-month,1,Electronic check,93.55,2264.05,3.075279421
9190-MFJLN,1,Male,1,0,0,19,1,0,Fiber optic,0,0,1,0,1,1,Month-to-month,1,Credit card (automatic),95.9,1777.9,3.152531229
9191-MYQKX,1,Female,0,1,0,7,1,0,Fiber optic,0,0,1,0,0,0,Month-to-month,1,Bank transfer (automatic),75.15,496.9,2.470414201
9194-GFVOI,0,Female,0,1,0,42,1,1,DSL,1,0,1,1,1,1,Two year,0,Credit card (automatic),84.35,3571.6,2.772846811
9199-PWQVC,0,Female,0,1,0,63,1,1,DSL,1,1,0,0,1,1,One year,1,Credit card (automatic),79.7,4786.15,2.619986851
9200-NLNPD,0,Male,0,1,0,56,0,0,DSL,0,0,1,1,1,1,One year,1,Bank transfer (automatic),54.05,2959.8,1.776791584
9206-GVPEQ,1,Male,0,1,0,13,0,0,DSL,1,0,0,1,1,1,Month-to-month,1,Electronic check,54.45,706.85,1.789940828
9207-ZPANB,0,Male,0,0,0,37,1,1,DSL,1,1,1,1,0,0,One year,0,Electronic check,67.45,2443.3,2.217291256
9208-OLGAQ,0,Female,1,0,0,18,1,0,Fiber optic,0,0,1,0,0,1,Month-to-month,1,Electronic check,84.95,1443.65,2.792570677
9209-NWPGU,0,Male,0,0,0,44,1,0,DSL,1,0,0,1,1,0,One year,0,Electronic check,65.4,2774.55,2.149901381
9210-IAHGH,1,Female,0,0,0,7,1,0,DSL,0,0,0,1,1,1,Month-to-month,1,Credit card (automatic),70.75,450.8,2.325772518
9214-EKVXR,0,Female,0,0,0,1,1,0,DSL,0,0,0,0,0,0,Month-to-month,1,Mailed check,44,44,1.446416831
9220-CXRSC,0,Female,0,1,1,69,1,1,DSL,1,0,0,1,0,0,Two year,0,Credit card (automatic),61.4,4059.85,2.018408941
9220-ZNKJI,0,Female,1,1,0,55,1,0,Fiber optic,0,0,1,1,1,0,Two year,0,Credit card (automatic),88.8,4805.3,2.91913215
9221-OTIVJ,1,Female,1,0,0,14,1,1,Fiber optic,0,1,1,0,1,1,Month-to-month,1,Electronic check,104.85,1531.4,3.446745562
9223-UCPVT,1,Female,0,0,0,1,1,0,Fiber optic,0,0,1,0,1,1,Month-to-month,0,Electronic check,94.4,94.4,3.103221565
9224-VTYID,0,Male,0,1,1,47,1,1,DSL,1,1,1,1,1,1,Two year,1,Mailed check,90.5,4318.35,2.975016437
9225-BZLNZ,0,Male,0,1,0,72,1,1,DSL,1,1,1,0,1,1,Two year,1,Electronic check,85.25,6083.1,2.80243261
9227-LUNBG,1,Female,0,0,0,1,0,0,DSL,0,0,0,0,0,0,Month-to-month,0,Electronic check,24.6,24.6,0.808678501
9227-UAQFT,0,Male,0,0,0,16,1,0,No,0,0,0,0,0,0,Two year,0,Mailed check,19.75,284.35,0.649243918
9227-YBAXE,0,Female,0,1,1,65,1,1,DSL,1,1,0,1,1,1,Two year,1,Bank transfer (automatic),82.5,5215.1,2.712031558
9229-RQABD,0,Male,0,0,0,18,1,1,No,0,0,0,0,0,0,One year,0,Mailed check,23.75,424.5,0.780736358
9231-ZJYAM,1,Female,1,0,0,4,1,0,Fiber optic,0,0,0,0,1,0,Month-to-month,1,Electronic check,78.85,292.8,2.592044707
9233-PSYHO,0,Female,1,0,0,45,1,1,Fiber optic,0,0,1,0,1,1,One year,1,Bank transfer (automatic),100.15,4459.8,3.292241946
9236-NDUCW,0,Female,0,0,0,21,0,0,DSL,1,0,0,1,0,0,Two year,0,Mailed check,35.1,770.4,1.153846154
9237-HQITU,1,Female,0,0,0,2,1,0,Fiber optic,0,0,0,0,0,0,Month-to-month,1,Electronic check,70.7,151.65,2.324128863
9239-GZHZE,0,Female,0,1,0,72,1,1,Fiber optic,1,1,1,1,1,1,Two year,1,Credit card (automatic),113.65,8124.2,3.736028928
9239-ZBZZV,1,Female,0,0,0,6,0,0,DSL,0,0,1,0,1,1,Month-to-month,1,Electronic check,47.95,305.1,1.576265615
9242-TKFSV,0,Male,0,1,1,72,0,0,DSL,1,1,1,1,1,1,Two year,1,Credit card (automatic),65.1,4754.3,2.140039448
9244-ZVAPM,0,Male,0,0,0,1,1,0,DSL,0,0,0,0,0,0,Month-to-month,0,Mailed check,45.6,45.6,1.499013807
9248-OJYKK,1,Male,1,0,0,1,1,1,Fiber optic,0,0,0,0,0,0,Month-to-month,1,Electronic check,76.45,76.45,2.513149244
9249-FXSCK,1,Female,0,0,0,52,1,1,Fiber optic,1,1,0,1,1,1,One year,1,Credit card (automatic),111.25,5916.45,3.657133465
9250-WYPLL,1,Female,0,0,0,5,1,1,Fiber optic,0,0,0,0,0,0,Month-to-month,0,Electronic check,75.55,413.65,2.483563445
9251-AWQGT,0,Female,0,1,1,48,1,0,No,0,0,0,0,0,0,Two year,0,Mailed check,20,935.9,0.657462196
9251-WNSOD,0,Female,0,1,0,67,1,1,DSL,1,1,1,0,0,1,One year,0,Mailed check,75.1,5064.45,2.468770546
9253-QXKBE,1,Male,1,1,0,29,1,1,Fiber optic,0,0,0,0,1,1,Month-to-month,1,Electronic check,94.45,2653.65,3.10486522
9253-VIFJQ,0,Male,0,1,0,65,1,1,DSL,1,1,1,0,0,0,One year,0,Credit card (automatic),67.05,4309.55,2.204142012
9254-RBFON,1,Female,0,1,1,17,1,0,Fiber optic,0,0,1,1,1,1,One year,0,Bank transfer (automatic),98.6,1704.95,3.241288626
9256-JTBNZ,0,Female,0,0,0,11,1,0,No,0,0,0,0,0,0,Month-to-month,0,Bank transfer (automatic),20.3,246.3,0.667324129
9257-AZMTZ,0,Female,0,1,1,52,1,0,No,0,0,0,0,0,0,Two year,0,Bank transfer (automatic),20.1,1078.75,0.660749507
9258-CNWAC,0,Female,0,1,1,71,1,1,Fiber optic,1,1,1,1,1,1,Two year,0,Credit card (automatic),113.65,8166.8,3.736028928
9259-PACGQ,1,Female,0,1,0,34,1,1,DSL,1,1,0,1,0,0,Month-to-month,0,Electronic check,62.65,2274.9,2.059500329
9261-WDCAF,0,Male,0,0,0,3,1,0,DSL,0,0,0,0,0,1,Month-to-month,0,Mailed check,54.65,189.1,1.79651545
9269-CQOOL,1,Male,0,0,1,3,1,0,DSL,0,0,0,0,1,0,Month-to-month,1,Credit card (automatic),54.7,169.45,1.798159106
9272-LSVYH,0,Male,0,0,0,10,1,0,Fiber optic,0,0,0,0,0,0,Month-to-month,0,Mailed check,70.15,735.5,2.306048652
9274-CNFMO,1,Male,1,1,0,4,1,1,Fiber optic,0,0,0,0,0,0,Month-to-month,0,Electronic check,74.95,308.7,2.463839579
9274-UARKJ,0,Female,0,0,0,15,1,0,Fiber optic,0,1,0,0,1,0,Month-to-month,1,Bank transfer (automatic),83.2,1130,2.735042735
9277-JOOMO,0,Female,0,0,0,3,1,1,No,0,0,0,0,0,0,Month-to-month,0,Mailed check,24.6,86.35,0.808678501
9278-VZKCD,0,Female,1,1,0,52,1,1,Fiber optic,1,1,1,0,1,1,Month-to-month,1,Electronic check,109.1,5647.95,3.586456279
9279-CJEOJ,0,Female,1,0,0,21,1,1,Fiber optic,0,0,0,0,1,1,Month-to-month,1,Bank transfer (automatic),95.4,2025.1,3.136094675
9281-CEDRU,0,Female,0,1,0,68,1,0,DSL,0,1,0,1,1,0,Two year,0,Bank transfer (automatic),64.1,4326.25,2.107166338
9281-OFDMF,0,Male,1,0,0,39,1,1,Fiber optic,0,1,0,0,0,1,Month-to-month,0,Electronic check,90.7,3413.25,2.981591059
9281-PKKZE,0,Female,0,1,0,46,0,0,DSL,0,0,0,0,1,1,Month-to-month,1,Electronic check,43.95,2007.85,1.444773176
9282-IZGQK,1,Female,0,0,0,1,1,1,Fiber optic,0,0,0,0,0,1,Month-to-month,1,Electronic check,85,85,2.794214333
9283-LZQOH,1,Male,0,1,1,13,1,1,Fiber optic,0,0,0,0,0,0,Month-to-month,1,Credit card (automatic),74.4,896.75,2.445759369
9286-BHDQG,0,Male,0,1,1,72,0,0,DSL,1,1,1,1,0,0,Two year,0,Credit card (automatic),45.25,3139.8,1.487508218
9286-DOJGF,1,Female,1,1,0,38,1,1,Fiber optic,0,0,0,0,0,0,Month-to-month,1,Bank transfer (automatic),74.95,2869.85,2.463839579
9289-LBQVU,0,Male,0,1,0,64,1,1,DSL,0,1,0,1,0,1,One year,1,Mailed check,70.15,4480.7,2.306048652
9290-SHCMB,0,Female,1,0,0,13,1,0,Fiber optic,0,0,1,0,1,1,Month-to-month,1,Electronic check,96.85,1235.55,3.183760684
9294-TDIPC,0,Male,0,0,1,5,1,0,No,0,0,0,0,0,0,Month-to-month,0,Mailed check,20.2,83.75,0.664036818
9297-EONCV,0,Female,0,0,0,72,1,1,DSL,1,1,1,1,1,1,Two year,1,Bank transfer (automatic),91.35,6697.2,3.00295858
9297-FVVDH,0,Female,0,1,1,57,1,1,DSL,1,0,1,1,1,1,Two year,1,Electronic check,84.5,4845.4,2.777777778
9298-WGMRW,0,Female,0,1,0,72,1,1,Fiber optic,1,1,1,1,1,1,Two year,1,Bank transfer (automatic),115.5,8312.75,3.796844181
9300-AGZNL,1,Male,1,0,0,1,1,1,Fiber optic,0,0,0,0,1,1,Month-to-month,1,Electronic check,94,94,3.090072321
9300-RENDD,1,Male,0,0,0,1,1,0,Fiber optic,0,0,0,0,1,0,Month-to-month,1,Electronic check,79.95,79.95,2.628205128
9305-CDSKC,1,Female,0,0,0,8,1,1,Fiber optic,0,0,1,0,1,1,Month-to-month,1,Electronic check,99.65,820.5,3.275805391
9306-CPCBC,1,Female,0,0,0,3,1,1,Fiber optic,0,0,0,0,0,0,Month-to-month,1,Electronic check,74.25,210.3,2.440828402
9308-ANMVE,0,Male,0,0,1,47,1,0,DSL,1,1,0,0,0,0,Month-to-month,1,Electronic check,55.3,2654.05,1.817882972
9309-BZGNT,0,Male,1,1,0,69,0,0,DSL,0,0,1,0,0,0,One year,1,Credit card (automatic),29.8,2134.3,0.979618672
9313-CDOGY,0,Male,0,1,1,38,1,0,No,0,0,0,0,0,0,Month-to-month,0,Electronic check,19.6,717.3,0.644312952
9313-QOLTZ,0,Male,0,0,0,26,1,0,No,0,0,0,0,0,0,Month-to-month,0,Mailed check,20.9,518.3,0.687047995
9314-IJWSQ,0,Female,0,1,1,14,1,1,Fiber optic,0,0,0,0,1,0,Month-to-month,1,Electronic check,84.8,1203.9,2.787639711
9314-QDMDW,0,Male,0,0,0,11,1,0,DSL,0,1,0,0,1,0,One year,1,Electronic check,61.25,729.95,2.013477975
9317-WZPGV,1,Female,1,0,0,2,1,0,Fiber optic,0,0,0,0,0,1,Month-to-month,1,Bank transfer (automatic),79.75,159.4,2.621630506
9318-NKNFC,1,Male,0,0,0,1,1,0,No,0,0,0,0,0,0,Month-to-month,1,Mailed check,18.85,18.85,0.61965812
9323-HGFWY,0,Female,0,1,0,27,1,0,Fiber optic,1,0,0,1,1,1,One year,1,Credit card (automatic),101.9,2681.15,3.349769888
9327-QSDED,0,Male,0,0,0,8,1,0,DSL,0,0,0,0,0,0,Month-to-month,0,Mailed check,43.55,335.4,1.431623932
9330-DHBFL,0,Female,0,1,1,23,1,0,DSL,1,1,1,1,0,0,One year,1,Mailed check,66.25,1533.8,2.177843524
9330-IJWIO,1,Female,0,0,0,13,1,1,Fiber optic,1,0,0,0,1,1,Month-to-month,1,Electronic check,100.35,1358.85,3.298816568
9330-VOFSZ,0,Female,0,1,0,60,1,1,Fiber optic,0,1,1,1,1,1,Two year,1,Credit card (automatic),110.8,6640.7,3.642340565
9332-GYWLO,0,Female,0,1,1,6,1,0,DSL,0,0,0,0,1,0,Month-to-month,0,Electronic check,54.85,355.1,1.803090072
9334-GWGOW,0,Male,1,1,0,7,1,1,Fiber optic,0,0,0,0,0,0,Month-to-month,1,Electronic check,74.85,485.25,2.460552268
9337-SRRNI,0,Male,0,0,1,66,1,1,No,0,0,0,0,0,0,Two year,1,Credit card (automatic),25.3,1673.8,0.831689678
9339-FIIJL,0,Male,0,1,0,72,1,1,DSL,0,1,1,1,1,1,Two year,0,Bank transfer (automatic),85.95,6151.9,2.825443787
9342-VNIMQ,0,Male,0,0,0,33,1,1,DSL,0,1,0,0,0,0,Month-to-month,1,Bank transfer (automatic),54.65,1665.2,1.79651545
9347-AERRL,0,Male,0,1,0,23,1,0,No,0,0,0,0,0,0,One year,0,Credit card (automatic),19.3,486.2,0.634451019
9348-ROUAI,0,Female,0,1,1,59,1,1,DSL,1,1,1,1,1,1,Two year,0,Credit card (automatic),90.3,5194.05,2.968441815
9348-YVOMK,0,Male,0,0,0,4,1,0,DSL,0,0,0,0,0,0,Month-to-month,1,Credit card (automatic),44.8,176.2,1.472715319
9350-VLHMB,0,Male,0,1,1,67,1,1,Fiber optic,0,1,0,0,0,1,Month-to-month,1,Bank transfer (automatic),89.55,6373.1,2.943786982
9350-ZXYJC,0,Female,0,0,0,4,1,1,No,0,0,0,0,0,0,Two year,1,Credit card (automatic),25.3,116.95,0.831689678
9351-HXDMR,0,Male,0,1,0,72,1,1,Fiber optic,1,0,1,1,1,1,Two year,1,Credit card (automatic),110.9,8240.85,3.645627876
9351-LZYGF,0,Female,0,1,0,42,1,1,DSL,1,1,0,1,0,0,Month-to-month,1,Credit card (automatic),66.4,2727.8,2.18277449
9355-NPPFS,0,Female,1,0,0,26,1,0,Fiber optic,0,0,0,0,0,1,Month-to-month,1,Electronic check,78.8,2006.1,2.590401052
9356-AXGMP,0,Male,0,1,0,38,1,1,Fiber optic,1,0,1,1,1,1,One year,1,Electronic check,110.7,4428.6,3.639053254
9357-UJRUN,0,Male,0,1,0,24,1,1,DSL,1,0,0,1,0,0,One year,1,Electronic check,58.35,1346.9,1.918145957
9359-JANWS,0,Female,0,1,0,65,1,0,DSL,1,0,1,1,0,0,Two year,0,Credit card (automatic),58.9,3857.1,1.936226167
9359-UGBTK,0,Female,0,0,0,67,1,0,DSL,1,0,1,1,0,1,One year,1,Bank transfer (automatic),72.35,4991.5,2.378369494
9360-AHGNL,1,Female,1,1,0,43,1,1,Fiber optic,1,0,1,1,1,1,One year,1,Mailed check,109.55,4830.25,3.601249178
9360-OMDZZ,0,Male,0,0,0,24,1,1,Fiber optic,0,0,0,0,1,1,Month-to-month,1,Electronic check,94.1,2322.85,3.093359632
9361-YNQWJ,0,Female,0,0,0,64,1,1,No,0,0,0,0,0,0,One year,1,Bank transfer (automatic),24.4,1601.2,0.802103879
9362-MWODR,0,Female,0,0,1,40,1,0,DSL,1,0,0,1,1,0,Month-to-month,1,Credit card (automatic),64.1,2460.35,2.107166338
9364-YKUVW,0,Male,0,0,0,15,1,0,No,0,0,0,0,0,0,Month-to-month,1,Mailed check,19.8,309.4,0.650887574
9365-CSLBQ,0,Male,0,0,1,71,1,1,No,0,0,0,0,0,0,Two year,0,Mailed check,24.35,1654.6,0.800460224
9365-SRSZE,0,Male,1,1,0,27,1,0,Fiber optic,0,0,0,0,0,0,Month-to-month,1,Electronic check,70.55,1943.9,2.319197896
9367-OIUXP,0,Male,0,0,0,4,1,0,No,0,0,0,0,0,0,Month-to-month,0,Mailed check,20.7,73.05,0.680473373
9367-TCUYN,0,Female,0,0,0,12,1,0,No,0,0,0,0,0,0,Month-to-month,0,Mailed check,20.1,223.6,0.660749507
9367-WXLCH,1,Male,0,0,0,8,1,1,Fiber optic,0,0,0,0,0,1,Month-to-month,0,Bank transfer (automatic),84.5,662.65,2.777777778
9369-XFEHK,1,Female,1,1,0,33,1,1,Fiber optic,0,1,0,0,0,0,Month-to-month,1,Bank transfer (automatic),80.6,2656.5,2.64957265
9371-BITHB,0,Female,0,1,1,52,1,0,No,0,0,0,0,0,0,Two year,0,Mailed check,19.85,1070.5,0.652531229
9372-TXXPS,0,Female,0,1,0,60,1,0,DSL,1,1,0,1,0,0,Two year,0,Bank transfer (automatic),59.85,3483.45,1.967455621
9373-WSLOY,0,Male,1,1,0,33,0,0,DSL,0,1,1,1,1,0,Month-to-month,1,Electronic check,50,1750.85,1.64365549
9374-YOLBJ,0,Female,0,1,1,1,1,0,No,0,0,0,0,0,0,Month-to-month,0,Electronic check,19.25,19.25,0.632807364
9375-MHRRS,0,Male,0,0,0,6,1,0,DSL,0,0,0,1,0,0,Month-to-month,0,Mailed check,50.05,288.35,1.645299145
9378-FXTIZ,1,Female,0,1,0,54,1,1,DSL,0,0,0,0,1,1,One year,1,Credit card (automatic),70.15,3715.65,2.306048652
9381-NDKME,1,Female,1,1,0,24,0,0,DSL,0,0,1,0,0,1,Month-to-month,1,Credit card (automatic),40.65,933.3,1.336291913
9385-EHGDO,0,Female,0,1,1,35,1,0,No,0,0,0,0,0,0,Two year,1,Mailed check,19.85,739.35,0.652531229
9385-NXKDA,0,Female,0,1,0,72,1,1,DSL,1,1,1,0,1,1,Two year,1,Credit card (automatic),82.65,5919.35,2.716962525
9386-LDCZR,0,Male,0,0,0,43,1,0,Fiber optic,1,1,1,1,0,0,One year,1,Credit card (automatic),90.65,3882.3,2.979947403
9388-ZEYVT,0,Male,0,0,0,43,0,0,DSL,0,0,1,1,0,1,One year,0,Electronic check,44.15,1931.3,1.451347798
9389-ACWBI,0,Female,0,1,1,5,1,0,Fiber optic,0,0,0,0,0,0,Month-to-month,0,Credit card (automatic),69.95,320.4,2.29947403
9391-DXGGG,0,Female,1,0,0,44,1,0,Fiber optic,0,1,1,0,0,1,One year,0,Credit card (automatic),89.15,3990.75,2.930637738
9391-EOYLI,1,Male,1,1,0,12,1,0,Fiber optic,0,0,0,0,0,1,Month-to-month,1,Electronic check,80.45,950.2,2.644641683
9391-LMANN,0,Male,0,0,1,53,1,0,Fiber optic,1,1,1,0,0,1,One year,0,Electronic check,95.95,5036.9,3.154174885
9391-TTOYH,0,Female,0,0,0,23,1,0,No,0,0,0,0,0,0,Month-to-month,1,Mailed check,19.5,470.2,0.641025641
9391-YZEJW,0,Female,0,0,0,62,1,1,Fiber optic,0,0,0,0,1,1,One year,1,Bank transfer (automatic),94,5757.2,3.090072321
9392-XBGTD,0,Male,0,0,1,27,1,0,No,0,0,0,0,0,0,Two year,0,Mailed check,20.6,581.85,0.677186062
9396-ZSFLL,0,Female,0,0,0,15,1,1,DSL,0,0,0,0,0,0,Month-to-month,0,Mailed check,48.85,631.4,1.605851414
9397-TZSHA,0,Female,0,0,0,69,1,1,No,0,0,0,0,0,0,Two year,0,Credit card (automatic),24.6,1678.05,0.808678501
9398-MMQTO,0,Male,0,0,0,3,1,0,Fiber optic,0,1,0,0,0,0,Month-to-month,0,Credit card (automatic),74.45,221.1,2.447403024
9399-APLBT,1,Female,0,1,1,1,1,0,Fiber optic,0,1,0,0,0,0,Month-to-month,1,Electronic check,74.7,74.7,2.455621302
9402-CXWPL,0,Female,0,0,0,70,1,1,Fiber optic,0,1,0,0,1,1,One year,0,Electronic check,98.9,6838.6,3.251150559
9402-ORRAH,0,Female,1,0,0,15,1,0,Fiber optic,0,0,0,0,1,1,Month-to-month,1,Electronic check,91.5,1400.3,3.007889546
9402-ROUMJ,0,Female,0,1,1,67,1,1,Fiber optic,1,0,1,1,0,1,One year,1,Bank transfer (automatic),100.25,6689,3.295529257
9405-GPBBG,0,Female,0,0,0,64,1,1,Fiber optic,0,1,1,1,1,1,Two year,1,Credit card (automatic),110.5,7069.25,3.632478632
9408-HRXRK,0,Female,0,1,1,45,1,1,Fiber optic,1,1,0,0,1,1,Month-to-month,1,Electronic check,105.15,4730.9,3.456607495
9408-SSNVZ,1,Female,0,0,0,4,1,0,Fiber optic,0,0,0,0,0,0,Month-to-month,1,Electronic check,70.15,268.35,2.306048652
9411-TPQQV,0,Female,0,0,0,40,0,0,DSL,1,0,0,1,1,1,One year,1,Bank transfer (automatic),54.55,2236.2,1.793228139
9412-ARGBX,1,Female,0,0,1,48,1,0,Fiber optic,0,1,1,1,1,0,Two year,1,Mailed check,95.5,4627.85,3.139381986
9412-GHEEC,1,Male,0,0,0,40,1,1,Fiber optic,0,0,1,1,1,1,Month-to-month,0,Bank transfer (automatic),104.8,4131.95,3.445101907
9415-DPEWS,1,Female,0,0,0,18,1,1,Fiber optic,0,0,0,1,1,0,Month-to-month,1,Electronic check,88.35,1639.3,2.90433925
9415-TPKRV,0,Female,0,1,1,8,1,1,DSL,0,1,0,0,0,0,Month-to-month,0,Electronic check,55.75,446.8,1.832675871
9415-ZNBSX,0,Female,0,1,1,70,1,1,DSL,1,1,1,1,1,1,Two year,1,Bank transfer (automatic),89,6293.2,2.925706772
9418-RUKPH,0,Female,0,1,1,38,1,0,No,0,0,0,0,0,0,Two year,1,Mailed check,19.95,756.4,0.65581854
9419-IPPBE,0,Female,0,1,1,51,1,1,Fiber optic,0,0,1,0,0,1,One year,1,Electronic check,90.15,4554.85,2.963510848
9420-LOJKX,1,Female,0,0,0,15,1,0,Fiber optic,1,1,0,0,1,1,Month-to-month,1,Credit card (automatic),99.1,1426.4,3.257725181
9424-CMPOG,0,Male,0,1,1,9,1,0,No,0,0,0,0,0,0,Two year,0,Mailed check,19.6,197.4,0.644312952
9426-SXNHE,0,Female,0,0,0,2,1,0,No,0,0,0,0,0,0,Month-to-month,0,Bank transfer (automatic),18.75,53.15,0.616370809
9430-FRQOC,1,Female,0,0,1,4,1,1,Fiber optic,0,0,1,1,0,0,Month-to-month,1,Mailed check,87.1,341.45,2.863247863
9430-NKQLY,0,Male,0,1,1,72,1,1,No,0,0,0,0,0,0,Two year,1,Credit card (automatic),25.1,1790.8,0.825115056
9432-RUVSL,0,Female,0,0,0,48,1,0,Fiber optic,1,0,1,1,1,1,Two year,1,Credit card (automatic),102.5,4904.25,3.369493754
9432-VOFYX,0,Male,0,0,0,17,1,0,Fiber optic,0,0,0,0,0,0,Month-to-month,1,Electronic check,70.8,1207,2.327416174
9435-JMLSX,0,Male,0,1,0,71,1,0,DSL,1,1,1,1,1,1,Two year,1,Bank transfer (automatic),86.1,6045.9,2.830374753
9436-ZBZCT,1,Male,0,0,0,14,1,1,Fiber optic,0,0,0,1,1,0,Month-to-month,1,Electronic check,89.95,1178.4,2.956936226
9441-QHEVC,0,Male,0,0,0,1,1,0,No,0,0,0,0,0,0,Month-to-month,0,Mailed check,19.1,19.1,0.627876397
9442-JTWDL,0,Female,0,0,0,11,1,0,No,0,0,0,0,0,0,One year,0,Credit card (automatic),20.05,237.7,0.659105851
9443-JUBUO,0,Male,0,1,1,72,0,0,DSL,1,1,1,1,1,1,Two year,1,Credit card (automatic),65.25,4478.85,2.144970414
9444-JTXHZ,1,Male,0,1,0,1,1,0,Fiber optic,0,0,1,0,0,0,Month-to-month,0,Electronic check,76.2,76.2,2.504930966
9445-SZLCH,1,Female,0,1,1,36,1,1,Fiber optic,0,1,1,0,1,0,Month-to-month,1,Bank transfer (automatic),97.35,3457.9,3.200197239
9445-ZUEQE,0,Male,0,1,1,27,1,1,Fiber optic,0,1,0,1,0,0,Month-to-month,1,Credit card (automatic),85.2,2151.6,2.800788955
9447-YPTBX,0,Female,0,1,0,50,1,0,No,0,0,0,0,0,0,One year,1,Bank transfer (automatic),19.85,943.1,0.652531229
9448-REEVD,1,Male,0,1,0,1,1,0,DSL,0,0,0,0,0,0,Month-to-month,0,Credit card (automatic),44.7,44.7,1.469428008
9450-TRJUU,0,Male,0,0,0,35,1,1,Fiber optic,0,0,0,0,1,0,Month-to-month,0,Electronic check,83.15,2848.45,2.73339908
9451-LPGOO,1,Male,0,0,0,7,1,1,Fiber optic,0,0,0,0,0,1,Month-to-month,1,Electronic check,86.8,620.35,2.85338593
9451-WLYRI,0,Female,0,1,0,53,1,0,No,0,0,0,0,0,0,One year,0,Credit card (automatic),19.05,990.45,0.626232742
9453-PATOS,0,Female,0,1,0,72,1,0,DSL,1,1,1,1,1,1,Two year,0,Mailed check,85.1,6155.4,2.797501644
9462-MJUAW,1,Male,0,0,0,4,1,1,DSL,0,0,0,0,0,0,Month-to-month,0,Mailed check,50.4,206.6,1.656804734
9465-RWMXL,1,Male,0,1,0,32,1,1,Fiber optic,0,0,1,0,0,0,Month-to-month,1,Electronic check,78.9,2447.95,2.593688363
9467-ROOLM,0,Female,0,0,0,25,1,0,No,0,0,0,0,0,0,Month-to-month,0,Mailed check,19.05,461.3,0.626232742
9469-WEJBT,0,Male,0,1,0,37,1,0,Fiber optic,0,0,1,1,0,1,Month-to-month,1,Electronic check,90.35,3419.3,2.97008547
9470-RTWDV,0,Male,0,1,1,26,1,1,DSL,0,0,1,1,1,1,One year,1,Credit card (automatic),82,2083.1,2.695595003
9470-XCCEM,0,Male,0,1,1,35,1,1,Fiber optic,0,1,0,0,1,0,Month-to-month,1,Bank transfer (automatic),89.65,3161.6,2.947074293
9470-YFUYI,0,Male,1,1,0,71,1,0,DSL,1,1,0,1,1,0,One year,1,Bank transfer (automatic),71,5012.1,2.333990796
9473-CBZOP,0,Female,0,0,0,28,1,1,DSL,1,0,1,0,0,0,One year,0,Mailed check,59,1654.45,1.939513478
9474-PHLYD,1,Female,0,0,0,15,1,0,DSL,0,0,1,0,0,1,Month-to-month,1,Electronic check,59.45,892.65,1.954306377
9475-NNDGC,0,Male,0,1,0,71,1,1,Fiber optic,0,1,1,1,1,1,One year,1,Bank transfer (automatic),113.15,7953.25,3.719592373
9477-LGWQI,0,Male,0,1,1,70,1,0,DSL,1,1,1,0,1,1,Two year,1,Credit card (automatic),80.15,5600.15,2.63477975
9479-HYNYL,0,Female,0,1,0,71,1,0,DSL,0,1,1,1,1,1,Two year,1,Credit card (automatic),80.7,5705.05,2.652859961
9480-BQJEI,0,Male,0,0,0,62,1,1,Fiber optic,1,1,0,0,0,1,One year,1,Bank transfer (automatic),92.3,5731.45,3.034188034
9481-IEBZY,0,Male,1,1,0,72,1,1,Fiber optic,1,1,1,1,1,1,Month-to-month,1,Credit card (automatic),112.9,8061.5,3.711374096
9481-SFCQY,0,Female,0,0,1,14,1,0,DSL,0,0,1,0,1,0,Month-to-month,1,Credit card (automatic),59.8,824.85,1.965811966
9481-WHGWY,0,Female,0,1,1,70,1,0,DSL,1,0,0,1,1,1,Two year,0,Credit card (automatic),75.35,5437.75,2.476988823
9483-GCPWE,0,Male,0,0,1,9,1,0,No,0,0,0,0,0,0,One year,0,Mailed check,20.1,190.25,0.660749507
9488-FVZCC,0,Female,0,1,1,72,1,1,DSL,1,1,1,1,0,1,Two year,1,Bank transfer (automatic),79.5,5661.7,2.613412229
9488-FYQAU,0,Female,0,1,0,63,1,1,Fiber optic,0,1,1,1,1,1,Two year,1,Bank transfer (automatic),109.25,6841.4,3.591387245
9488-HGMJH,1,Female,1,0,0,1,1,0,Fiber optic,0,0,0,0,0,0,Month-to-month,1,Electronic check,71.15,71.15,2.338921762
9489-DEDVP,0,Female,0,1,1,70,1,1,DSL,1,1,0,0,1,0,Two year,1,Credit card (automatic),69.2,4872.35,2.274819198
9489-JMTTN,0,Female,0,1,1,72,1,1,DSL,1,1,1,1,1,1,Two year,0,Credit card (automatic),89.75,6595.9,2.950361604
9489-UTFKA,0,Male,1,1,0,8,1,0,DSL,1,0,0,0,1,0,Month-to-month,0,Bank transfer (automatic),60.9,551.95,2.001972387
9490-DFPMD,1,Female,1,0,0,42,1,1,Fiber optic,0,0,0,0,1,0,Month-to-month,1,Electronic check,84.65,3541.35,2.782708744
9492-TOKRI,1,Female,0,0,0,18,1,1,Fiber optic,0,1,0,0,1,0,Month-to-month,1,Credit card (automatic),90,1527.35,2.958579882
9494-BDNNC,0,Male,0,1,0,66,1,1,Fiber optic,0,1,1,0,0,1,One year,0,Electronic check,95.3,6273.4,3.132807364
9494-MRNYX,0,Male,0,0,0,10,1,1,Fiber optic,0,0,0,0,0,0,Month-to-month,0,Electronic check,75.05,786.3,2.46712689
9495-REDIY,0,Male,0,0,1,25,0,0,DSL,1,0,0,0,1,0,One year,1,Credit card (automatic),40.65,970.55,1.336291913
9495-SKLKD,0,Male,0,1,1,45,1,1,Fiber optic,0,1,1,0,0,1,Month-to-month,1,Bank transfer (automatic),95.95,4456.65,3.154174885
9496-IVVRP,0,Female,0,1,1,11,1,0,DSL,1,0,0,0,0,0,Month-to-month,0,Bank transfer (automatic),51,581.7,1.6765286
9497-QCMMS,1,Male,1,0,0,1,1,1,Fiber optic,0,0,0,0,1,1,Month-to-month,1,Electronic check,93.55,93.55,3.075279421
9498-FIMXL,0,Female,0,0,0,8,1,0,No,0,0,0,0,0,0,One year,1,Mailed check,19.2,161.95,0.631163708
9499-XPZXM,0,Female,0,1,0,72,1,1,DSL,1,1,0,1,0,0,Two year,0,Bank transfer (automatic),64.75,4804.75,2.128533859
9500-IWPXQ,0,Female,0,1,1,61,1,1,DSL,1,1,1,1,0,1,One year,1,Electronic check,79.4,4820.55,2.610124918
9500-LTVBP,0,Female,0,0,0,35,1,1,Fiber optic,0,0,0,1,0,0,Month-to-month,0,Credit card (automatic),80.05,2835.9,2.631492439
9500-WBGRP,0,Male,0,0,0,69,1,0,No,0,0,0,0,0,0,Two year,1,Mailed check,19.1,1268.85,0.627876397
9501-UKKNL,0,Male,0,0,0,59,0,0,DSL,0,0,0,1,1,1,Month-to-month,1,Electronic check,51.7,3005.8,1.699539776
9503-XJUME,0,Male,0,0,1,52,1,0,No,0,0,0,0,0,0,One year,0,Credit card (automatic),19.65,928.4,0.645956607
9504-DSHWM,0,Male,0,0,0,20,1,1,DSL,1,0,0,1,0,0,Month-to-month,0,Bank transfer (automatic),59.2,1191.2,1.9460881
9504-YAZWB,0,Female,0,0,0,53,1,0,No,0,0,0,0,0,0,Two year,0,Mailed check,20.25,1048.45,0.665680473
9505-SQFSW,0,Female,0,1,1,3,0,0,DSL,0,1,0,0,0,1,Month-to-month,0,Mailed check,40.3,92.5,1.324786325
9506-UXUSK,0,Male,0,0,0,13,1,0,Fiber optic,0,0,0,0,0,0,Month-to-month,1,Electronic check,70.15,931.75,2.306048652
9507-EXLTT,1,Female,0,1,0,1,1,0,Fiber optic,0,0,0,0,1,0,Month-to-month,1,Bank transfer (automatic),79.35,79.35,2.608481262
9507-HSMMZ,0,Male,0,0,0,54,1,0,No,0,0,0,0,0,0,Two year,0,Mailed check,20,1149.65,0.657462196
9508-ILZDG,0,Female,1,0,0,34,1,1,Fiber optic,0,1,0,1,1,0,Month-to-month,1,Electronic check,96.35,3190.25,3.167324129
9509-MPYOD,0,Female,0,0,0,35,1,0,No,0,0,0,0,0,0,One year,0,Mailed check,20.75,700.45,0.682117028
9512-PHSMG,0,Female,0,1,0,10,1,0,No,0,0,0,0,0,0,Month-to-month,1,Mailed check,20.55,252.75,0.675542406
9512-UIBFX,1,Male,0,1,1,18,1,0,Fiber optic,0,0,1,0,1,1,Month-to-month,0,Mailed check,95.15,1779.95,3.127876397
9513-DXHDA,0,Male,0,0,0,27,1,0,DSL,1,0,1,1,1,1,One year,0,Electronic check,81.7,2212.55,2.68573307
9514-JDSKI,1,Male,1,1,0,1,0,0,DSL,0,1,0,0,1,0,Month-to-month,0,Electronic check,40.2,40.2,1.321499014
9518-IMLHK,0,Male,0,0,0,31,1,0,DSL,1,1,1,1,1,0,Month-to-month,1,Bank transfer (automatic),72.45,2156.25,2.381656805
9518-RWHZL,1,Female,0,0,0,64,1,1,Fiber optic,0,0,1,0,1,1,One year,1,Credit card (automatic),100.05,6254.2,3.288954635
9518-XXBXE,0,Male,1,1,0,10,1,0,Fiber optic,1,0,0,0,0,0,Month-to-month,0,Electronic check,75.3,720.45,2.475345168
9522-BNTHX,0,Female,1,0,0,34,0,0,DSL,0,1,1,0,1,1,Month-to-month,1,Electronic check,56.25,1765.95,1.849112426
9522-ZSINC,0,Male,0,0,0,13,1,0,No,0,0,0,0,0,0,One year,1,Electronic check,19.95,253.8,0.65581854
9524-EGPJC,1,Female,0,0,0,18,1,1,Fiber optic,0,0,0,1,0,1,Month-to-month,1,Electronic check,90.1,1612.75,2.961867193
9526-BIHHD,1,Male,0,0,0,1,0,0,DSL,1,0,0,0,0,0,Month-to-month,0,Mailed check,29.7,29.7,0.976331361
9526-JAWYF,1,Male,0,0,0,26,1,0,Fiber optic,0,1,1,0,1,0,Month-to-month,0,Electronic check,89.8,2335.3,2.95200526
9529-OFXHY,0,Male,0,0,0,15,1,1,Fiber optic,1,0,0,0,1,0,Month-to-month,1,Bank transfer (automatic),87.75,1242.2,2.884615385
9530-EHPOH,1,Male,0,0,0,11,1,1,DSL,0,0,1,0,0,0,Month-to-month,0,Electronic check,53.75,608,1.766929652
9530-GRMJG,0,Male,0,1,1,70,1,1,DSL,0,1,1,1,1,1,Two year,1,Electronic check,84.1,5979.7,2.764628534
9531-NSBMR,0,Female,0,0,0,36,1,0,No,0,0,0,0,0,0,One year,1,Bank transfer (automatic),19.25,679.8,0.632807364
9534-NSXEM,0,Male,0,0,0,26,1,0,No,0,0,0,0,0,0,One year,1,Credit card (automatic),20.65,595.5,0.678829717
9537-JALFH,0,Male,0,1,1,69,1,0,No,0,0,0,0,0,0,Two year,0,Bank transfer (automatic),19.9,1356.7,0.654174885
9537-VHDTA,0,Female,0,0,1,1,1,0,DSL,1,0,0,0,0,0,Month-to-month,0,Mailed check,51.2,51.2,1.683103222
9540-JYROE,1,Male,0,0,0,8,1,0,Fiber optic,0,0,0,0,0,0,Month-to-month,1,Mailed check,70.1,551.35,2.304404997
9541-PWTWO,0,Female,0,0,0,52,1,1,DSL,0,0,1,1,1,1,Two year,1,Bank transfer (automatic),80.95,4233.95,2.661078238
9541-ZPSEA,0,Male,0,1,1,68,1,0,Fiber optic,1,0,1,0,0,0,Two year,0,Credit card (automatic),80.35,5375.15,2.641354372
9544-PYPSJ,0,Female,1,1,1,62,1,1,Fiber optic,0,1,1,0,0,1,Month-to-month,1,Credit card (automatic),96.1,6019.35,3.159105851
9546-CQJSU,1,Female,0,0,0,2,1,1,Fiber optic,0,0,1,0,1,0,Month-to-month,1,Electronic check,91.4,193.6,3.004602235
9546-KDTRB,0,Female,0,0,0,19,1,1,No,0,0,0,0,0,0,Month-to-month,0,Bank transfer (automatic),24.7,465.85,0.811965812
9547-ITEFG,0,Male,0,1,1,9,1,1,Fiber optic,0,1,1,0,1,1,Month-to-month,1,Credit card (automatic),102.6,897.75,3.372781065
9548-LERKT,0,Male,0,1,0,24,1,0,No,0,0,0,0,0,0,Two year,0,Mailed check,19.75,483.15,0.649243918
9548-LIGTA,0,Male,0,1,0,61,1,0,DSL,1,1,0,1,1,1,Two year,1,Mailed check,81.05,4747.65,2.664365549
9548-ZMVTX,0,Male,0,1,1,72,1,1,Fiber optic,0,1,1,1,0,0,Two year,0,Bank transfer (automatic),90.45,6565.85,2.973372781
9552-TGUZV,0,Male,0,1,0,8,1,0,Fiber optic,1,0,0,0,0,0,Month-to-month,1,Mailed check,75,658.1,2.465483235
9553-DLCLU,0,Female,0,0,1,13,1,1,DSL,1,1,1,1,1,1,Two year,0,Credit card (automatic),88.95,1161.75,2.924063116
9554-DFKIC,0,Male,0,1,1,30,1,1,DSL,1,0,0,0,0,0,Month-to-month,1,Bank transfer (automatic),54.45,1588.7,1.789940828
9555-SAHUZ,0,Female,0,1,1,38,1,0,DSL,1,1,0,0,0,0,Month-to-month,0,Electronic check,54.5,2076.05,1.791584484
9558-IHEZX,0,Female,0,0,0,71,1,1,Fiber optic,1,1,1,0,1,1,Two year,1,Credit card (automatic),106.75,7283.25,3.509204471
9560-ARGQJ,1,Female,0,0,1,16,1,0,Fiber optic,0,0,0,0,1,0,Month-to-month,1,Electronic check,81,1312.15,2.662721893
9560-BBZXK,0,Female,0,0,0,36,0,0,DSL,1,0,0,0,0,0,Two year,0,Bank transfer (automatic),31.05,1126.35,1.020710059
9564-KCLHR,1,Male,0,0,0,1,1,0,DSL,0,0,0,1,0,0,Month-to-month,0,Mailed check,51.25,51.25,1.684746877
9565-AXSMR,0,Male,0,1,1,52,1,0,No,0,0,0,0,0,0,Two year,0,Mailed check,19.2,1054.75,0.631163708
9565-DJPIB,1,Female,0,0,1,4,1,1,Fiber optic,0,1,0,0,1,0,Month-to-month,0,Mailed check,89.6,365.65,2.945430638
9565-FLVCG,0,Male,0,1,1,65,1,1,DSL,1,1,0,0,0,1,Two year,1,Mailed check,69.55,4459.15,2.286324786
9565-JSNFM,1,Male,0,0,0,38,1,0,Fiber optic,0,0,0,0,0,0,One year,1,Bank transfer (automatic),70.45,2597.6,2.315910585
9570-KYEUA,0,Male,0,0,0,64,1,1,Fiber optic,1,0,1,1,0,1,Two year,0,Credit card (automatic),99.25,6549.45,3.262656147
9571-EDEBV,0,Male,0,1,0,71,1,1,Fiber optic,0,0,1,0,1,1,One year,1,Credit card (automatic),98.65,6962.85,3.242932281
9572-MTILT,1,Male,0,1,0,59,1,1,Fiber optic,1,1,1,1,1,0,Month-to-month,1,Electronic check,106.75,6252.9,3.509204471
9572-WUKSB,0,Male,0,1,0,3,0,0,DSL,0,0,0,1,0,0,Month-to-month,1,Electronic check,29.9,92.25,0.982905983
9574-BOSMD,0,Male,0,1,1,68,1,1,No,0,0,0,0,0,0,Two year,0,Bank transfer (automatic),25.4,1620.2,0.834976989
9574-RKJIF,1,Male,0,1,1,30,1,1,Fiber optic,1,1,0,0,1,0,Month-to-month,1,Electronic check,94.4,2838.7,3.103221565
9575-IWCAZ,0,Male,0,1,0,6,1,1,No,0,0,0,0,0,0,One year,0,Mailed check,25.1,171,0.825115056
9576-ANLXO,1,Female,0,0,0,3,1,0,Fiber optic,0,0,0,0,0,0,Month-to-month,1,Bank transfer (automatic),69.55,222.3,2.286324786
9576-SYUHJ,0,Male,0,0,0,37,1,1,Fiber optic,1,0,0,0,1,0,Month-to-month,1,Electronic check,91.15,3369.25,2.996383958
9577-WJVCQ,0,Female,0,0,0,68,1,1,DSL,1,0,0,0,0,0,Month-to-month,0,Mailed check,54.45,3687.75,1.789940828
9578-FOMUK,0,Male,0,0,1,15,1,1,No,0,0,0,0,0,0,Month-to-month,1,Electronic check,24.8,324.15,0.815253123
9578-VRMNM,1,Female,0,0,0,16,1,1,DSL,0,0,1,0,0,1,Month-to-month,1,Credit card (automatic),65.2,1043.35,2.143326759
9581-GVBXT,0,Male,0,1,1,59,0,0,DSL,1,0,1,0,0,0,One year,0,Mailed check,34.8,1980.3,1.143984221
9584-EXCDZ,0,Female,0,0,0,17,1,0,Fiber optic,0,0,0,0,0,0,Month-to-month,0,Bank transfer (automatic),70.5,1165.6,2.317554241
9585-KKMFD,0,Male,0,1,1,41,1,0,No,0,0,0,0,0,0,Two year,1,Mailed check,20,879.8,0.657462196
9586-JGQKH,0,Female,0,1,0,64,1,1,Fiber optic,0,1,0,1,1,1,Two year,1,Bank transfer (automatic),105.4,6794.75,3.464825773
9588-OZDMQ,0,Female,0,1,0,2,1,0,DSL,0,0,0,0,0,0,Month-to-month,1,Electronic check,45,89.75,1.479289941
9588-YRFHY,0,Male,0,0,0,49,1,0,No,0,0,0,0,0,0,Two year,1,Credit card (automatic),19.9,1022.6,0.654174885
9589-ABEPT,0,Male,0,1,0,69,1,1,Fiber optic,0,1,0,1,1,0,Two year,1,Mailed check,92.45,6460.55,3.039119001
9591-YVTEB,0,Male,1,0,0,55,0,0,DSL,1,1,0,0,1,0,Month-to-month,1,Electronic check,44.85,2479.05,1.474358974
9592-ERDKV,0,Male,0,1,0,37,1,1,DSL,1,0,1,0,1,1,One year,0,Mailed check,79.25,2911.8,2.605193951
9593-CVZKR,0,Female,0,1,1,56,1,1,No,0,0,0,0,0,0,Two year,1,Mailed check,24.45,1385.85,0.803747535
9600-NAXZN,1,Male,0,0,0,43,1,1,Fiber optic,0,1,0,0,1,1,Month-to-month,1,Electronic check,101.4,4528,3.333333333
9600-UDOPK,1,Male,0,1,0,30,1,1,Fiber optic,0,0,0,0,1,1,Month-to-month,1,Credit card (automatic),94.05,2866.45,3.091715976
9601-BRXPO,1,Female,0,1,0,25,1,1,Fiber optic,0,0,1,1,1,1,Month-to-month,1,Bank transfer (automatic),104.95,2566.5,3.450032873
9602-WCXPI,0,Male,0,0,0,50,1,0,No,0,0,0,0,0,0,One year,0,Credit card (automatic),20.15,989.05,0.662393162
9603-OAIHC,0,Male,1,0,0,1,1,0,Fiber optic,0,0,0,0,0,0,Month-to-month,1,Electronic check,70.05,70.05,2.302761341
9605-WGJVW,0,Female,1,0,0,1,1,0,Fiber optic,0,0,0,0,0,0,Month-to-month,1,Electronic check,70.2,70.2,2.307692308
9606-PBKBQ,1,Male,1,1,0,32,1,1,Fiber optic,0,0,0,0,0,1,Month-to-month,1,Electronic check,85,2642.05,2.794214333
9609-BENEA,0,Male,0,1,0,35,1,1,DSL,0,1,0,1,1,0,One year,1,Electronic check,69,2441.7,2.268244576
9610-WCESF,0,Male,0,0,0,67,0,0,DSL,1,0,0,1,1,0,Two year,0,Electronic check,43.9,3097.2,1.44312952
9611-CTWIH,1,Female,0,0,0,3,1,0,Fiber optic,0,0,0,0,1,1,Month-to-month,1,Electronic check,89.45,240.45,2.940499671
9614-RMGHA,1,Male,0,1,0,65,1,1,Fiber optic,0,1,0,0,1,0,Month-to-month,1,Bank transfer (automatic),91.85,5940.85,3.019395135
9617-INGJY,0,Male,0,0,0,1,1,0,Fiber optic,0,0,0,0,0,0,Month-to-month,1,Mailed check,70.6,70.6,2.320841552
9617-UDPEU,0,Female,0,0,0,22,1,0,No,0,0,0,0,0,0,One year,1,Mailed check,19.25,412.55,0.632807364
9618-LFJRU,0,Female,0,0,0,4,1,0,No,0,0,0,0,0,0,Month-to-month,0,Credit card (automatic),20.45,82.85,0.672255095
9619-GSATL,0,Female,0,0,0,43,1,0,DSL,0,1,0,1,0,0,One year,0,Electronic check,55.45,2444.25,1.822813938
9620-ENEJV,0,Female,0,0,0,6,1,0,Fiber optic,0,0,0,0,0,0,Month-to-month,0,Credit card (automatic),70.55,433.95,2.319197896
9620-QJREV,0,Male,0,0,1,47,1,0,No,0,0,0,0,0,0,One year,0,Credit card (automatic),20.55,1013.05,0.675542406
9621-OUPYD,0,Female,0,1,0,25,1,0,No,0,0,0,0,0,0,One year,1,Bank transfer (automatic),20.2,507.9,0.664036818
9624-EGDEQ,0,Female,0,0,0,37,1,0,No,0,0,0,0,0,0,Two year,0,Mailed check,19.8,813.3,0.650887574
9625-QNLUX,0,Male,0,1,1,68,1,0,Fiber optic,1,1,1,0,1,1,Two year,1,Credit card (automatic),103.25,7074.4,3.394148586
9625-QSTYE,1,Female,0,0,0,13,1,0,Fiber optic,0,1,1,0,0,0,Month-to-month,1,Electronic check,81.15,952.3,2.66765286
9625-RZFUK,0,Male,0,1,1,63,1,0,No,0,0,0,0,0,0,Two year,0,Mailed check,19.7,1275.85,0.647600263
9626-VFRGG,0,Female,0,0,1,41,1,1,Fiber optic,0,1,0,0,1,0,Month-to-month,1,Bank transfer (automatic),88.5,3645.05,2.909270217
9626-WEQRM,0,Female,0,0,0,4,0,0,DSL,1,0,0,0,0,0,Month-to-month,1,Mailed check,29.15,110.05,0.958251151
9629-NHXFW,0,Female,0,1,1,1,1,0,No,0,0,0,0,0,0,Month-to-month,1,Mailed check,19.4,19.4,0.63773833
9631-RXVJM,0,Male,0,0,0,35,1,0,No,0,0,0,0,0,0,Two year,0,Mailed check,19.25,677.9,0.632807364
9631-XEYKE,0,Male,0,0,0,3,1,1,DSL,0,0,0,0,0,0,Month-to-month,0,Bank transfer (automatic),50.4,137.25,1.656804734
9633-DENPU,0,Female,0,1,0,47,1,0,DSL,0,1,0,0,1,0,Month-to-month,1,Bank transfer (automatic),58.6,2723.4,1.926364234
9633-XQABV,0,Female,0,0,0,3,1,0,Fiber optic,0,0,0,0,0,0,Month-to-month,1,Electronic check,70.25,229.7,2.309335963
9637-CDTKZ,0,Male,0,1,0,72,1,1,Fiber optic,1,1,1,1,1,1,Two year,1,Credit card (automatic),114.1,8086.4,3.750821828
9637-EIHEQ,1,Female,0,0,0,1,1,0,DSL,0,0,0,1,0,0,Month-to-month,1,Electronic check,50.8,50.8,1.669953978
9638-JIQYA,0,Male,0,0,0,2,0,0,DSL,0,0,0,0,0,0,Month-to-month,1,Credit card (automatic),24.9,49.7,0.818540434
9639-BUJXT,0,Male,0,0,0,63,1,0,No,0,0,0,0,0,0,One year,0,Mailed check,20.5,1328.15,0.673898751
9640-ZSLDC,0,Female,0,1,1,53,1,0,DSL,0,0,1,0,0,1,One year,0,Credit card (automatic),60.6,3297,1.992110454
9643-AVVWI,0,Female,0,1,1,3,1,0,Fiber optic,0,1,0,1,0,0,Month-to-month,1,Electronic check,80,241.3,2.629848784
9643-YBLUR,0,Male,0,1,0,9,1,1,DSL,0,1,1,0,0,1,Month-to-month,1,Credit card (automatic),69.05,653.95,2.269888231
9644-KVCNC,0,Female,0,0,0,66,1,1,Fiber optic,0,0,1,0,1,0,One year,1,Bank transfer (automatic),92.15,6056.9,3.029257068
9644-UMGQA,0,Male,0,1,1,6,1,0,DSL,1,0,0,0,0,0,Month-to-month,1,Electronic check,49.15,295.65,1.615713346
9646-NMHXE,0,Male,0,1,0,47,1,0,No,0,0,0,0,0,0,Two year,0,Mailed check,19.65,973.1,0.645956607
9647-ERGBE,1,Female,0,1,1,30,1,1,Fiber optic,0,0,1,0,1,1,Month-to-month,1,Electronic check,100.05,3046.15,3.288954635
9648-BCHKM,0,Female,0,1,1,18,1,1,No,0,0,0,0,0,0,Two year,1,Credit card (automatic),24.65,471.35,0.810322156
9650-VBUOG,0,Male,0,1,1,38,1,1,No,0,0,0,0,0,0,Two year,0,Credit card (automatic),25.05,963.95,0.8234714
9651-GTSAQ,1,Female,0,1,0,53,1,0,Fiber optic,1,1,1,0,1,1,One year,1,Bank transfer (automatic),106.1,5769.75,3.487836949
9658-WYUFB,1,Female,0,0,0,17,1,1,Fiber optic,1,1,0,0,1,0,Month-to-month,1,Electronic check,94.4,1617.5,3.103221565
9659-QEQSY,0,Female,0,0,0,45,1,1,Fiber optic,1,1,1,1,1,1,Month-to-month,1,Electronic check,115.65,5125.5,3.801775148
9659-ZTWSM,0,Male,1,1,0,66,1,1,Fiber optic,0,1,1,1,1,1,One year,1,Bank transfer (automatic),107.35,7051.95,3.528928337
9661-ACXBS,1,Female,0,0,0,42,1,1,Fiber optic,1,0,1,0,1,1,Month-to-month,1,Electronic check,105.2,4400.75,3.458251151
9661-JALZV,0,Female,0,0,0,58,1,1,No,0,0,0,0,0,0,Two year,1,Credit card (automatic),24.7,1519,0.811965812
9661-MHUMO,1,Male,1,1,1,1,1,0,DSL,0,0,0,1,0,0,Month-to-month,1,Credit card (automatic),49.25,49.25,1.619000657
9667-EQRXU,1,Female,1,0,0,30,0,0,DSL,0,0,1,0,1,0,Month-to-month,1,Electronic check,40.3,1172.95,1.324786325
9667-TKTVZ,0,Female,0,0,0,2,1,1,DSL,0,0,0,1,0,0,Month-to-month,1,Mailed check,54.35,117.05,1.786653517
9668-PUGNU,0,Male,0,1,0,71,1,1,No,0,0,0,0,0,0,Two year,1,Electronic check,24.5,1816.2,0.80539119
9670-BPNXF,0,Female,0,0,0,45,1,0,DSL,1,1,0,1,0,0,One year,1,Credit card (automatic),62.55,2796.45,2.056213018
9674-EHPPG,0,Male,0,1,0,46,0,0,DSL,1,0,1,1,0,0,Two year,0,Credit card (automatic),40.4,1842.7,1.328073636
9675-ICXCT,0,Male,0,1,1,72,1,0,DSL,1,0,1,1,1,1,Two year,1,Electronic check,80.8,5728.55,2.656147272
9677-AVKED,0,Female,0,0,1,53,1,1,DSL,0,1,1,1,1,1,One year,1,Electronic check,84.6,4449.75,2.781065089
9680-NIAUV,0,Female,0,1,1,72,1,1,Fiber optic,1,1,1,0,1,1,Two year,0,Credit card (automatic),109.7,8129.3,3.606180145
9681-KYGYB,0,Male,1,1,0,49,1,1,Fiber optic,1,1,1,0,0,0,Month-to-month,1,Electronic check,88.2,4159.45,2.899408284
9681-OXGVC,1,Female,0,0,0,5,1,1,Fiber optic,0,0,1,0,1,1,Month-to-month,1,Electronic check,100.5,514,3.303747535
9685-WKZGT,1,Male,1,0,0,14,1,1,Fiber optic,0,0,0,0,0,0,Month-to-month,1,Electronic check,74.95,1036.75,2.463839579
9688-YGXVR,0,Female,0,0,0,44,1,0,Fiber optic,0,1,1,0,1,0,Month-to-month,1,Credit card (automatic),88.15,3973.2,2.897764629
9689-PTNPG,1,Male,0,0,0,2,1,0,Fiber optic,0,0,0,0,1,0,Month-to-month,1,Electronic check,80.25,144.55,2.638067061
9691-HKOVS,0,Female,0,1,0,55,1,1,DSL,1,1,1,1,1,1,One year,1,Electronic check,90.15,4916.95,2.963510848
9692-TUSXH,1,Female,0,0,0,18,1,0,Fiber optic,1,0,0,0,1,1,Month-to-month,1,Electronic check,96.05,1740.7,3.157462196
9693-XMUOB,0,Male,1,1,0,59,0,0,DSL,0,1,0,0,1,1,Month-to-month,1,Electronic check,50.25,2997.45,1.651873767
9695-IDRZR,0,Female,0,0,1,34,1,1,Fiber optic,1,1,1,1,1,1,Two year,1,Credit card (automatic),116.15,3946.9,3.818211703
9696-RMYBA,0,Male,0,0,0,5,1,0,Fiber optic,0,0,0,0,1,0,Month-to-month,1,Mailed check,80.1,398.55,2.633136095
9699-UBQFS,0,Female,1,1,0,43,1,1,Fiber optic,1,1,0,0,1,0,Month-to-month,1,Electronic check,94.5,4156.8,3.106508876
9700-ISPUP,0,Female,0,1,1,10,1,0,DSL,0,1,0,1,0,1,Month-to-month,1,Electronic check,65.5,616.9,2.153188692
9700-ZCLOT,0,Male,0,0,0,2,1,0,No,0,0,0,0,0,0,Month-to-month,0,Mailed check,20,32.7,0.657462196
9701-CDXHR,0,Female,0,1,0,51,1,0,Fiber optic,0,0,0,0,0,0,Month-to-month,0,Mailed check,69.15,3649.6,2.273175542
9702-AIUJO,0,Male,0,1,1,50,1,0,DSL,0,0,0,0,0,0,One year,1,Bank transfer (automatic),44.8,2230.85,1.472715319
9705-IOVQQ,0,Male,1,1,1,61,1,1,Fiber optic,0,1,0,0,1,1,One year,0,Electronic check,99,5969.3,3.25443787
9705-ZJBCG,0,Female,0,1,1,13,1,0,DSL,1,0,0,1,0,0,One year,0,Bank transfer (automatic),54.15,701.05,1.780078895
9708-HPXWZ,0,Male,1,0,0,5,0,0,DSL,0,0,1,1,1,0,Month-to-month,0,Credit card (automatic),45.4,214.75,1.492439185
9708-KFDBY,0,Male,0,0,0,1,1,0,No,0,0,0,0,0,0,Month-to-month,0,Credit card (automatic),20.55,20.55,0.675542406
9710-NJERN,0,Female,0,0,0,39,1,0,No,0,0,0,0,0,0,Two year,0,Mailed check,20.15,826,0.662393162
9710-ZUSHQ,1,Female,1,0,0,37,1,1,Fiber optic,1,1,0,0,1,1,Month-to-month,1,Bank transfer (automatic),106.75,4056.75,3.509204471
9711-FJTBX,0,Male,0,1,1,56,1,0,Fiber optic,0,1,1,1,0,0,One year,1,Mailed check,85.85,4793.8,2.822156476
9714-EDSUC,0,Male,0,0,0,4,1,0,Fiber optic,1,1,0,1,0,1,Month-to-month,1,Mailed check,94.9,360.55,3.11965812
9715-SBVSU,0,Male,0,1,1,14,1,0,DSL,1,1,0,0,0,1,Two year,1,Bank transfer (automatic),61.4,815.55,2.018408941
9715-WZCLW,0,Male,0,1,1,71,1,1,Fiber optic,1,0,0,0,1,1,Two year,1,Electronic check,97.2,6910.3,3.195266272
9717-IOAAF,0,Male,0,0,1,27,1,1,No,0,0,0,0,0,0,Two year,1,Credit card (automatic),25.85,788.55,0.849769888
9717-QEBGU,0,Male,0,0,0,2,1,0,Fiber optic,0,0,0,0,0,0,Month-to-month,1,Electronic check,70.3,144,2.310979619
9720-JJJOR,0,Male,0,1,1,41,1,0,DSL,1,1,1,0,0,0,One year,1,Bank transfer (automatic),60.3,2511.3,1.982248521
9722-UJOJR,1,Male,0,1,1,29,1,0,Fiber optic,0,0,0,0,0,0,Month-to-month,1,Electronic check,70.75,1974.8,2.325772518
9725-SCPZG,1,Male,0,0,1,1,1,0,Fiber optic,0,0,0,0,1,1,Month-to-month,1,Electronic check,90.85,90.85,2.986522025
9728-FTTVZ,1,Female,0,0,0,1,1,0,Fiber optic,0,0,0,0,0,0,Month-to-month,1,Electronic check,69.2,69.2,2.274819198
9730-DRTMJ,0,Male,0,1,0,32,1,1,DSL,1,0,0,1,1,0,One year,1,Credit card (automatic),72.8,2333.05,2.393162393
9732-EQMWY,0,Female,0,1,0,49,1,0,Fiber optic,0,1,1,0,1,1,Month-to-month,0,Electronic check,99.4,5025,3.267587114
9732-KPKBW,1,Male,0,0,0,1,1,0,DSL,1,0,0,1,0,0,Month-to-month,1,Electronic check,53.95,53.95,1.773504274
9732-OUYRN,0,Female,0,1,0,49,1,0,No,0,0,0,0,0,0,One year,0,Credit card (automatic),19,918.7,0.624589086
9734-UYXQI,1,Female,0,0,0,2,1,1,DSL,0,0,0,0,0,0,Month-to-month,1,Electronic check,49.4,106.55,1.623931624
9734-YWGEX,1,Female,0,0,0,9,1,1,Fiber optic,0,0,1,0,1,1,Month-to-month,0,Credit card (automatic),98.3,923.5,3.231426693
9738-QLWTP,0,Male,0,0,0,39,1,0,Fiber optic,0,0,1,1,0,0,One year,0,Electronic check,81.9,3219.75,2.692307692
9739-JLPQJ,0,Female,0,1,1,72,1,1,Fiber optic,1,1,1,1,1,1,Two year,0,Credit card (automatic),117.5,8670.1,3.862590401
9741-YLNTD,0,Male,0,0,0,6,1,1,Fiber optic,0,0,0,1,0,1,Month-to-month,1,Bank transfer (automatic),87.95,522.35,2.891190007
9742-XOKTS,0,Male,0,1,1,67,1,1,Fiber optic,1,1,0,1,0,0,One year,0,Electronic check,89.55,6038.55,2.943786982
9743-DQKQW,0,Male,0,0,0,3,0,0,DSL,0,0,0,0,0,0,Month-to-month,0,Electronic check,25.1,79.8,0.825115056
9746-MDMBK,0,Male,0,1,1,47,1,1,Fiber optic,1,1,1,1,1,1,One year,1,Bank transfer (automatic),113.45,5317.8,3.729454306
9746-UGFAC,0,Female,0,0,0,22,1,0,No,0,0,0,0,0,0,One year,0,Bank transfer (automatic),20.85,450.65,0.685404339
9746-YKGXB,0,Male,0,1,1,52,0,0,DSL,1,0,1,0,0,1,One year,0,Bank transfer (automatic),44.25,2276.1,1.454635108
9747-DDZOS,1,Female,0,0,0,1,1,0,Fiber optic,0,0,1,0,0,0,Month-to-month,0,Bank transfer (automatic),73.5,73.5,2.41617357
9750-BOOHV,0,Female,0,0,0,32,0,0,DSL,1,0,0,0,0,0,One year,0,Mailed check,30.15,927.65,0.99112426
9752-ZNQUT,0,Female,0,0,0,1,1,0,DSL,0,1,0,0,0,0,Month-to-month,1,Electronic check,48.6,48.6,1.597633136
9753-OYLBX,0,Female,0,0,0,1,1,0,No,0,0,0,0,0,0,Month-to-month,0,Mailed check,20.5,20.5,0.673898751
9754-CLVZW,0,Female,0,1,1,26,0,0,DSL,1,1,0,1,0,0,Month-to-month,0,Credit card (automatic),38.85,1025.15,1.277120316
9755-JHNMN,0,Female,0,0,0,49,1,0,DSL,1,1,1,1,0,0,Two year,0,Bank transfer (automatic),67.4,3306.85,2.2156476
9758-MFWGD,0,Female,1,1,1,48,0,0,DSL,0,1,0,0,0,0,One year,0,Bank transfer (automatic),29.9,1388.75,0.982905983
9761-XUJWD,0,Male,0,0,0,5,1,0,DSL,0,1,0,1,0,1,Month-to-month,1,Bank transfer (automatic),65.6,339.9,2.156476003
9762-YAQAA,0,Male,0,0,0,39,1,1,Fiber optic,0,1,0,0,0,0,One year,0,Credit card (automatic),81.4,3213.75,2.675871137
9763-GRSKD,0,Male,0,1,1,13,1,0,DSL,1,0,0,0,0,0,Month-to-month,1,Mailed check,49.95,587.45,1.642011834
9763-PDTKK,1,Female,0,0,0,4,1,0,Fiber optic,1,0,1,1,0,1,Month-to-month,1,Bank transfer (automatic),94.4,387.2,3.103221565
9764-REAFF,0,Female,0,1,0,59,1,0,No,0,0,0,0,0,0,Two year,0,Bank transfer (automatic),18.4,1057.85,0.60486522
9766-HGEDE,0,Female,0,1,0,17,1,0,No,0,0,0,0,0,0,One year,0,Mailed check,19.35,307,0.636094675
9767-FFLEM,0,Male,0,0,0,38,1,0,Fiber optic,0,0,0,0,0,0,Month-to-month,1,Credit card (automatic),69.5,2625.25,2.284681131
9769-TSBZE,0,Female,0,0,1,70,1,1,DSL,1,1,0,1,0,0,Two year,0,Electronic check,66,4891.5,2.169625247
9770-KXGQU,0,Female,0,0,0,53,1,1,Fiber optic,1,1,1,0,1,0,One year,0,Mailed check,98.6,5311.85,3.241288626
9770-LXDBK,0,Female,0,0,0,3,1,0,No,0,0,0,0,0,0,Month-to-month,0,Mailed check,20.4,63.15,0.67061144
9773-PEQBZ,0,Male,0,0,0,10,1,1,Fiber optic,0,1,0,0,0,0,Month-to-month,0,Electronic check,79.85,797.25,2.624917817
9774-NRNAU,0,Male,1,1,0,27,1,1,DSL,0,1,1,1,1,1,Month-to-month,1,Bank transfer (automatic),84.8,2309.55,2.787639711
9776-CLUJA,1,Female,1,1,0,51,1,1,Fiber optic,1,0,0,0,0,0,Month-to-month,1,Electronic check,77.5,3807.35,2.547666009
9776-OJUZI,0,Female,1,0,0,65,1,1,Fiber optic,0,1,1,0,1,0,Month-to-month,1,Bank transfer (automatic),95.45,6223.3,3.13773833
9777-IQHWP,0,Male,0,1,1,64,1,1,Fiber optic,1,0,1,0,0,1,Two year,0,Bank transfer (automatic),93.4,5822.3,3.070348455
9777-WJJPR,0,Male,0,1,0,31,1,1,Fiber optic,0,0,1,0,1,0,Month-to-month,0,Credit card (automatic),88.65,2683.2,2.914201183
9778-OGKQZ,0,Male,0,1,0,72,1,1,DSL,1,1,1,1,1,1,Two year,1,Credit card (automatic),92,6782.15,3.024326101
9779-DPNEJ,0,Female,0,1,1,22,1,0,Fiber optic,0,0,0,0,0,1,Month-to-month,1,Electronic check,80.15,1790.65,2.63477975
9780-FKVVF,0,Male,0,0,0,6,1,0,DSL,1,0,0,0,0,1,Month-to-month,1,Bank transfer (automatic),59.15,336.7,1.944444444
9782-LGXMC,0,Female,0,1,1,49,1,0,DSL,1,0,1,1,0,0,Month-to-month,0,Bank transfer (automatic),61.75,3024.15,2.02991453
9786-IJYDL,0,Female,0,0,0,35,1,1,Fiber optic,1,1,1,1,1,1,Two year,1,Mailed check,113.2,3914.05,3.721236029
9786-YWNHU,0,Female,0,1,1,63,1,0,DSL,1,1,1,1,0,0,Two year,0,Mailed check,63.55,4014.2,2.089086128
9787-XVQIU,1,Male,0,0,0,1,1,1,Fiber optic,0,0,0,0,0,0,Month-to-month,1,Electronic check,75.3,75.3,2.475345168
9788-HNGUT,0,Male,0,1,0,72,1,1,Fiber optic,1,1,1,1,1,1,Two year,1,Credit card (automatic),116.95,8594.4,3.844510191
9788-YTFGE,0,Male,0,0,0,7,1,0,No,0,0,0,0,0,0,Month-to-month,1,Mailed check,19.95,147.5,0.65581854
9793-WECQC,0,Male,0,0,0,23,1,0,Fiber optic,0,1,0,0,1,1,Month-to-month,0,Mailed check,95.3,2192.9,3.132807364
9795-NREXC,0,Female,0,1,0,64,1,1,DSL,1,0,1,1,1,1,Two year,1,Credit card (automatic),85,5484.4,2.794214333
9795-SHUHB,0,Female,0,1,1,66,1,0,DSL,1,1,0,1,0,0,Two year,1,Credit card (automatic),58.2,3810.8,1.91321499
9795-VOWON,0,Male,0,0,0,7,0,0,DSL,0,0,0,0,0,0,One year,1,Credit card (automatic),24.35,150.85,0.800460224
9796-BPKIW,0,Male,1,0,0,8,1,0,Fiber optic,0,0,0,0,0,0,Month-to-month,1,Credit card (automatic),69.95,562.7,2.29947403
9796-MVYXX,0,Female,1,0,0,14,0,0,DSL,1,0,1,1,0,0,Two year,0,Mailed check,39.7,692.35,1.305062459
9798-DRYDS,0,Female,0,1,1,17,1,1,DSL,0,0,1,1,0,0,One year,1,Mailed check,61.95,1070.7,2.036489152
9798-OPFEM,0,Female,0,0,0,46,1,0,No,0,0,0,0,0,0,Two year,1,Electronic check,21.1,937.1,0.693622617
9799-CAYJJ,0,Female,1,1,0,2,1,0,Fiber optic,0,0,0,0,0,0,Month-to-month,1,Electronic check,69.3,153.8,2.278106509
9800-ONTFE,0,Female,0,1,1,22,1,1,Fiber optic,0,0,0,0,0,0,Month-to-month,1,Bank transfer (automatic),75.8,1615.1,2.491781723
9800-OUIGR,0,Male,0,1,1,66,1,0,No,0,0,0,0,0,0,Two year,0,Credit card (automatic),20,1374.2,0.657462196
9801-GDWGV,1,Female,0,0,0,39,1,1,Fiber optic,0,1,1,0,1,1,Month-to-month,1,Electronic check,103.45,3994.45,3.400723208
9801-NOSHQ,0,Male,0,0,1,23,1,0,No,0,0,0,0,0,0,One year,0,Mailed check,19.8,465.45,0.650887574
9802-CAQUT,0,Female,0,1,1,72,1,1,Fiber optic,1,1,1,0,1,1,Two year,0,Credit card (automatic),109.55,7887.25,3.601249178
9803-FTJCG,0,Male,0,1,1,71,1,1,DSL,1,1,0,1,0,0,One year,1,Credit card (automatic),66.85,4748.7,2.19756739
9804-ICWBG,1,Male,0,0,0,1,1,0,Fiber optic,0,0,0,0,0,0,Month-to-month,1,Electronic check,69.9,69.9,2.297830375
9805-FILKB,0,Male,0,1,1,46,1,0,No,0,0,0,0,0,0,One year,1,Bank transfer (automatic),20.2,845.6,0.664036818
9809-IMGCQ,1,Male,1,0,0,22,1,1,Fiber optic,0,0,0,0,1,1,Month-to-month,1,Electronic check,96.7,2082.95,3.178829717
9812-GHVRI,0,Female,0,0,0,40,1,1,Fiber optic,0,0,0,0,0,1,Month-to-month,0,Bank transfer (automatic),83.85,3532.25,2.756410256
9814-AOUDH,0,Male,0,0,0,53,1,0,No,0,0,0,0,0,0,Two year,0,Credit card (automatic),19.5,1050.5,0.641025641
9817-APLHW,0,Male,0,0,0,12,1,1,No,0,0,0,0,0,0,Month-to-month,0,Electronic check,25,316.2,0.821827745
9818-XQCUV,0,Female,0,0,0,2,1,0,No,0,0,0,0,0,0,Month-to-month,0,Mailed check,20.35,45.3,0.668967784
9819-FBNSV,0,Male,1,1,0,37,1,0,Fiber optic,0,0,0,0,0,0,Month-to-month,1,Bank transfer (automatic),72.25,2575.45,2.375082183
9820-RMCQV,1,Female,0,0,0,11,1,0,DSL,1,0,0,0,0,0,Month-to-month,0,Credit card (automatic),48.55,501,1.595989481
9821-BESNZ,0,Male,0,0,0,66,1,1,Fiber optic,0,1,0,1,1,1,One year,1,Electronic check,104.25,6860.6,3.427021696
9821-POOTN,1,Male,0,1,0,35,1,1,Fiber optic,0,0,0,0,0,0,Month-to-month,1,Electronic check,75.2,2576.2,2.472057857
9822-BIIGN,0,Male,0,1,1,53,1,1,DSL,1,0,0,1,0,1,Month-to-month,0,Electronic check,71.85,3827.9,2.361932939
9822-OAOVB,0,Female,0,0,0,1,1,0,DSL,0,0,0,0,0,1,Month-to-month,1,Electronic check,55.45,55.45,1.822813938
9822-WMWVG,0,Female,0,0,0,41,1,1,Fiber optic,1,1,1,1,1,0,Month-to-month,1,Electronic check,106.5,4282.4,3.500986193
9823-EALYC,0,Male,0,1,1,72,1,1,DSL,1,1,1,1,1,0,Two year,1,Bank transfer (automatic),80.85,5727.45,2.657790927
9824-BEMCV,1,Male,0,1,1,17,1,0,Fiber optic,0,0,0,0,0,0,Month-to-month,1,Electronic check,69,1149.65,2.268244576
9824-QCJPK,0,Male,0,1,0,36,1,0,No,0,0,0,0,0,0,One year,0,Mailed check,20,666.75,0.657462196
9825-YCXWZ,0,Female,1,0,0,41,1,0,Fiber optic,0,0,1,1,1,1,One year,1,Bank transfer (automatic),101.1,4016.2,3.3234714
9828-AOQLM,1,Female,0,1,1,1,1,0,DSL,0,0,0,0,0,0,Month-to-month,1,Electronic check,45.7,45.7,1.502301118
9828-QHFBK,0,Male,0,0,0,24,1,0,DSL,1,0,0,0,0,0,Month-to-month,1,Electronic check,51.15,1275.7,1.681459566
9830-ECLEN,0,Male,0,1,1,58,0,0,DSL,1,1,1,0,1,0,One year,0,Mailed check,50,2919.85,1.64365549
9831-BPFRI,1,Female,0,1,1,39,1,1,Fiber optic,0,1,1,1,0,0,One year,1,Electronic check,89.55,3474.45,2.943786982
9833-TGFHX,0,Male,0,1,1,42,1,1,Fiber optic,1,0,0,0,1,1,One year,0,Electronic check,97.1,4016.75,3.191978961
9835-ZIITK,1,Male,1,1,0,66,1,1,Fiber optic,0,1,1,1,1,1,One year,1,Electronic check,110.85,7491.75,3.643984221
9837-BMCLM,1,Male,0,0,0,3,1,0,Fiber optic,0,0,0,0,1,0,Month-to-month,1,Electronic check,78.5,242.05,2.580539119
9837-FWLCH,0,Male,0,1,1,12,1,0,No,0,0,0,0,0,0,Month-to-month,1,Electronic check,19.2,239,0.631163708
9838-BFCQT,0,Male,0,1,1,72,1,1,No,0,0,0,0,0,0,Two year,0,Mailed check,26.1,1851.45,0.857988166
9839-ETQOE,0,Male,0,0,1,43,0,0,DSL,1,1,1,0,0,0,Month-to-month,1,Electronic check,40.45,1912.85,1.329717291
9840-DVNDC,1,Male,0,0,0,6,1,0,Fiber optic,0,0,0,0,1,0,Month-to-month,1,Credit card (automatic),80.5,463.05,2.646285339
9840-EFJQB,0,Female,0,0,0,1,1,0,Fiber optic,0,1,0,0,0,0,Month-to-month,0,Electronic check,74.35,74.35,2.444115713
9842-EFSYY,0,Female,0,0,1,4,0,0,DSL,1,1,1,0,1,1,Month-to-month,1,Mailed check,57.2,223.75,1.88034188
9844-FELAJ,0,Female,1,1,1,70,1,1,Fiber optic,0,1,1,1,1,1,One year,1,Electronic check,107.9,7475.85,3.547008547
9845-PEEKO,0,Female,1,0,0,59,1,1,Fiber optic,0,1,0,0,0,0,Two year,1,Credit card (automatic),79.2,4590.35,2.603550296
9845-QOMAD,0,Male,0,1,1,14,1,0,No,0,0,0,0,0,0,One year,0,Mailed check,19.75,309.35,0.649243918
9846-GKXAS,1,Female,0,0,0,9,1,0,Fiber optic,0,0,0,0,1,1,Month-to-month,1,Bank transfer (automatic),90.8,809.75,2.984878369
9847-HNVGP,0,Male,0,0,0,17,1,0,No,0,0,0,0,0,0,One year,0,Mailed check,19.95,310.6,0.65581854
9848-JQJTX,0,Male,0,0,0,72,1,1,Fiber optic,0,1,1,0,1,1,Two year,1,Bank transfer (automatic),100.9,7459.05,3.316896778
9850-OWRHQ,1,Female,0,1,0,3,1,1,Fiber optic,0,0,0,0,0,0,Month-to-month,1,Credit card (automatic),74.1,228,2.435897436
9851-KIELU,1,Male,0,0,0,10,1,0,Fiber optic,1,1,1,1,1,1,Month-to-month,1,Electronic check,110.1,1043.3,3.619329389
9851-QXEEQ,1,Male,0,0,0,41,1,1,Fiber optic,0,1,1,0,1,1,Month-to-month,1,Electronic check,104.7,4346.4,3.441814596
9853-JFZDU,0,Female,0,1,0,35,1,0,DSL,0,1,0,1,0,0,Month-to-month,0,Electronic check,56.85,1861.1,1.868836292
9860-LISIZ,0,Female,0,0,0,34,1,0,No,0,0,0,0,0,0,Month-to-month,0,Mailed check,20.35,673.2,0.668967784
9861-PDSZP,0,Female,0,0,0,72,1,1,Fiber optic,0,1,1,1,1,1,Two year,1,Credit card (automatic),108.05,7806.6,3.551939513
9862-KJTYK,0,Male,0,0,1,19,0,0,DSL,0,0,0,0,0,0,Month-to-month,1,Credit card (automatic),25.35,566.1,0.833333333
9863-JZAIC,1,Male,0,0,0,35,1,0,DSL,0,0,0,0,1,0,Month-to-month,0,Mailed check,55,2010.55,1.808021039
9866-OCCKE,0,Female,1,1,0,72,1,1,Fiber optic,1,0,1,1,1,1,Two year,1,Mailed check,109.75,8075.35,3.6078238
9866-QEVEE,1,Male,0,0,0,19,1,1,Fiber optic,0,0,0,0,0,1,Month-to-month,1,Bank transfer (automatic),86,1532.45,2.827087442
9867-JCZSP,0,Female,0,1,1,17,1,0,No,0,0,0,0,0,0,One year,0,Mailed check,20.75,418.25,0.682117028
9867-NNXLC,0,Female,0,0,0,22,1,0,No,0,0,0,0,0,0,Month-to-month,1,Mailed check,20.05,470.2,0.659105851
9867-XOBQA,0,Female,0,0,1,21,0,0,DSL,1,1,1,1,1,0,Two year,0,Mailed check,53.15,1183.2,1.747205786
9871-ELEYA,0,Female,0,0,1,34,1,0,DSL,1,0,1,1,1,0,Two year,0,Credit card (automatic),67.65,2339.3,2.223865878
9873-MNDKV,0,Female,0,0,0,11,1,0,DSL,0,0,0,0,0,0,Month-to-month,1,Mailed check,44.65,472.25,1.467784352
9874-QLCLH,1,Female,0,1,1,17,1,1,Fiber optic,1,0,1,0,1,1,Month-to-month,1,Electronic check,104.2,1743.5,3.425378041
9878-TNQGW,1,Male,0,0,0,2,1,0,Fiber optic,0,0,0,0,0,1,Month-to-month,1,Electronic check,80.95,171.15,2.661078238
9880-TDQAC,0,Female,0,1,1,72,0,0,DSL,0,1,1,1,1,1,Two year,1,Electronic check,60,4264,1.972386588
9881-VCZEP,0,Female,0,1,0,25,1,1,DSL,0,1,0,0,0,0,Month-to-month,0,Electronic check,54.1,1373,1.77843524
9885-AIBVB,0,Male,0,1,0,29,1,1,Fiber optic,0,1,1,0,0,0,Month-to-month,1,Electronic check,85.8,2440.25,2.820512821
9885-CSMWE,1,Female,1,0,0,1,1,0,Fiber optic,0,0,0,0,1,0,Month-to-month,0,Electronic check,78.45,78.45,2.578895464
9885-MFVSU,0,Female,0,1,1,35,0,0,DSL,1,0,0,1,1,0,Two year,1,Credit card (automatic),46.35,1662.05,1.523668639
9888-ZCUMM,0,Male,0,1,1,64,0,0,DSL,1,0,1,1,1,1,Two year,1,Bank transfer (automatic),60.05,3845.45,1.974030243
9889-TMAHG,1,Male,1,0,0,8,1,0,Fiber optic,1,0,0,1,1,1,Month-to-month,0,Credit card (automatic),100.3,832.35,3.297172913
9891-NQDBD,0,Female,0,1,0,28,1,1,No,0,0,0,0,0,0,One year,0,Mailed check,25.55,672.2,0.839907955
9894-EZEWG,1,Female,0,0,0,1,1,0,Fiber optic,0,1,0,0,0,0,Month-to-month,1,Credit card (automatic),74.3,74.3,2.442472058
9894-QMIMJ,0,Female,0,0,0,23,1,0,DSL,0,1,1,0,0,0,One year,0,Bank transfer (automatic),55.8,1327.85,1.834319527
9895-VFOXH,0,Female,0,0,0,1,0,0,DSL,0,0,0,0,0,0,Month-to-month,0,Mailed check,24.4,24.4,0.802103879
9896-UYMIE,0,Male,0,0,0,66,1,1,Fiber optic,1,1,1,1,1,1,One year,1,Bank transfer (automatic),114.3,7383.7,3.75739645
9897-KXHCM,1,Female,0,1,1,3,1,0,Fiber optic,0,0,0,0,0,1,Month-to-month,1,Electronic check,80.3,250.05,2.639710717
9898-KZQDZ,1,Female,1,1,1,40,1,1,Fiber optic,0,0,0,0,1,1,Month-to-month,1,Credit card (automatic),94.55,3640.45,3.108152531
9903-LYSAB,0,Male,0,1,0,18,1,1,Fiber optic,0,0,0,0,0,0,Month-to-month,1,Electronic check,73.15,1305.95,2.404667982
9904-EHEVJ,0,Female,1,1,1,32,1,1,Fiber optic,0,0,1,0,1,0,Month-to-month,1,Mailed check,91.35,2896.55,3.00295858
9906-NHHVC,0,Female,1,0,0,65,0,0,DSL,0,1,1,0,1,1,Two year,1,Bank transfer (automatic),53.5,3517.9,1.758711374
9907-SWKKF,1,Female,1,0,0,1,0,0,DSL,0,0,0,0,0,0,Month-to-month,0,Mailed check,25.05,25.05,0.8234714
9909-DFRJA,0,Female,0,0,0,26,1,0,Fiber optic,1,0,1,1,0,1,One year,1,Bank transfer (automatic),95.85,2475.35,3.150887574
9909-IDLEK,0,Male,0,1,1,20,1,1,Fiber optic,0,1,0,1,1,0,Month-to-month,0,Mailed check,96.8,1826.7,3.182117028
9912-GVSEQ,1,Female,1,1,0,26,1,1,Fiber optic,0,1,1,0,0,1,Month-to-month,1,Electronic check,93.85,2381.55,3.085141354
9912-OMZDS,0,Female,0,1,1,59,1,1,Fiber optic,0,1,1,0,1,1,One year,1,Electronic check,106.15,6256.2,3.489480605
9916-AYHTC,0,Male,0,0,0,48,1,0,No,0,0,0,0,0,0,Two year,0,Credit card (automatic),19.85,916,0.652531229
9917-KWRBE,0,Female,0,1,1,41,1,1,DSL,1,1,1,0,1,0,One year,1,Credit card (automatic),78.35,3211.2,2.575608153
9919-FZDED,0,Male,1,1,0,72,1,1,DSL,1,1,1,0,1,1,Two year,1,Credit card (automatic),84.1,5981.65,2.764628534
9919-KNPOO,0,Female,0,1,0,21,1,1,Fiber optic,0,0,0,0,1,1,Month-to-month,1,Electronic check,94.3,1948.35,3.099934254
9919-YLNNG,0,Female,0,0,0,42,1,0,Fiber optic,0,1,1,1,1,1,Month-to-month,1,Bank transfer (automatic),103.8,4327.5,3.412228797
9921-EZKBY,0,Male,0,0,1,33,1,1,Fiber optic,1,0,1,0,0,1,Month-to-month,1,Bank transfer (automatic),95.3,3275.15,3.132807364
9921-QFQUL,0,Female,0,1,0,23,1,1,Fiber optic,0,0,1,0,0,1,Month-to-month,0,Mailed check,90.15,2044.95,2.963510848
9921-ZVRHG,1,Female,0,0,0,14,1,1,Fiber optic,0,0,1,0,0,0,Month-to-month,1,Electronic check,80.45,1072,2.644641683
9924-JPRMC,0,Male,0,0,0,72,1,1,Fiber optic,1,1,1,1,1,1,Two year,1,Electronic check,118.2,8547.15,3.885601578
9926-PJHDQ,0,Female,0,1,1,72,1,1,DSL,0,0,1,0,1,1,Two year,1,Bank transfer (automatic),76.8,5468.45,2.524654832
9927-DSWDF,0,Male,0,1,0,22,1,0,Fiber optic,1,1,0,1,1,1,Month-to-month,1,Electronic check,104.6,2180.55,3.438527285
9928-BZVLZ,0,Female,0,0,0,12,0,0,DSL,1,0,1,1,0,1,Two year,0,Mailed check,49.85,552.1,1.638724523
9929-PLVPA,0,Female,0,0,1,4,1,0,No,0,0,0,0,0,0,Month-to-month,0,Credit card (automatic),20.4,94.5,0.67061144
9931-DCEZH,0,Male,0,0,1,28,1,0,DSL,0,1,0,1,0,0,One year,1,Credit card (automatic),54.4,1516.6,1.788297173
9931-KGHOA,0,Female,0,1,0,46,1,1,DSL,1,0,0,0,0,0,Month-to-month,0,Bank transfer (automatic),55,2473.95,1.808021039
9932-WBWIK,0,Male,0,0,0,11,1,0,No,0,0,0,0,0,0,Month-to-month,0,Mailed check,20.35,215.25,0.668967784
9933-QRGTX,0,Female,0,1,0,60,1,0,Fiber optic,1,0,0,1,1,1,Two year,1,Electronic check,97.2,5611.75,3.195266272
9938-EKRGF,0,Female,0,0,0,15,1,0,DSL,1,1,1,1,1,1,Month-to-month,0,Mailed check,84.45,1287.85,2.776134122
9938-PRCVK,0,Female,0,1,1,41,1,0,No,0,0,0,0,0,0,Two year,0,Bank transfer (automatic),19.7,804.25,0.647600263
9938-TKDGL,0,Male,0,1,1,68,1,0,Fiber optic,1,0,0,1,1,1,Two year,1,Electronic check,99.55,6668,3.27251808
9938-ZREHM,0,Female,0,1,0,37,1,1,DSL,0,1,0,1,0,1,One year,0,Mailed check,72.1,2658.4,2.370151216
9940-HPQPG,1,Female,0,1,0,9,1,1,Fiber optic,1,1,1,0,0,0,Month-to-month,0,Bank transfer (automatic),91.75,865.8,3.016107824
9940-RHLFB,1,Female,0,0,0,1,1,0,Fiber optic,0,0,1,0,0,0,Month-to-month,0,Electronic check,75.3,75.3,2.475345168
9943-VSZUV,0,Male,1,0,0,67,1,1,Fiber optic,0,0,0,0,0,0,Month-to-month,1,Mailed check,75.7,5060.85,2.488494412
9944-AEXBM,0,Male,0,0,0,32,1,1,Fiber optic,0,0,0,0,0,1,Month-to-month,1,Bank transfer (automatic),85.65,2664.3,2.815581854
9944-HKVVB,1,Female,0,0,0,3,1,0,Fiber optic,0,1,0,0,1,1,Month-to-month,1,Electronic check,95.1,307.4,3.126232742
9945-PSVIP,0,Female,0,1,1,25,1,0,No,0,0,0,0,0,0,Two year,1,Mailed check,18.7,383.65,0.614727153
9947-OTFQU,1,Male,1,0,0,15,1,0,Fiber optic,0,1,0,0,0,0,Month-to-month,1,Electronic check,74.4,1074.3,2.445759369
9948-YPTDG,1,Male,0,1,0,38,1,0,Fiber optic,1,1,0,0,0,0,Month-to-month,1,Electronic check,79.45,3013.05,2.611768573
9950-MTGYX,0,Male,0,1,1,28,1,0,No,0,0,0,0,0,0,Two year,1,Credit card (automatic),20.3,487.95,0.667324129
9953-ZMKSM,0,Male,0,0,0,63,1,1,No,0,0,0,0,0,0,Two year,0,Mailed check,25.25,1559.3,0.830046022
9955-QOPOY,0,Male,0,1,0,69,0,0,DSL,0,1,1,1,1,1,One year,1,Credit card (automatic),60.8,4263.4,1.998685076
9957-YODKZ,0,Male,1,1,0,6,1,1,Fiber optic,0,0,1,0,0,0,Month-to-month,1,Electronic check,80.8,457.1,2.656147272
9958-MEKUC,0,Male,0,1,1,72,1,1,Fiber optic,1,1,1,1,0,1,Two year,0,Credit card (automatic),103.95,7517.7,3.417159763
9959-WOFKT,0,Male,0,0,1,71,1,1,Fiber optic,1,0,1,0,1,1,Two year,0,Bank transfer (automatic),106.7,7382.25,3.507560815
9961-JBNMK,1,Male,1,0,0,21,1,0,Fiber optic,0,0,1,0,1,1,Month-to-month,1,Bank transfer (automatic),96.8,2030.3,3.182117028
9962-BFPDU,0,Female,0,1,1,1,1,0,No,0,0,0,0,0,0,Month-to-month,0,Mailed check,20.05,20.05,0.659105851
9964-WBQDJ,0,Female,0,1,0,71,1,1,No,0,0,0,0,0,0,Two year,1,Credit card (automatic),24.4,1725.4,0.802103879
9965-YOKZB,1,Male,1,0,0,9,1,1,Fiber optic,0,0,0,0,0,1,Month-to-month,1,Electronic check,83.85,790.15,2.756410256
9967-ATRFS,0,Female,0,0,0,19,1,0,No,0,0,0,0,0,0,Month-to-month,0,Mailed check,19.9,367.55,0.654174885
9968-FFVVH,0,Male,0,0,0,63,1,1,DSL,1,1,1,1,0,0,One year,0,Bank transfer (automatic),68.8,4111.35,2.261669954
9970-QBCDA,0,Female,0,0,0,6,1,0,No,0,0,0,0,0,0,Month-to-month,0,Credit card (automatic),19.7,129.55,0.647600263
9971-ZWPBF,0,Male,1,1,1,34,1,1,Fiber optic,0,1,1,1,1,1,Month-to-month,1,Electronic check,108.9,3625.2,3.579881657
9972-EWRJS,0,Female,0,1,1,67,1,0,No,0,0,0,0,0,0,Two year,1,Bank transfer (automatic),19.25,1372.9,0.632807364
9972-NKTFD,0,Female,0,0,0,28,1,0,DSL,0,1,0,1,0,0,Month-to-month,0,Bank transfer (automatic),54.65,1517.5,1.79651545
9972-VAFJJ,0,Female,1,1,0,53,1,0,Fiber optic,0,1,1,1,1,0,One year,1,Electronic check,94,4871.45,3.090072321
9974-JFBHQ,0,Male,0,0,1,64,1,0,Fiber optic,0,1,0,1,1,1,Month-to-month,1,Credit card (automatic),99.15,6171.2,3.259368836
9975-GPKZU,0,Male,0,1,1,46,1,0,No,0,0,0,0,0,0,Two year,0,Credit card (automatic),19.75,856.5,0.649243918
9975-SKRNR,0,Male,0,0,0,1,1,0,No,0,0,0,0,0,0,Month-to-month,0,Mailed check,18.9,18.9,0.621301775
9978-HYCIN,0,Male,1,1,1,47,1,0,Fiber optic,0,1,0,0,1,0,One year,1,Bank transfer (automatic),84.95,4018.05,2.792570677
9979-RGMZT,0,Female,0,0,0,7,1,0,Fiber optic,0,1,0,0,1,1,One year,1,Mailed check,94.05,633.45,3.091715976
9985-MWVIX,1,Female,0,0,0,1,1,0,Fiber optic,0,0,0,0,0,0,Month-to-month,1,Mailed check,70.15,70.15,2.306048652
9986-BONCE,1,Female,0,0,0,4,1,0,No,0,0,0,0,0,0,Month-to-month,0,Bank transfer (automatic),20.95,85.5,0.68869165
9987-LUTYD,0,Female,0,0,0,13,1,0,DSL,1,0,0,1,0,0,One year,0,Mailed check,55.15,742.9,1.812952005
9992-RRAMN,1,Male,0,1,0,22,1,1,Fiber optic,0,0,0,0,0,1,Month-to-month,1,Electronic check,85.1,1873.7,2.797501644
9992-UJOEL,0,Male,0,0,0,2,1,0,DSL,0,1,0,0,0,0,Month-to-month,1,Mailed check,50.3,92.75,1.653517423
9993-LHIEB,0,Male,0,1,1,67,1,0,DSL,1,0,1,1,0,1,Two year,0,Mailed check,67.85,4627.65,2.2304405
9995-HOTOH,0,Male,0,1,1,63,0,0,DSL,1,1,1,0,1,1,Two year,0,Electronic check,59,3707.6,1.939513478
